{"X": [[20.65804672241211], [-0.7402927279472351], [16.33139991760254], [-3.051257848739624], [-43.62918472290039], [3.5102570056915283], [-66.98275756835938], [16.4880313873291], [16.62942123413086], [22.81222915649414], [16.036714553833008], [50.54227828979492]], "Y": [[0], [0], [0], [0], [0], [0], [0], [0], [0], [0], [0], [0]]}