{"X": [[17.575651168823242], [34.111572265625], [21.56228256225586], [35.24490737915039], [74.28706359863281], [25.608400344848633], [223.53933715820312], [20.571022033691406], [20.443613052368164], [15.529801368713379], [21.468894958496094], [-5.897029876708984]], "Y": [[0], [0], [0], [0], [0], [0], [-1], [0], [0], [0], [0], [0]]}