{"X": [[58.25215148925781], [84.15824890136719], [54.69906234741211], [71.83441925048828], [235.30934143066406], [67.12442779541016], [1411.22216796875], [50.90559768676758], [50.97132110595703], [58.097877502441406], [52.698917388916016], [106.40658569335938]], "Y": [[0], [0], [0], [0], [0], [0], [-1], [0], [0], [0], [0], [0]]}