{"X": [[-6.235481262207031], [4.559626579284668], [-7.608569622039795], [-1.047083854675293], [68.42117309570312], [0.42574378848075867], [509.1308898925781], [-9.063924789428711], [-8.971287727355957], [-6.136512279510498], [-8.544408798217773], [36.56474685668945]], "Y": [[0], [0], [0], [0], [0], [0], [-1], [0], [0], [0], [0], [0]]}