{"X": [[42.47285079956055], [36.97222900390625], [44.06523895263672], [39.17816925048828], [8.578756332397461], [38.78152084350586], [-335.4617614746094], [44.409915924072266], [44.343997955322266], [42.463233947753906], [44.16270446777344], [-194.98345947265625]], "Y": [[0], [0], [0], [0], [0], [0], [1], [0], [0], [0], [0], [1]]}