{"X": [[55.24154281616211], [72.81512451171875], [53.24336242675781], [64.65027618408203], [172.0615234375], [62.582454681396484], [985.6051635742188], [50.82209777832031], [50.88994216918945], [55.164222717285156], [51.8858757019043], [92.69878387451172]], "Y": [[0], [0], [0], [0], [0], [0], [-1], [0], [0], [0], [0], [0]]}