{"X": [[-22.048175811767578], [-51.19639205932617], [-23.99925994873047], [-46.92774963378906], [-163.55979919433594], [-35.19805908203125], [-1030.9984130859375], [-21.503297805786133], [-21.434085845947266], [-19.582090377807617], [-23.07710838317871], [-210.95083618164062]], "Y": [[0], [0], [0], [0], [0], [0], [-1], [0], [0], [0], [0], [0]]}