{"X": [[54.60343551635742], [28.346805572509766], [56.24372863769531], [36.35774612426758], [-88.38644409179688], [42.209590911865234], [-1168.346923828125], [58.58344268798828], [58.47559356689453], [56.213035583496094], [57.03218078613281], [-397.47845458984375]], "Y": [[0], [0], [0], [0], [0], [0], [-1], [0], [0], [0], [0], [0]]}