{"X": [[16.551889419555664], [25.23874855041504], [19.37523651123047], [26.88962173461914], [47.62643051147461], [19.66523551940918], [128.67906188964844], [18.51337242126465], [18.393211364746094], [15.361860275268555], [19.109275817871094], [46.371002197265625]], "Y": [[0], [0], [0], [0], [0], [0], [-1], [0], [0], [0], [0], [0]]}