{"X": [[-34.96446990966797], [60.9860725402832], [-24.051347732543945], [51.497222900390625], [366.3330078125], [20.436567306518555], [1999.59130859375], [-29.289005279541016], [-29.67313003540039], [-42.973575592041016], [-24.876127243041992], [88.91181945800781]], "Y": [[0], [0], [0], [0], [0], [0], [-1], [0], [0], [0], [0], [0]]}