{"X": [[37.60478591918945], [12.755463600158691], [32.21272277832031], [10.648594856262207], [-38.381553649902344], [21.483259201049805], [-110.41755676269531], [32.61101150512695], [32.84790802001953], [40.63996887207031], [31.548587799072266], [-12.650273323059082]], "Y": [[0], [0], [0], [0], [0], [0], [-1], [0], [0], [0], [0], [0]]}