{"X": [[42.27079772949219], [22.226408004760742], [30.339563369750977], [11.455360412597656], [55.96302032470703], [22.612592697143555], [830.5404663085938], [28.072296142578125], [28.4103946685791], [46.00525665283203], [28.10708999633789], [336.14422607421875]], "Y": [[0], [0], [0], [0], [0], [0], [-1], [0], [0], [0], [0], [0]]}