{"X": [[52.67981719970703], [43.2986946105957], [49.981834411621094], [40.16911315917969], [34.98331832885742], [45.63846206665039], [-79.19768524169922], [49.55998992919922], [49.65519332885742], [54.725833892822266], [49.28730010986328], [-310.283203125]], "Y": [[0], [0], [0], [0], [0], [0], [0], [0], [0], [0], [0], [-1]]}