{"X": [[56.52642059326172], [27.818294525146484], [55.908958435058594], [33.74373245239258], [-100.00560760498047], [39.91202163696289], [-935.4605102539062], [58.81697082519531], [58.8185920715332], [58.345619201660156], [57.296993255615234], [-238.32064819335938]], "Y": [[0], [0], [0], [0], [0], [0], [-1], [0], [0], [0], [0], [0]]}