{"X": [[13.492323875427246], [25.89772605895996], [17.0969181060791], [29.27086639404297], [50.50159454345703], [20.52751350402832], [199.1375732421875], [16.659133911132812], [16.52733612060547], [11.330107688903809], [17.097761154174805], [132.52206420898438]], "Y": [[0], [0], [0], [0], [0], [0], [1], [0], [0], [0], [0], [1]]}