{"X": [[47.86711502075195], [57.43339157104492], [45.88691329956055], [51.68085861206055], [120.20533752441406], [51.385066986083984], [567.1751708984375], [44.468387603759766], [44.494686126708984], [48.53349685668945], [44.963287353515625], [-171.5485076904297]], "Y": [[0], [0], [0], [0], [0], [0], [-1], [0], [0], [0], [0], [0]]}