{"X": [[241.2371826171875], [191.47525024414062], [232.45632934570312], [196.1167755126953], [64.83942413330078], [208.18064880371094], [-756.2913208007812], [233.60877990722656], [233.8441925048828], [247.0457305908203], [231.3411102294922], [-980.1547241210938]], "Y": [[0], [0], [0], [0], [0], [0], [1], [0], [0], [0], [0], [1]]}