{"X": [[-5.532559394836426], [22.166086196899414], [-11.726391792297363], [6.30804967880249], [192.4960174560547], [4.676808834075928], [1589.3587646484375], [-15.657541275024414], [-15.480438232421875], [-6.085144996643066], [-13.740893363952637], [147.38339233398438]], "Y": [[0], [0], [0], [0], [0], [0], [-1], [0], [0], [0], [0], [0]]}