{"X": [[-8.031576156616211], [-26.966089248657227], [-7.349267959594727], [-19.077373504638672], [-110.26885223388672], [-17.967632293701172], [-522.8688354492188], [-5.812952518463135], [-5.850847244262695], [-7.4782795906066895], [-6.731410503387451], [266.0912780761719]], "Y": [[0], [0], [0], [0], [0], [0], [-1], [0], [0], [0], [0], [0]]}