{"X": [[20.465829849243164], [-14.007286071777344], [18.602222442626953], [-5.0796051025390625], [-142.2542724609375], [1.2239177227020264], [-705.7567749023438], [21.058319091796875], [21.112321853637695], [22.897722244262695], [19.394786834716797], [217.09877014160156]], "Y": [[0], [0], [0], [0], [0], [0], [-1], [0], [0], [0], [0], [0]]}