{"X": [[-65.10210418701172], [-86.36489868164062], [-68.45560455322266], [-89.82841491699219], [-146.2091064453125], [-77.6694564819336], [-766.634765625], [-67.72733306884766], [-67.59856414794922], [-62.558876037597656], [-68.38186645507812], [-320.030517578125]], "Y": [[0], [0], [0], [0], [0], [0], [-1], [0], [0], [0], [0], [0]]}