{"X": [[-10.628854751586914], [-18.699987411499023], [-1.0977591276168823], [1.5750706195831299], [-145.80714416503906], [-8.87346363067627], [-1074.2606201171875], [2.6611807346343994], [2.332720994949341], [-13.307909965515137], [1.5989512205123901], [215.1522216796875]], "Y": [[0], [0], [0], [0], [0], [0], [-1], [0], [0], [0], [0], [0]]}