{"X": [[-51.33707046508789], [-69.6800537109375], [-51.06083679199219], [-63.70267868041992], [-153.61611938476562], [-62.47726821899414], [-701.1536254882812], [-49.30561447143555], [-49.329471588134766], [-50.740684509277344], [-50.03862380981445], [34.56060028076172]], "Y": [[0], [0], [0], [0], [0], [0], [-1], [0], [0], [0], [0], [0]]}