{"X": [[-44.18504333496094], [-15.472123146057129], [-37.530006408691406], [-13.429417610168457], [49.03696823120117], [-22.789997100830078], [243.62777709960938], [-38.18547439575195], [-38.43039321899414], [-47.00678253173828], [-37.24846649169922], [242.3789825439453]], "Y": [[0], [0], [0], [0], [0], [0], [1], [0], [0], [0], [0], [1]]}