{"X": [[19.661251068115234], [28.798473358154297], [22.413087844848633], [31.622220993041992], [37.7734260559082], [24.439878463745117], [29.615774154663086], [22.345462799072266], [22.246381759643555], [17.76797866821289], [22.92085838317871], [59.90993881225586]], "Y": [[0], [0], [0], [0], [0], [0], [0], [0], [0], [0], [0], [-1]]}