{"X": [[-151.15884399414062], [-148.6766357421875], [-132.8274688720703], [-127.08009338378906], [-295.5063171386719], [-139.55491638183594], [-2344.880126953125], [-128.58534240722656], [-129.1647186279297], [-155.95999145507812], [-129.33905029296875], [-313.2540588378906]], "Y": [[0], [0], [0], [0], [0], [0], [-1], [0], [0], [0], [0], [0]]}