{"X": [[-147.5941162109375], [-105.78479766845703], [-129.11151123046875], [-88.68108367919922], [-104.93704986572266], [-115.66484832763672], [-408.7498474121094], [-127.04360961914062], [-127.63359832763672], [-155.72496032714844], [-125.86835479736328], [587.3662719726562]], "Y": [[0], [0], [0], [0], [0], [0], [0], [0], [0], [0], [0], [-1]]}