{"X": [[-100.95967102050781], [-83.53919219970703], [-86.61758422851562], [-69.73030090332031], [-138.41232299804688], [-83.07526397705078], [-1208.3310546875], [-84.44239044189453], [-84.83844757080078], [-106.37285614013672], [-84.39303588867188], [-124.58946990966797]], "Y": [[0], [0], [0], [0], [0], [0], [-1], [0], [0], [0], [0], [0]]}