{"X": [[45.67765426635742], [-32.79416275024414], [33.727867126464844], [-28.934934616088867], [-256.4249572753906], [-0.8345187306404114], [-1365.689697265625], [37.345882415771484], [37.74022674560547], [53.46067810058594], [33.771202087402344], [-165.86505126953125]], "Y": [[0], [0], [0], [0], [0], [0], [-1], [0], [0], [0], [0], [0]]}