{"X": [[-46.59465026855469], [-1.9400277137756348], [-37.87301254272461], [0.0720333382487297], [99.90133666992188], [-16.56431007385254], [560.8919067382812], [-38.87001419067383], [-39.133056640625], [-51.79546356201172], [-37.167083740234375], [200.008544921875]], "Y": [[0], [0], [0], [0], [0], [0], [-1], [0], [0], [0], [0], [0]]}