{"X": [[-0.5398774147033691], [15.55308723449707], [3.4321224689483643], [18.525867462158203], [45.61082458496094], [9.942715644836426], [136.72654724121094], [3.1747875213623047], [3.0240371227264404], [-2.960470676422119], [3.7789108753204346], [97.33892822265625]], "Y": [[0], [0], [0], [0], [0], [0], [1], [0], [0], [0], [0], [1]]}