{"X": [[-35.53940200805664], [-26.618507385253906], [-31.08782196044922], [-20.768735885620117], [-36.32356643676758], [-27.374839782714844], [-103.74371337890625], [-30.168888092041016], [-30.31022071838379], [-37.502201080322266], [-30.070505142211914], [263.40155029296875]], "Y": [[0], [0], [0], [0], [0], [0], [0], [0], [0], [0], [0], [-1]]}