{"X": [[2.5338919162750244], [-30.766613006591797], [0.6551486849784851], [-24.330249786376953], [-159.5725555419922], [-16.415422439575195], [-791.7192993164062], [3.534914493560791], [3.579232692718506], [4.936618804931641], [1.8473371267318726], [20.15184783935547]], "Y": [[0], [0], [0], [0], [0], [0], [-1], [0], [0], [0], [0], [0]]}