{"X": [[54.472740173339844], [50.03144073486328], [58.13703536987305], [58.979923248291016], [-1.461928367614746], [53.64299011230469], [-324.7223205566406], [59.37742233276367], [59.25995635986328], [53.61785888671875], [58.834136962890625], [61.4997444152832]], "Y": [[0], [0], [0], [0], [0], [0], [-1], [0], [0], [0], [0], [0]]}