{"X": [[49.498817443847656], [45.445011138916016], [40.81140899658203], [33.19866943359375], [116.538818359375], [41.71524429321289], [895.9122314453125], [38.333316802978516], [38.61186218261719], [52.484527587890625], [38.656864166259766], [-66.49081420898438]], "Y": [[0], [0], [0], [0], [0], [0], [-1], [0], [0], [0], [0], [0]]}