{"X": [[-188.03041076660156], [-150.6446990966797], [-177.22340393066406], [-144.93690490722656], [-98.84265899658203], [-163.43466186523438], [76.68502044677734], [-177.15524291992188], [-177.47149658203125], [-194.3699493408203], [-175.52130126953125], [551.0021362304688]], "Y": [[0], [0], [0], [0], [0], [0], [0], [0], [0], [0], [0], [-1]]}