{"X": [[24.701122283935547], [17.54574203491211], [21.229446411132812], [12.585368156433105], [25.947006225585938], [18.195812225341797], [-0.2597815692424774], [20.539798736572266], [20.62103271484375], [26.633583068847656], [20.412580490112305], [-252.92144775390625]], "Y": [[0], [0], [0], [0], [0], [0], [0], [0], [0], [0], [0], [-1]]}