{"X": [[-35.804630279541016], [-51.83500671386719], [-36.734710693359375], [-46.111515045166016], [-126.46192169189453], [-44.126808166503906], [-339.2173156738281], [-34.907711029052734], [-34.8145751953125], [-35.91999435424805], [-35.59803009033203], [288.7911376953125]], "Y": [[0], [0], [0], [0], [0], [0], [0], [0], [0], [0], [0], [-1]]}