{"X": [[-178.78848266601562], [-142.18727111816406], [-169.32371520996094], [-139.50474548339844], [-69.2611083984375], [-154.4249267578125], [98.52701568603516], [-170.29220581054688], [-170.5517120361328], [-184.2435760498047], [-168.69012451171875], [471.2790832519531]], "Y": [[0], [0], [0], [0], [0], [0], [0], [0], [0], [0], [0], [-1]]}