{"X": [[-193.83544921875], [-192.6182403564453], [-189.6310272216797], [-192.07887268066406], [-224.32180786132812], [-192.1437225341797], [-519.8941040039062], [-188.56951904296875], [-188.62049865722656], [-195.2772674560547], [-188.32383728027344], [382.94512939453125]], "Y": [[0], [0], [0], [0], [0], [0], [0], [0], [0], [0], [0], [-1]]}