{"X": [[-133.78163146972656], [-108.0798110961914], [-117.9426498413086], [-94.4504623413086], [-142.72535705566406], [-110.11892700195312], [-1154.988525390625], [-115.93619537353516], [-116.38385009765625], [-139.44485473632812], [-115.42566680908203], [-112.63430786132812]], "Y": [[0], [0], [0], [0], [0], [0], [-1], [0], [0], [0], [0], [0]]}