{"X": [[-56.77629089355469], [-28.178686141967773], [-58.90635681152344], [-37.13369369506836], [99.68777465820312], [-43.8883056640625], [1439.5987548828125], [-61.19118118286133], [-61.119815826416016], [-58.46975326538086], [-59.397430419921875], [615.3179931640625]], "Y": [[0], [0], [0], [0], [0], [0], [-1], [0], [0], [0], [0], [0]]}