{"X": [[-50.387237548828125], [-46.77979278564453], [-52.69628143310547], [-51.503746032714844], [-1.7720285654067993], [-50.57611083984375], [906.752685546875], [-53.976619720458984], [-53.87372970581055], [-50.620323181152344], [-53.27382278442383], [1025.6856689453125]], "Y": [[0], [0], [0], [0], [0], [0], [1], [0], [0], [0], [0], [1]]}