{"X": [[-128.7098388671875], [-63.561214447021484], [-110.23821258544922], [-55.255767822265625], [39.02018356323242], [-84.5469970703125], [2.925328016281128], [-110.71695709228516], [-111.31761169433594], [-137.99163818359375], [-108.15397644042969], [141.135009765625]], "Y": [[0], [0], [0], [0], [0], [0], [0], [0], [0], [0], [0], [0]]}