{"X": [[13.971125602722168], [33.41835403442383], [18.169769287109375], [34.97735595703125], [78.52342987060547], [25.950061798095703], [312.2605895996094], [17.57592010498047], [17.415645599365234], [12.061285972595215], [18.31854248046875], [101.3235855102539]], "Y": [[0], [0], [0], [0], [0], [0], [-1], [0], [0], [0], [0], [0]]}