{"X": [[148.60830688476562], [78.15702819824219], [129.30702209472656], [67.0226058959961], [-39.13252639770508], [101.11590576171875], [-468.1110534667969], [129.6342010498047], [130.26412963867188], [158.079345703125], [127.0025863647461], [-578.5164184570312]], "Y": [[0], [0], [0], [0], [0], [0], [1], [0], [0], [0], [0], [1]]}