{"X": [[-28.694028854370117], [-17.508220672607422], [-27.766559600830078], [-18.044628143310547], [21.075719833374023], [-22.796321868896484], [405.9139709472656], [-28.19266700744629], [-28.233442306518555], [-29.558929443359375], [-27.68512725830078], [112.9401626586914]], "Y": [[0], [0], [0], [0], [0], [0], [-1], [0], [0], [0], [0], [0]]}