{"X": [[43.63322448730469], [11.588187217712402], [37.42467498779297], [10.20232105255127], [-61.1286735534668], [22.321949005126953], [-334.23193359375], [38.227169036865234], [38.435611724853516], [47.51658248901367], [36.86996841430664], [-180.5279541015625]], "Y": [[0], [0], [0], [0], [0], [0], [-1], [0], [0], [0], [0], [0]]}