{"X": [[-21.092124938964844], [-31.477407455444336], [-23.357669830322266], [-32.68037414550781], [-59.733943939208984], [-27.012784957885742], [-303.6780700683594], [-23.023778915405273], [-22.911518096923828], [-19.897768020629883], [-23.450693130493164], [-170.4876708984375]], "Y": [[0], [0], [0], [0], [0], [0], [-1], [0], [0], [0], [0], [-1]]}