{"X": [[-42.18953323364258], [-24.51063346862793], [-36.122135162353516], [-18.340105056762695], [-17.18747329711914], [-27.764341354370117], [-27.860580444335938], [-34.979434967041016], [-35.211021423339844], [-45.0258674621582], [-34.567054748535156], [237.78524780273438]], "Y": [[0], [0], [0], [0], [0], [0], [0], [0], [0], [0], [0], [-1]]}