{"X": [[89.34358978271484], [79.4805908203125], [87.6929702758789], [78.58956146240234], [58.83095169067383], [85.17176818847656], [-305.6020812988281], [87.8973388671875], [87.9332504272461], [91.697509765625], [87.11432647705078], [-516.5294189453125]], "Y": [[0], [0], [0], [0], [0], [0], [1], [0], [0], [0], [0], [1]]}