{"X": [[21.865478515625], [47.73048782348633], [22.438365936279297], [42.61750411987305], [154.5141143798828], [34.852840423583984], [1007.9175415039062], [20.320650100708008], [20.248823165893555], [20.66271209716797], [21.68805694580078], [218.52963256835938]], "Y": [[0], [0], [0], [0], [0], [0], [-1], [0], [0], [0], [0], [0]]}