{"X": [[-176.3826141357422], [-101.03984832763672], [-160.5663604736328], [-101.14772033691406], [75.36016082763672], [-127.81266021728516], [575.6340942382812], [-162.98768615722656], [-163.4687957763672], [-185.34005737304688], [-159.6927490234375], [286.6099548339844]], "Y": [[0], [0], [0], [0], [0], [0], [-1], [0], [0], [0], [0], [0]]}