{"X": [[-80.27787780761719], [-87.63189697265625], [-76.0900650024414], [-78.18943786621094], [-167.11929321289062], [-80.85992431640625], [-799.4157104492188], [-73.69967651367188], [-73.84329223632812], [-81.72042846679688], [-74.31873321533203], [142.4619903564453]], "Y": [[0], [0], [0], [0], [0], [0], [-1], [0], [0], [0], [0], [0]]}