{"X": [[-42.07648849487305], [-17.101591110229492], [-35.85677719116211], [-13.270028114318848], [19.285587310791016], [-25.016990661621094], [199.87322998046875], [-35.430145263671875], [-35.65784454345703], [-45.228939056396484], [-34.52519226074219], [235.42596435546875]], "Y": [[0], [0], [0], [0], [0], [0], [1], [0], [0], [0], [0], [1]]}