{"X": [[40.2723503112793], [61.77155303955078], [35.26078414916992], [47.07656478881836], [216.01040649414062], [45.65420150756836], [1373.348876953125], [30.87200927734375], [30.994909286499023], [40.44684600830078], [32.66630554199219], [76.49968719482422]], "Y": [[0], [0], [0], [0], [0], [0], [-1], [0], [0], [0], [0], [0]]}