{"X": [[-248.36988830566406], [-222.7880096435547], [-229.583984375], [-204.2985076904297], [-284.164794921875], [-221.4363555908203], [-1373.6727294921875], [-226.46304321289062], [-227.01959228515625], [-255.42930603027344], [-226.2532501220703], [469.8874816894531]], "Y": [[0], [0], [0], [0], [0], [0], [-1], [0], [0], [0], [0], [0]]}