{"X": [[43.0638542175293], [5.595588684082031], [36.45224380493164], [6.8144941329956055], [-107.02057647705078], [20.066476821899414], [-587.2272338867188], [38.578857421875], [38.83800506591797], [46.46708297729492], [36.80049133300781], [-255.09854125976562]], "Y": [[0], [0], [0], [0], [0], [0], [-1], [0], [0], [0], [0], [0]]}