{"X": [[-35.482479095458984], [-14.348743438720703], [-29.59625244140625], [-10.672369003295898], [28.717113494873047], [-22.016921997070312], [190.58514404296875], [-30.265453338623047], [-30.462482452392578], [-38.434600830078125], [-29.348478317260742], [273.67474365234375]], "Y": [[0], [0], [0], [0], [0], [0], [1], [0], [0], [0], [0], [1]]}