{"X": [[-116.28054809570312], [-123.54537963867188], [-100.34248352050781], [-101.34571838378906], [-295.8713073730469], [-110.27411651611328], [-2264.61083984375], [-95.518310546875], [-95.98173522949219], [-120.3718032836914], [-96.76337432861328], [-221.4940185546875]], "Y": [[0], [0], [0], [0], [0], [0], [-1], [0], [0], [0], [0], [0]]}