{"X": [[15.216964721679688], [-47.558841705322266], [7.040800094604492], [-43.640350341796875], [-230.88417053222656], [-21.643465042114258], [-1166.1103515625], [9.863739967346191], [10.196152687072754], [20.75811767578125], [6.983457565307617], [-48.209991455078125]], "Y": [[0], [0], [0], [0], [0], [0], [-1], [0], [0], [0], [0], [0]]}