{"X": [[39.89152145385742], [29.906246185302734], [35.681922912597656], [26.536773681640625], [23.47162437438965], [33.8157844543457], [124.3935546875], [35.644081115722656], [35.80449295043945], [42.239418029785156], [35.081092834472656], [-216.97280883789062]], "Y": [[0], [0], [0], [0], [0], [0], [0], [0], [0], [0], [0], [-1]]}