{"X": [[-32.41078567504883], [-60.193359375], [-33.45989990234375], [-55.86614227294922], [-164.4823455810547], [-45.33707046508789], [-1133.2286376953125], [-31.429319381713867], [-31.387514114379883], [-29.980924606323242], [-32.997615814208984], [-349.07183837890625]], "Y": [[0], [0], [0], [0], [0], [0], [-1], [0], [0], [0], [0], [0]]}