{"X": [[24.226009368896484], [-5.963723182678223], [18.630756378173828], [-7.8522562980651855], [-73.39533233642578], [5.990723609924316], [-455.97760009765625], [19.187910079956055], [19.389728546142578], [27.7890625], [17.855327606201172], [-162.90521240234375]], "Y": [[0], [0], [0], [0], [0], [0], [-1], [0], [0], [0], [0], [0]]}