{"X": [[-56.20774841308594], [-56.31645202636719], [-53.96002197265625], [-51.23012161254883], [-87.82263946533203], [-53.9808235168457], [-133.4845733642578], [-52.646488189697266], [-52.690025329589844], [-57.13147735595703], [-52.929656982421875], [305.8766784667969]], "Y": [[0], [0], [0], [0], [0], [0], [0], [0], [0], [0], [0], [-1]]}