{"X": [[-29.02185821533203], [-28.497209548950195], [-32.52266311645508], [-31.157888412475586], [-15.245623588562012], [-27.095989227294922], [597.9918823242188], [-31.882104873657227], [-31.74671173095703], [-28.244890213012695], [-32.0831413269043], [448.90533447265625]], "Y": [[0], [0], [0], [0], [0], [0], [1], [0], [0], [0], [0], [1]]}