{"X": [[32.67647933959961], [9.522871971130371], [26.657222747802734], [7.211052894592285], [-42.07912826538086], [18.498594284057617], [-235.47967529296875], [27.629703521728516], [27.822874069213867], [36.060550689697266], [26.41702651977539], [-223.48153686523438]], "Y": [[0], [0], [0], [0], [0], [0], [1], [0], [0], [0], [0], [1]]}