{"X": [[-79.88758850097656], [-39.09136962890625], [-71.80804443359375], [-38.40165328979492], [69.19841766357422], [-53.519264221191406], [463.90313720703125], [-73.50873565673828], [-73.82258605957031], [-83.95240020751953], [-71.66978454589844], [331.6573791503906]], "Y": [[0], [0], [0], [0], [0], [0], [1], [0], [0], [0], [0], [1]]}