{"X": [[-70.12727355957031], [-64.45349884033203], [-70.0738296508789], [-64.00098419189453], [-55.01008987426758], [-64.62435913085938], [297.7257385253906], [-69.53437805175781], [-69.49838256835938], [-70.90960693359375], [-69.41559600830078], [467.45098876953125]], "Y": [[0], [0], [0], [0], [0], [0], [1], [0], [0], [0], [0], [1]]}