{"X": [[-140.68551635742188], [-127.24291229248047], [-135.90841674804688], [-123.95580291748047], [-127.97135925292969], [-131.88307189941406], [97.76335906982422], [-134.86135864257812], [-135.00537109375], [-143.71282958984375], [-134.15599060058594], [652.565673828125]], "Y": [[0], [0], [0], [0], [0], [0], [0], [0], [0], [0], [0], [-1]]}