{"X": [[-15.451468467712402], [-11.43077278137207], [-13.30471420288086], [-8.469155311584473], [-17.46785545349121], [-11.243697166442871], [-148.12464904785156], [-12.831731796264648], [-12.907723426818848], [-16.89130401611328], [-12.704059600830078], [115.35309600830078]], "Y": [[0], [0], [0], [0], [0], [0], [-1], [0], [0], [0], [0], [-1]]}