{"X": [[-60.70651626586914], [-41.566593170166016], [-56.13442611694336], [-42.11405944824219], [-6.1178879737854], [-47.599876403808594], [-142.3512420654297], [-56.592952728271484], [-56.70539855957031], [-62.8434944152832], [-55.84722137451172], [-218.58920288085938]], "Y": [[0], [0], [0], [0], [0], [0], [1], [0], [0], [0], [0], [1]]}