{"X": [[146.84884643554688], [122.60264587402344], [131.82423400878906], [108.95886993408203], [157.18478393554688], [124.51338958740234], [986.1344604492188], [129.7679443359375], [130.25234985351562], [152.666015625], [129.43887329101562], [-209.53436279296875]], "Y": [[0], [0], [0], [0], [0], [0], [-1], [0], [0], [0], [0], [0]]}