{"X": [[18.23225212097168], [34.5672721862793], [20.361642837524414], [32.94855499267578], [92.51043701171875], [27.769561767578125], [416.45574951171875], [19.083330154418945], [19.02159309387207], [16.723060607910156], [19.761110305786133], [101.47801971435547]], "Y": [[0], [0], [0], [0], [0], [0], [-1], [0], [0], [0], [0], [0]]}