{"X": [[46.246246337890625], [36.883270263671875], [53.02657699584961], [51.68056869506836], [-62.58006286621094], [45.81132125854492], [-917.0123901367188], [55.59356689453125], [55.34238815307617], [44.86186599731445], [54.41557693481445], [-58.74998092651367]], "Y": [[0], [0], [0], [0], [0], [0], [-1], [0], [0], [0], [0], [0]]}