{"X": [[173.73155212402344], [98.62358856201172], [156.26165771484375], [94.73045349121094], [-64.61853790283203], [122.52120208740234], [-393.7522888183594], [158.23724365234375], [158.7402801513672], [182.89089965820312], [155.31234741210938], [-223.81495666503906]], "Y": [[0], [0], [0], [0], [0], [0], [0], [0], [0], [0], [0], [0]]}