{"X": [[-100.09699249267578], [-85.638916015625], [-85.25780487060547], [-67.01757049560547], [-158.1553192138672], [-84.7078857421875], [-1010.7327880859375], [-82.54586029052734], [-83.00749206542969], [-105.29442596435547], [-82.53723907470703], [311.4341735839844]], "Y": [[0], [0], [0], [0], [0], [0], [-1], [0], [0], [0], [0], [0]]}