{"X": [[14.87260913848877], [25.72946548461914], [17.238643646240234], [29.001964569091797], [38.8835563659668], [22.658586502075195], [133.80255126953125], [17.49464225769043], [17.39990997314453], [13.004833221435547], [17.860769271850586], [51.50198745727539]], "Y": [[0], [0], [0], [0], [0], [0], [-1], [0], [0], [0], [0], [0]]}