{"X": [[-54.84592819213867], [-21.55846405029297], [-48.037635803222656], [-19.53192901611328], [50.24397277832031], [-32.61930847167969], [401.74359130859375], [-48.6875114440918], [-48.879051208496094], [-58.783851623535156], [-47.23501968383789], [236.1859893798828]], "Y": [[0], [0], [0], [0], [0], [0], [1], [0], [0], [0], [0], [1]]}