{"X": [[-27.592849731445312], [-61.92531204223633], [-31.44364356994629], [-59.299407958984375], [-174.37701416015625], [-46.22587203979492], [-914.5491943359375], [-29.267663955688477], [-29.150901794433594], [-24.379314422607422], [-30.980175018310547], [-150.21641540527344]], "Y": [[0], [0], [0], [0], [0], [0], [-1], [0], [0], [0], [0], [0]]}