{"X": [[41.28696060180664], [52.603057861328125], [37.54632568359375], [45.7734489440918], [133.19989013671875], [43.83858108520508], [872.3505859375], [35.28742599487305], [35.41278839111328], [41.6347770690918], [36.25603103637695], [42.346221923828125]], "Y": [[0], [0], [0], [0], [0], [0], [-1], [0], [0], [0], [0], [0]]}