{"X": [[29.110858917236328], [34.69938278198242], [31.8126220703125], [37.715187072753906], [40.771522521972656], [32.65069580078125], [23.063129425048828], [31.565162658691406], [31.479963302612305], [27.918916702270508], [31.712472915649414], [11.638937950134277]], "Y": [[0], [0], [0], [0], [0], [0], [0], [0], [0], [0], [0], [-1]]}