{"X": [[44.72955322265625], [79.16175079345703], [43.93672561645508], [72.32335662841797], [225.04214477539062], [59.936798095703125], [1616.7794189453125], [41.07817459106445], [41.07933807373047], [42.425331115722656], [43.05322265625], [463.7445983886719]], "Y": [[0], [0], [0], [0], [0], [0], [-1], [0], [0], [0], [0], [0]]}