{"X": [[15.506254196166992], [3.0611164569854736], [10.622666358947754], [0.07762861996889114], [-5.432560920715332], [5.055248260498047], [350.7624206542969], [10.42448616027832], [10.60224437713623], [18.112350463867188], [10.041644096374512], [75.6180648803711]], "Y": [[0], [0], [0], [0], [0], [0], [-1], [0], [0], [0], [0], [0]]}