{"X": [[-22.743976593017578], [-18.680036544799805], [-20.700546264648438], [-14.886251449584961], [-25.1817684173584], [-19.792490005493164], [0.5444664359092712], [-20.060710906982422], [-20.17552947998047], [-23.76458740234375], [-19.96918487548828], [208.99124145507812]], "Y": [[0], [0], [0], [0], [0], [0], [0], [0], [0], [0], [0], [-1]]}