{"X": [[37.466312408447266], [31.810962677001953], [37.768760681152344], [33.9882926940918], [12.23953628540039], [34.74353790283203], [-213.02108764648438], [38.06889724731445], [38.02442932128906], [38.15269088745117], [37.80683517456055], [-233.30271911621094]], "Y": [[0], [0], [0], [0], [0], [0], [1], [0], [0], [0], [0], [1]]}