{"X": [[45.934906005859375], [66.12510681152344], [47.28365707397461], [62.46659851074219], [144.3863983154297], [57.96820831298828], [661.0750732421875], [45.6024169921875], [45.57740020751953], [44.825218200683594], [46.43394088745117], [20.94454002380371]], "Y": [[0], [0], [0], [0], [0], [0], [-1], [0], [0], [0], [0], [0]]}