{"X": [[4.407001495361328], [24.02360725402832], [9.833207130432129], [27.12509536743164], [61.35807418823242], [16.739437103271484], [210.8350372314453], [9.341516494750977], [9.143729209899902], [2.152170181274414], [10.02828311920166], [116.38151550292969]], "Y": [[0], [0], [0], [0], [0], [0], [-1], [0], [0], [0], [0], [0]]}