{"X": [[-43.83367919921875], [-12.444147109985352], [-37.07364273071289], [-13.467879295349121], [61.158897399902344], [-24.615400314331055], [107.17916107177734], [-38.15297317504883], [-38.359859466552734], [-47.55959701538086], [-36.78057861328125], [-194.0443115234375]], "Y": [[0], [0], [0], [0], [0], [0], [0], [0], [0], [0], [0], [-1]]}