{"X": [[61.869171142578125], [57.52919387817383], [64.20015716552734], [59.896888732910156], [33.090877532958984], [63.34285354614258], [-594.5603637695312], [64.481689453125], [64.39781951904297], [62.88420486450195], [63.858150482177734], [-413.07147216796875]], "Y": [[0], [0], [0], [0], [0], [0], [1], [0], [0], [0], [0], [1]]}