{"X": [[179.4022979736328], [114.37403869628906], [160.32974243164062], [105.50518798828125], [13.045838356018066], [134.585693359375], [102.02565002441406], [160.75836181640625], [161.35496520996094], [188.3880157470703], [158.2019805908203], [-215.01852416992188]], "Y": [[0], [0], [0], [0], [0], [0], [0], [0], [0], [0], [0], [-1]]}