{"X": [[-118.74236297607422], [-104.91277313232422], [-113.51434326171875], [-100.95862579345703], [-105.79188537597656], [-110.2008056640625], [20.524324417114258], [-112.81183624267578], [-112.90863037109375], [-121.85084533691406], [-112.06983184814453], [512.4987182617188]], "Y": [[0], [0], [0], [0], [0], [0], [0], [0], [0], [0], [0], [-1]]}