{"X": [[-50.02784729003906], [-63.3464469909668], [-50.88792037963867], [-58.946739196777344], [-126.05059814453125], [-56.95271682739258], [-199.48439025878906], [-49.00740432739258], [-48.9540901184082], [-49.60728454589844], [-49.79240036010742], [334.2901916503906]], "Y": [[0], [0], [0], [0], [0], [0], [0], [0], [0], [0], [0], [-1]]}