{"X": [[-16.912952423095703], [10.241418838500977], [-11.249211311340332], [13.377922058105469], [65.35545349121094], [1.9201314449310303], [370.561279296875], [-11.491130828857422], [-11.662919044494629], [-20.56692886352539], [-10.549593925476074], [204.17250061035156]], "Y": [[0], [0], [0], [0], [0], [0], [-1], [0], [0], [0], [0], [0]]}