{"X": [[90.50888061523438], [48.57752990722656], [91.31707763671875], [61.370269775390625], [-124.03572845458984], [68.62090301513672], [-1531.637939453125], [94.4876708984375], [94.4385757446289], [93.3779067993164], [92.15280151367188], [-542.8591918945312]], "Y": [[0], [0], [0], [0], [0], [0], [-1], [0], [0], [0], [0], [0]]}