{"X": [[137.7533721923828], [117.78707885742188], [122.40360260009766], [103.4543685913086], [171.62469482421875], [117.9893798828125], [1367.6898193359375], [120.02082061767578], [120.51050567626953], [143.1225128173828], [119.66216278076172], [198.0364532470703]], "Y": [[0], [0], [0], [0], [0], [0], [-1], [0], [0], [0], [0], [0]]}