{"X": [[46.431678771972656], [45.619998931884766], [40.51335525512695], [38.92294692993164], [97.04788970947266], [42.17876052856445], [904.6798706054688], [39.04187774658203], [39.210052490234375], [48.24153137207031], [39.37857437133789], [288.857177734375]], "Y": [[0], [0], [0], [0], [0], [0], [-1], [0], [0], [0], [0], [0]]}