{"X": [[-66.83984375], [-98.24372863769531], [-60.359619140625], [-82.29460144042969], [-287.6189270019531], [-80.31331634521484], [-1929.0494384765625], [-56.11814880371094], [-56.267845153808594], [-66.85189056396484], [-58.06382369995117], [-251.67457580566406]], "Y": [[0], [0], [0], [0], [0], [0], [-1], [0], [0], [0], [0], [0]]}