{"X": [[-37.371673583984375], [-33.360130310058594], [-35.674766540527344], [-30.923830032348633], [-37.54045867919922], [-33.564430236816406], [-15.34615421295166], [-35.1324577331543], [-35.18385314941406], [-38.113929748535156], [-35.16190719604492], [134.36526489257812]], "Y": [[0], [0], [0], [0], [0], [0], [0], [0], [0], [0], [0], [-1]]}