{"X": [[-0.6663571000099182], [22.229297637939453], [-2.0636448860168457], [11.68242359161377], [131.3245391845703], [10.43277359008789], [718.6803588867188], [-4.253187656402588], [-4.232818126678467], [-1.3212840557098389], [-3.0183136463165283], [-207.4324951171875]], "Y": [[0], [0], [0], [0], [0], [0], [-1], [0], [0], [0], [0], [0]]}