{"X": [[4.294547080993652], [-14.44213581085205], [-0.336114764213562], [-16.19283676147461], [-48.58662414550781], [-7.387016296386719], [-110.66336822509766], [-0.0490669384598732], [0.12235056608915329], [6.3080549240112305], [-0.8358548283576965], [-73.11690521240234]], "Y": [[0], [0], [0], [0], [0], [0], [0], [0], [0], [0], [0], [0]]}