{"X": [[45.0262336730957], [41.32197952270508], [40.071956634521484], [34.02705001831055], [76.37477111816406], [40.324073791503906], [367.1961669921875], [38.819580078125], [38.96226119995117], [47.295616149902344], [38.837974548339844], [-224.2790985107422]], "Y": [[0], [0], [0], [0], [0], [0], [-1], [0], [0], [0], [0], [-1]]}