{"X": [[131.39393615722656], [120.66475677490234], [129.30137634277344], [118.59431457519531], [116.66315460205078], [124.70018768310547], [-263.65496826171875], [128.34548950195312], [128.40618896484375], [133.97412109375], [127.69384002685547], [-680.3667602539062]], "Y": [[0], [0], [0], [0], [0], [0], [-1], [0], [0], [0], [0], [-1]]}