{"X": [[11.036211967468262], [28.49885368347168], [13.993767738342285], [28.130149841308594], [83.31709289550781], [20.771629333496094], [367.8663635253906], [12.770219802856445], [12.667006492614746], [9.058093070983887], [13.554057121276855], [95.8643569946289]], "Y": [[0], [0], [0], [0], [0], [0], [-1], [0], [0], [0], [0], [0]]}