{"X": [[31.939496994018555], [30.348508834838867], [29.928068161010742], [27.260955810546875], [48.18992614746094], [30.28923225402832], [166.93922424316406], [29.296491622924805], [29.370168685913086], [32.717437744140625], [29.307180404663086], [-150.77195739746094]], "Y": [[0], [0], [0], [0], [0], [0], [-1], [0], [0], [0], [0], [-1]]}