{"X": [[-38.344058990478516], [-34.62651062011719], [-38.385711669921875], [-37.51675033569336], [-10.593254089355469], [-37.149227142333984], [159.32662963867188], [-39.24344253540039], [-39.1944580078125], [-38.25447463989258], [-38.85789489746094], [-19.727096557617188]], "Y": [[0], [0], [0], [0], [0], [0], [-1], [0], [0], [0], [0], [0]]}