{"X": [[31.13958740234375], [25.980581283569336], [30.821319580078125], [26.098285675048828], [14.86251449584961], [28.15534782409668], [-110.39762878417969], [30.64253044128418], [30.696687698364258], [31.595888137817383], [30.346508026123047], [-170.7252960205078]], "Y": [[0], [0], [0], [0], [0], [0], [1], [0], [0], [0], [0], [1]]}