{"X": [[40.971649169921875], [65.49593353271484], [43.71044921875], [62.74964904785156], [153.69818115234375], [53.27970886230469], [670.0432739257812], [41.66633605957031], [41.57781219482422], [38.66405487060547], [42.85569763183594], [9.215181350708008]], "Y": [[0], [0], [0], [0], [0], [0], [-1], [0], [0], [0], [0], [0]]}