{"X": [[-46.69893264770508], [-23.747831344604492], [-39.570858001708984], [-19.600372314453125], [16.609806060791016], [-32.13709259033203], [91.96055603027344], [-40.25510787963867], [-40.46644592285156], [-49.98641586303711], [-39.20352554321289], [222.78636169433594]], "Y": [[0], [0], [0], [0], [0], [0], [0], [0], [0], [0], [0], [-1]]}