{"X": [[154.98272705078125], [121.66725158691406], [146.80319213867188], [117.96607208251953], [68.75277709960938], [133.43365478515625], [-314.7257385253906], [146.65333557128906], [146.91636657714844], [160.27101135253906], [145.12034606933594], [-639.4622802734375]], "Y": [[0], [0], [0], [0], [0], [0], [-1], [0], [0], [0], [0], [-1]]}