{"X": [[-23.511869430541992], [15.021206855773926], [-17.444595336914062], [14.691484451293945], [116.37098693847656], [-0.33440178632736206], [623.5480346679688], [-18.768892288208008], [-18.9888858795166], [-27.431760787963867], [-16.941024780273438], [128.32382202148438]], "Y": [[0], [0], [0], [0], [0], [0], [-1], [0], [0], [0], [0], [0]]}