{"X": [[26.59640884399414], [19.624269485473633], [23.141679763793945], [15.600616455078125], [27.420854568481445], [19.43389320373535], [179.9581756591797], [22.332660675048828], [22.47235107421875], [28.058332443237305], [22.249069213867188], [-126.41096496582031]], "Y": [[0], [0], [0], [0], [0], [0], [-1], [0], [0], [0], [0], [-1]]}