{"X": [[-71.66064453125], [-82.27555084228516], [-71.01506042480469], [-78.45022583007812], [-138.79881286621094], [-74.732177734375], [-604.4917602539062], [-69.41913604736328], [-69.4345474243164], [-71.17353820800781], [-70.1322021484375], [14.074517250061035]], "Y": [[0], [0], [0], [0], [0], [0], [-1], [0], [0], [0], [0], [0]]}