{"X": [[-68.16127014160156], [-59.73821258544922], [-63.50783157348633], [-55.34229278564453], [-69.79580688476562], [-59.57430648803711], [-385.53558349609375], [-62.83283996582031], [-62.979305267333984], [-70.29550170898438], [-62.69367599487305], [150.11256408691406]], "Y": [[0], [0], [0], [0], [0], [0], [-1], [0], [0], [0], [0], [-1]]}