{"X": [[34.23503494262695], [37.74986267089844], [35.33877944946289], [39.97053146362305], [36.64923095703125], [36.42154312133789], [-14.642583847045898], [35.83723831176758], [35.74067306518555], [34.19426727294922], [35.814361572265625], [-127.1128921508789]], "Y": [[0], [0], [0], [0], [0], [0], [0], [0], [0], [0], [0], [-1]]}