{"X": [[-14.010010719299316], [-4.474822044372559], [-10.24760627746582], [-0.10370036959648132], [-3.700498104095459], [-6.657149791717529], [-114.61418151855469], [-9.887425422668457], [-10.008495330810547], [-16.116798400878906], [-9.533548355102539], [86.48207092285156]], "Y": [[0], [0], [0], [0], [0], [0], [-1], [0], [0], [0], [0], [-1]]}