{"X": [[-43.04225158691406], [-34.87986755371094], [-41.48487091064453], [-33.632225036621094], [-16.406768798828125], [-36.10577392578125], [72.72776794433594], [-41.70416259765625], [-41.723899841308594], [-44.23743438720703], [-41.3841552734375], [191.0618896484375]], "Y": [[0], [0], [0], [0], [0], [0], [-1], [0], [0], [0], [0], [-1]]}