{"X": [[88.7266845703125], [61.29987716674805], [79.8549575805664], [55.3110466003418], [26.72555160522461], [68.12442016601562], [14.066768646240234], [79.7962417602539], [80.06840515136719], [92.88919067382812], [78.76889038085938], [-337.6737976074219]], "Y": [[0], [0], [0], [0], [0], [0], [0], [0], [0], [0], [0], [-1]]}