{"X": [[53.78227233886719], [55.582637786865234], [51.12234115600586], [49.60472106933594], [93.96363067626953], [52.34836959838867], [241.26290893554688], [49.70325469970703], [49.75425720214844], [54.819976806640625], [50.100276947021484], [-293.72357177734375]], "Y": [[0], [0], [0], [0], [0], [0], [0], [0], [0], [0], [0], [-1]]}