{"X": [[-265.2892761230469], [-184.1600799560547], [-252.76174926757812], [-191.4759979248047], [40.3611946105957], [-214.1841278076172], [1228.3291015625], [-255.77651977539062], [-256.1333923339844], [-273.24981689453125], [-251.9583282470703], [736.2498168945312]], "Y": [[0], [0], [0], [0], [0], [0], [1], [0], [0], [0], [0], [1]]}