{"X": [[1.940813422203064], [7.909426212310791], [0.5204042792320251], [5.286499977111816], [57.403724670410156], [4.770642280578613], [374.5773620605469], [-0.8243310451507568], [-0.8349951505661011], [2.8469595909118652], [-0.3582128584384918], [-13.490496635437012]], "Y": [[0], [0], [0], [0], [0], [0], [-1], [0], [0], [0], [0], [0]]}