{"X": [[-33.99068069458008], [-34.92177200317383], [-35.650428771972656], [-36.403873443603516], [-33.74025344848633], [-31.622774124145508], [90.60276794433594], [-35.10268783569336], [-35.015907287597656], [-33.407894134521484], [-35.493072509765625], [93.76366424560547]], "Y": [[0], [0], [0], [0], [0], [0], [1], [0], [0], [0], [0], [1]]}