{"X": [[-33.82157516479492], [-48.357215881347656], [-34.554176330566406], [-43.26947021484375], [-115.63919830322266], [-41.768882751464844], [-209.6414031982422], [-32.65528869628906], [-32.61454772949219], [-33.877769470214844], [-33.406314849853516], [345.8780822753906]], "Y": [[0], [0], [0], [0], [0], [0], [0], [0], [0], [0], [0], [-1]]}