{"X": [[-64.14070129394531], [-68.92072296142578], [-62.13962936401367], [-62.84493637084961], [-116.11610412597656], [-64.57467651367188], [-387.77044677734375], [-60.696258544921875], [-60.743160247802734], [-64.49681854248047], [-60.99909973144531], [245.95570373535156]], "Y": [[0], [0], [0], [0], [0], [0], [-1], [0], [0], [0], [0], [-1]]}