{"X": [[48.368900299072266], [63.216278076171875], [48.19132614135742], [61.14955520629883], [128.22012329101562], [54.57798385620117], [716.6156616210938], [46.754024505615234], [46.72210693359375], [47.549259185791016], [47.512718200683594], [100.14469909667969]], "Y": [[0], [0], [0], [0], [0], [0], [-1], [0], [0], [0], [0], [0]]}