{"X": [[-168.53538513183594], [-113.80039978027344], [-158.7417755126953], [-115.69176483154297], [36.79531478881836], [-136.25596618652344], [835.108642578125], [-161.3422393798828], [-161.6375274658203], [-174.51022338867188], [-158.62646484375], [583.8991088867188]], "Y": [[0], [0], [0], [0], [0], [0], [1], [0], [0], [0], [0], [1]]}