{"X": [[-249.09071350097656], [-195.11854553222656], [-238.6246795654297], [-199.13697814941406], [-57.95814895629883], [-213.43292236328125], [539.3624877929688], [-240.6956024169922], [-240.89129638671875], [-255.57855224609375], [-238.1341552734375], [677.5955810546875]], "Y": [[0], [0], [0], [0], [0], [0], [1], [0], [0], [0], [0], [1]]}