{"X": [[-50.06005096435547], [-37.72677993774414], [-51.44190216064453], [-41.913360595703125], [11.858314514160156], [-42.354820251464844], [625.5267944335938], [-51.77412796020508], [-51.729942321777344], [-50.22395324707031], [-51.26017379760742], [321.3721618652344]], "Y": [[0], [0], [0], [0], [0], [0], [-1], [0], [0], [0], [0], [-1]]}