{"X": [[17.311437606811523], [40.08961868286133], [18.94642448425293], [36.113258361816406], [130.80081176757812], [28.899662017822266], [691.2349853515625], [16.960281372070312], [16.871826171875], [16.260438919067383], [18.14722442626953], [119.84253692626953]], "Y": [[0], [0], [0], [0], [0], [0], [-1], [0], [0], [0], [0], [0]]}