{"X": [[-62.034549713134766], [-101.21601867675781], [-57.242149353027344], [-84.66517639160156], [-316.01068115234375], [-79.51636505126953], [-1997.0657958984375], [-52.175926208496094], [-52.309326171875], [-61.21440124511719], [-54.53837585449219], [-194.75328063964844]], "Y": [[0], [0], [0], [0], [0], [0], [-1], [0], [0], [0], [0], [0]]}