{"X": [[-105.88046264648438], [-120.87910461425781], [-104.5329818725586], [-112.44239807128906], [-216.78231811523438], [-111.93619537353516], [-505.72265625], [-101.53457641601562], [-101.55735778808594], [-106.23699951171875], [-102.48464965820312], [544.899169921875]], "Y": [[0], [0], [0], [0], [0], [0], [0], [0], [0], [0], [0], [-1]]}