{"X": [[60.8057746887207], [51.49149703979492], [49.87896728515625], [39.133853912353516], [115.5365219116211], [51.35934066772461], [946.8242797851562], [47.79844284057617], [48.11790084838867], [64.99112701416016], [47.884971618652344], [-18.950960159301758]], "Y": [[0], [0], [0], [0], [0], [0], [-1], [0], [0], [0], [0], [0]]}