{"X": [[-30.063398361206055], [-46.8197021484375], [-32.7157096862793], [-47.94871139526367], [-90.33759307861328], [-41.952117919921875], [-179.73922729492188], [-32.191192626953125], [-32.069950103759766], [-28.37350082397461], [-32.75020980834961], [68.9718246459961]], "Y": [[0], [0], [0], [0], [0], [0], [0], [0], [0], [0], [0], [-1]]}