{"X": [[66.6533432006836], [70.9674072265625], [54.81328582763672], [53.02083206176758], [193.03892517089844], [61.12910842895508], [1529.7183837890625], [51.47010040283203], [51.829280853271484], [69.74340057373047], [52.3775634765625], [70.28275299072266]], "Y": [[0], [0], [0], [0], [0], [0], [-1], [0], [0], [0], [0], [0]]}