{"X": [[-159.5685272216797], [-112.65670013427734], [-154.0912322998047], [-119.6081771850586], [46.556278228759766], [-130.137451171875], [829.8086547851562], [-157.14260864257812], [-157.30706787109375], [-163.75558471679688], [-154.7838897705078], [524.9121704101562]], "Y": [[0], [0], [0], [0], [0], [0], [1], [0], [0], [0], [0], [1]]}