{"X": [[-179.7646484375], [-100.62284088134766], [-165.78367614746094], [-103.61536407470703], [111.2315673828125], [-131.6171417236328], [1063.3255615234375], [-168.90904235839844], [-169.37820434570312], [-188.20724487304688], [-165.2496337890625], [488.9676208496094]], "Y": [[0], [0], [0], [0], [0], [0], [-1], [0], [0], [0], [0], [0]]}