{"X": [[-6.969705104827881], [1.4517459869384766], [-4.464883327484131], [2.5402629375457764], [16.29138946533203], [-1.2804069519042969], [-101.14212799072266], [-4.840360641479492], [-4.912353515625], [-8.443818092346191], [-4.4910712242126465], [-71.59494018554688]], "Y": [[0], [0], [0], [0], [0], [0], [1], [0], [0], [0], [0], [1]]}