{"X": [[32.58032989501953], [7.1670122146606445], [26.670185089111328], [4.4197306632995605], [-42.53068161010742], [12.994904518127441], [-279.73260498046875], [26.91037940979004], [27.070423126220703], [35.87406921386719], [26.185625076293945], [-295.86529541015625]], "Y": [[0], [0], [0], [0], [0], [0], [1], [0], [0], [0], [0], [1]]}