{"X": [[-56.85498046875], [-37.341148376464844], [-58.4282112121582], [-43.88279342651367], [46.72758865356445], [-47.15849685668945], [831.4651489257812], [-59.82350540161133], [-59.767303466796875], [-58.151329040527344], [-58.73954772949219], [284.9094543457031]], "Y": [[0], [0], [0], [0], [0], [0], [-1], [0], [0], [0], [0], [0]]}