{"X": [[-147.6649932861328], [-86.74881744384766], [-140.19671630859375], [-94.0411376953125], [110.6773452758789], [-112.23497772216797], [1271.056884765625], [-143.69924926757812], [-143.9252471923828], [-153.5099334716797], [-140.59474182128906], [584.4400024414062]], "Y": [[0], [0], [0], [0], [0], [0], [-1], [0], [0], [0], [0], [0]]}