{"X": [[-31.36839485168457], [-20.84554672241211], [-30.39504051208496], [-22.409557342529297], [18.104978561401367], [-24.42844009399414], [164.90699768066406], [-31.001705169677734], [-31.062463760375977], [-31.65056800842285], [-30.670188903808594], [-51.3433723449707]], "Y": [[0], [0], [0], [0], [0], [0], [-1], [0], [0], [0], [0], [0]]}