{"X": [[-21.860280990600586], [-55.651493072509766], [-20.479982376098633], [-46.61726760864258], [-214.03289794921875], [-39.18841552734375], [-1617.9864501953125], [-17.342248916625977], [-17.33616065979004], [-20.510765075683594], [-19.13961410522461], [-496.3625793457031]], "Y": [[0], [0], [0], [0], [0], [0], [-1], [0], [0], [0], [0], [0]]}