{"X": [[-7.54499626159668], [-41.94050216674805], [-11.21628189086914], [-39.20920181274414], [-151.24221801757812], [-28.239042282104492], [-561.7691650390625], [-9.338923454284668], [-9.178857803344727], [-4.785778522491455], [-10.776248931884766], [169.0809326171875]], "Y": [[0], [0], [0], [0], [0], [0], [-1], [0], [0], [0], [0], [0]]}