{"X": [[108.9990234375], [78.12130737304688], [106.08338928222656], [82.8082504272461], [-30.719070434570312], [93.0237045288086], [-774.799560546875], [108.24727630615234], [108.34795379638672], [111.97345733642578], [106.3941879272461], [-523.2538452148438]], "Y": [[0], [0], [0], [0], [0], [0], [1], [0], [0], [0], [0], [1]]}