{"X": [[-3.5556182861328125], [30.583227157592773], [1.988459825515747], [31.033905029296875], [124.63053131103516], [17.462018966674805], [775.6071166992188], [0.6499406695365906], [0.4587985575199127], [-6.876418113708496], [2.0487754344940186], [386.2554626464844]], "Y": [[0], [0], [0], [0], [0], [0], [-1], [0], [0], [0], [0], [0]]}