{"X": [[-20.594148635864258], [-20.53458023071289], [-18.73577880859375], [-16.39012908935547], [-44.50756072998047], [-19.776235580444336], [-174.77476501464844], [-17.705093383789062], [-17.817678451538086], [-21.311002731323242], [-17.82425308227539], [149.2445526123047]], "Y": [[0], [0], [0], [0], [0], [0], [-1], [0], [0], [0], [0], [-1]]}