{"X": [[-1.9236092567443848], [8.059581756591797], [-3.070157051086426], [3.9637680053710938], [62.154449462890625], [1.6856340169906616], [671.9169921875], [-4.285189151763916], [-4.198213577270508], [-1.8466850519180298], [-3.688729763031006], [127.9271011352539]], "Y": [[0], [0], [0], [0], [0], [0], [-1], [0], [0], [0], [0], [0]]}