{"X": [[62.06951904296875], [79.07279968261719], [61.189537048339844], [72.48332977294922], [170.29693603515625], [69.61895751953125], [740.336669921875], [58.95874786376953], [58.94461441040039], [62.22225570678711], [59.69802474975586], [-109.34508514404297]], "Y": [[0], [0], [0], [0], [0], [0], [-1], [0], [0], [0], [0], [0]]}