{"X": [[75.51172637939453], [50.92253875732422], [73.36394500732422], [56.32246780395508], [-28.649459838867188], [62.05680465698242], [-389.6377868652344], [74.76171112060547], [74.7898178100586], [77.67172241210938], [73.46013641357422], [14.708319664001465]], "Y": [[0], [0], [0], [0], [0], [0], [-1], [0], [0], [0], [0], [0]]}