{"X": [[16.299053192138672], [-8.118663787841797], [12.405462265014648], [-6.967951774597168], [-83.29790496826172], [-0.13854148983955383], [-441.6673583984375], [13.720271110534668], [13.85362434387207], [18.352947235107422], [12.728090286254883], [-187.13539123535156]], "Y": [[0], [0], [0], [0], [0], [0], [-1], [0], [0], [0], [0], [0]]}