{"X": [[-12.110791206359863], [-17.147930145263672], [-10.054871559143066], [-12.052597045898438], [-59.397029876708984], [-14.830855369567871], [-386.50323486328125], [-9.082428932189941], [-9.173632621765137], [-13.023906707763672], [-9.329578399658203], [90.8980712890625]], "Y": [[0], [0], [0], [0], [0], [0], [-1], [0], [0], [0], [0], [0]]}