{"X": [[-44.635536193847656], [-52.25921630859375], [-45.11080551147461], [-50.34884262084961], [-86.70845794677734], [-48.49972152709961], [-235.56947326660156], [-44.13570022583008], [-44.106143951416016], [-44.522212982177734], [-44.54184341430664], [84.36425018310547]], "Y": [[0], [0], [0], [0], [0], [0], [-1], [0], [0], [0], [0], [-1]]}