{"X": [[45.02972412109375], [14.749452590942383], [47.30529022216797], [24.61124038696289], [-120.72137451171875], [28.532577514648438], [-1347.539794921875], [49.688663482666016], [49.5781135559082], [46.51325988769531], [48.14268112182617], [-404.9490966796875]], "Y": [[0], [0], [0], [0], [0], [0], [-1], [0], [0], [0], [0], [0]]}