{"X": [[-81.25480651855469], [-114.11837005615234], [-74.54313659667969], [-96.1658935546875], [-322.4117126464844], [-92.09373474121094], [-2110.63525390625], [-69.12293243408203], [-69.34716033935547], [-81.37378692626953], [-71.38896179199219], [-221.83616638183594]], "Y": [[0], [0], [0], [0], [0], [0], [-1], [0], [0], [0], [0], [0]]}