{"X": [[41.93215560913086], [38.16107177734375], [45.9696044921875], [45.97447967529297], [-11.431939125061035], [41.314903259277344], [-461.4969787597656], [47.04595947265625], [46.90536117553711], [40.383888244628906], [46.59831237792969], [-72.83851623535156]], "Y": [[0], [0], [0], [0], [0], [0], [-1], [0], [0], [0], [0], [0]]}