{"X": [[-13.489014625549316], [20.594858169555664], [-8.613605499267578], [18.710575103759766], [120.59291076660156], [6.067590236663818], [504.5522155761719], [-10.409442901611328], [-10.59465503692627], [-16.77474594116211], [-8.795565605163574], [-47.70050811767578]], "Y": [[0], [0], [0], [0], [0], [0], [-1], [0], [0], [0], [0], [0]]}