{"X": [[-92.7418212890625], [-112.90961456298828], [-78.36852264404297], [-87.05889129638672], [-325.25836181640625], [-95.00941467285156], [-2315.217041015625], [-72.95027923583984], [-73.40619659423828], [-95.71453094482422], [-74.78864288330078], [-15.609588623046875]], "Y": [[0], [0], [0], [0], [0], [0], [-1], [0], [0], [0], [0], [0]]}