{"X": [[-68.74757385253906], [8.871576309204102], [-53.87809753417969], [9.969879150390625], [196.5879669189453], [-21.91280746459961], [1026.7838134765625], [-56.416263580322266], [-56.911415100097656], [-77.71637725830078], [-52.995750427246094], [213.4037628173828]], "Y": [[0], [0], [0], [0], [0], [0], [-1], [0], [0], [0], [0], [0]]}