{"X": [[27.457834243774414], [29.520566940307617], [25.006629943847656], [23.22121238708496], [74.46358489990234], [25.543729782104492], [208.73422241210938], [23.16783905029297], [23.235620498657227], [28.312381744384766], [23.629396438598633], [-300.66900634765625]], "Y": [[0], [0], [0], [0], [0], [0], [0], [0], [0], [0], [0], [-1]]}