{"X": [[26.404386520385742], [38.098175048828125], [27.920103073120117], [35.34889602661133], [88.2549057006836], [31.727872848510742], [169.06614685058594], [26.23799705505371], [26.21822166442871], [25.714693069458008], [26.85594940185547], [-292.29766845703125]], "Y": [[0], [0], [0], [0], [0], [0], [0], [0], [0], [0], [0], [-1]]}