{"X": [[-28.04927635192871], [-42.74464416503906], [-22.92876434326172], [-33.53773880004883], [-151.10585021972656], [-32.5268669128418], [-1331.69580078125], [-20.53667449951172], [-20.663837432861328], [-28.331817626953125], [-21.585857391357422], [-420.8310546875]], "Y": [[0], [0], [0], [0], [0], [0], [-1], [0], [0], [0], [0], [0]]}