{"X": [[-43.34268569946289], [-37.19016647338867], [-38.02268981933594], [-30.82358741760254], [-64.70850372314453], [-39.1250114440918], [-329.60662841796875], [-36.93719482421875], [-37.14436340332031], [-45.53763198852539], [-36.620845794677734], [209.81109619140625]], "Y": [[0], [0], [0], [0], [0], [0], [-1], [0], [0], [0], [0], [-1]]}