{"X": [[-56.58963394165039], [-48.116859436035156], [-56.81351089477539], [-48.921775817871094], [-24.653005599975586], [-53.50846862792969], [518.5357055664062], [-56.66870880126953], [-56.69355773925781], [-57.82268142700195], [-56.13847732543945], [556.021240234375]], "Y": [[0], [0], [0], [0], [0], [0], [1], [0], [0], [0], [0], [1]]}