{"X": [[42.68259048461914], [24.445133209228516], [44.37336349487305], [31.480937957763672], [-83.42357635498047], [34.86359405517578], [-789.7564697265625], [47.17156982421875], [47.16282653808594], [42.36882781982422], [45.87932586669922], [-115.22179412841797]], "Y": [[0], [0], [0], [0], [0], [0], [-1], [0], [0], [0], [0], [0]]}