{"X": [[1.9818929433822632], [13.794660568237305], [3.34664249420166], [11.03278636932373], [60.81342697143555], [5.854160308837891], [294.9289855957031], [1.962935447692871], [1.934882640838623], [0.9320502877235413], [2.8149895668029785], [-78.43704223632812]], "Y": [[0], [0], [0], [0], [0], [0], [-1], [0], [0], [0], [0], [0]]}