{"X": [[-38.52261734008789], [-6.582042694091797], [-34.721500396728516], [-11.69994068145752], [91.94204711914062], [-18.4768123626709], [414.42315673828125], [-36.095947265625], [-36.21812057495117], [-40.92231369018555], [-34.98685073852539], [-193.23529052734375]], "Y": [[0], [0], [0], [0], [0], [0], [-1], [0], [0], [0], [0], [0]]}