{"X": [[18.046276092529297], [-10.656025886535645], [13.816193580627441], [-9.261472702026367], [-101.85597229003906], [-0.9890127778053284], [-479.85791015625], [15.29011058807373], [15.480949401855469], [20.33232307434082], [14.109140396118164], [-158.7383575439453]], "Y": [[0], [0], [0], [0], [0], [0], [-1], [0], [0], [0], [0], [0]]}