{"X": [[-2.56600284576416], [25.339136123657227], [-0.9263411164283752], [20.681686401367188], [132.7158966064453], [12.804967880249023], [909.5888061523438], [-2.960015296936035], [-3.0462498664855957], [-4.568639278411865], [-1.6319804191589355], [248.56588745117188]], "Y": [[0], [0], [0], [0], [0], [0], [-1], [0], [0], [0], [0], [0]]}