{"X": [[-102.75338745117188], [-74.88709259033203], [-99.95793914794922], [-76.61180877685547], [1.668601155281067], [-86.35574340820312], [818.2171630859375], [-100.5042724609375], [-100.58232879638672], [-105.74983978271484], [-99.1588134765625], [661.0360717773438]], "Y": [[0], [0], [0], [0], [0], [0], [1], [0], [0], [0], [0], [1]]}