{"X": [[-46.6540412902832], [-8.52197551727295], [-42.67921447753906], [-13.415194511413574], [124.34115600585938], [-23.895936965942383], [845.957763671875], [-45.176025390625], [-45.33927917480469], [-49.68308639526367], [-43.339324951171875], [235.7402801513672]], "Y": [[0], [0], [0], [0], [0], [0], [-1], [0], [0], [0], [0], [0]]}