{"X": [[49.95580291748047], [31.175203323364258], [46.660343170166016], [29.903026580810547], [-12.716830253601074], [35.84067153930664], [-225.15647888183594], [47.03661346435547], [47.113399505615234], [52.302894592285156], [46.411537170410156], [-173.71142578125]], "Y": [[0], [0], [0], [0], [0], [0], [1], [0], [0], [0], [0], [1]]}