{"X": [[69.08637237548828], [105.37987518310547], [62.45572280883789], [87.21846771240234], [325.87158203125], [82.68254089355469], [2124.337646484375], [57.163211822509766], [57.29860305786133], [68.94380950927734], [59.50181579589844], [200.49652099609375]], "Y": [[0], [0], [0], [0], [0], [0], [-1], [0], [0], [0], [0], [0]]}