{"X": [[-1.031101942062378], [-26.519384384155273], [-5.24086856842041], [-26.940717697143555], [-94.80227661132812], [-20.599891662597656], [-330.82275390625], [-4.695505142211914], [-4.534215927124023], [0.5427145957946777], [-5.397738933563232], [13.642765045166016]], "Y": [[0], [0], [0], [0], [0], [0], [-1], [0], [0], [0], [0], [0]]}