{"X": [[-43.31776428222656], [-29.145309448242188], [-38.82308578491211], [-25.23349380493164], [-15.846967697143555], [-33.65578842163086], [33.17765808105469], [-38.58872985839844], [-38.714054107666016], [-45.67546844482422], [-38.09196472167969], [186.0430908203125]], "Y": [[0], [0], [0], [0], [0], [0], [0], [0], [0], [0], [0], [-1]]}