{"X": [[-45.845123291015625], [-9.876381874084473], [-37.60894012451172], [-5.9684929847717285], [62.71430587768555], [-21.017837524414062], [390.8065185546875], [-38.15959548950195], [-38.408294677734375], [-50.13237762451172], [-36.9143180847168], [299.85137939453125]], "Y": [[0], [0], [0], [0], [0], [0], [1], [0], [0], [0], [0], [1]]}