{"X": [[29.221660614013672], [58.90838623046875], [28.243789672851562], [49.84249496459961], [195.54673767089844], [44.972801208496094], [1270.307373046875], [25.274505615234375], [25.303054809570312], [27.600717544555664], [26.718435287475586], [245.11180114746094]], "Y": [[0], [0], [0], [0], [0], [0], [-1], [0], [0], [0], [0], [0]]}