{"X": [[27.174129486083984], [52.10858917236328], [29.313186645507812], [48.077388763427734], [151.87513732910156], [40.750789642333984], [609.0578002929688], [26.941009521484375], [26.832637786865234], [25.403127670288086], [28.178098678588867], [-8.330355644226074]], "Y": [[0], [0], [0], [0], [0], [0], [-1], [0], [0], [0], [0], [0]]}