{"X": [[22.104379653930664], [0.8753889799118042], [18.863208770751953], [2.403074264526367], [-63.10404586791992], [9.384300231933594], [-170.90667724609375], [20.144100189208984], [20.286415100097656], [23.753477096557617], [19.104637145996094], [41.75112533569336]], "Y": [[0], [0], [0], [0], [0], [0], [-1], [0], [0], [0], [0], [0]]}