{"X": [[6.419459342956543], [21.00583267211914], [8.825570106506348], [21.21773910522461], [55.241859436035156], [19.606067657470703], [37.3415412902832], [8.77768325805664], [8.689372062683105], [5.241335391998291], [8.899351119995117], [-99.46760559082031]], "Y": [[0], [0], [0], [0], [0], [0], [0], [0], [0], [0], [0], [-1]]}