{"X": [[144.5543975830078], [119.8814926147461], [127.52526092529297], [101.84976959228516], [181.01239013671875], [121.50896453857422], [1034.5028076171875], [124.26923370361328], [124.8178939819336], [151.06478881835938], [123.96021270751953], [-262.201171875]], "Y": [[0], [0], [0], [0], [0], [0], [-1], [0], [0], [0], [0], [0]]}