{"X": [[17.132417678833008], [-14.943032264709473], [13.55868148803711], [-10.926444053649902], [-124.10206604003906], [-2.0995004177093506], [-715.107177734375], [15.54179859161377], [15.691879272460938], [18.969131469726562], [14.034457206726074], [-170.4056854248047]], "Y": [[0], [0], [0], [0], [0], [0], [-1], [0], [0], [0], [0], [0]]}