{"X": [[82.80437469482422], [72.49756622314453], [81.33546447753906], [71.41527557373047], [58.02304458618164], [76.04569244384766], [-216.87916564941406], [80.92012786865234], [80.96541595458984], [84.50550842285156], [80.35907745361328], [-462.8116760253906]], "Y": [[0], [0], [0], [0], [0], [0], [-1], [0], [0], [0], [0], [-1]]}