{"X": [[-69.68242645263672], [-97.72960662841797], [-60.37540054321289], [-77.76009368896484], [-305.7745361328125], [-78.1452407836914], [-2107.398193359375], [-55.140377044677734], [-55.36393737792969], [-70.83899688720703], [-57.27180099487305], [-196.30093383789062]], "Y": [[0], [0], [0], [0], [0], [0], [-1], [0], [0], [0], [0], [0]]}