{"X": [[6.3560943603515625], [-13.819169044494629], [1.8587192296981812], [-14.635721206665039], [-70.29499053955078], [-5.104846954345703], [-273.5028381347656], [3.225862979888916], [3.3649394512176514], [8.892007827758789], [2.179818868637085], [-115.4169692993164]], "Y": [[0], [0], [0], [0], [0], [0], [-1], [0], [0], [0], [0], [0]]}