{"X": [[4.832403182983398], [-0.21610702574253082], [9.948589324951172], [9.681436538696289], [-65.58602905273438], [4.389153003692627], [-613.3018188476562], [11.417794227600098], [11.283108711242676], [3.1325998306274414], [10.920003890991211], [58.57681655883789]], "Y": [[0], [0], [0], [0], [0], [0], [-1], [0], [0], [0], [0], [0]]}