{"X": [[-54.98415756225586], [-34.61394119262695], [-47.52128601074219], [-27.48114585876465], [-25.66060447692871], [-41.295936584472656], [-40.867366790771484], [-46.779930114746094], [-47.0268669128418], [-58.77094650268555], [-45.98984146118164], [270.727783203125]], "Y": [[0], [0], [0], [0], [0], [0], [0], [0], [0], [0], [0], [-1]]}