{"X": [[6.476417064666748], [1.7865148782730103], [4.872995853424072], [0.1244177520275116], [5.240712642669678], [0.24791397154331207], [170.85684204101562], [4.2629475593566895], [4.332627773284912], [6.728102207183838], [4.280433654785156], [-6.554932594299316]], "Y": [[0], [0], [0], [0], [0], [0], [-1], [0], [0], [0], [0], [0]]}