{"X": [[-65.49444580078125], [-81.8659439086914], [-59.420867919921875], [-68.05813598632812], [-214.2594451904297], [-70.7370834350586], [-1356.7479248046875], [-56.19556427001953], [-56.32880401611328], [-66.73551940917969], [-57.18718719482422], [-122.09552764892578]], "Y": [[0], [0], [0], [0], [0], [0], [-1], [0], [0], [0], [0], [0]]}