{"X": [[33.00876998901367], [69.42510986328125], [31.734914779663086], [59.859710693359375], [228.81207275390625], [50.8328857421875], [1581.25439453125], [28.65007781982422], [28.63693618774414], [30.99390983581543], [30.7255859375], [348.2307434082031]], "Y": [[0], [0], [0], [0], [0], [0], [-1], [0], [0], [0], [0], [0]]}