{"X": [[-84.78362274169922], [-87.4870376586914], [-79.07173919677734], [-80.2726821899414], [-154.7264862060547], [-82.5830078125], [-944.08349609375], [-77.16620635986328], [-77.3253402709961], [-86.17570495605469], [-77.5245361328125], [-79.5135498046875]], "Y": [[0], [0], [0], [0], [0], [0], [-1], [0], [0], [0], [0], [0]]}