{"X": [[20.013431549072266], [35.57646560668945], [24.628116607666016], [37.87933349609375], [58.314781188964844], [29.558351516723633], [-164.05926513671875], [24.3884334564209], [24.20532989501953], [17.70293617248535], [25.028833389282227], [-231.34902954101562]], "Y": [[0], [0], [0], [0], [0], [0], [1], [0], [0], [0], [0], [1]]}