{"X": [[-0.03817932307720184], [-0.037506069988012314], [-0.03798317164182663], [-0.037241578102111816], [-0.028970617800951004], [-0.03780993074178696], [0.022039545699954033], [-0.03845297545194626], [-0.03845253586769104], [-0.0381225049495697], [-0.03833144158124924], [0.026901448145508766]], "Y": [[0], [0], [0], [0], [0], [0], [1], [0], [0], [0], [0], [1]]}