{"X": [[-32.41060256958008], [-60.19376754760742], [-33.45970153808594], [-55.86641311645508], [-164.4791717529297], [-45.33706283569336], [-1133.2122802734375], [-31.42915153503418], [-31.387346267700195], [-29.98077392578125], [-32.99742889404297], [-349.0742492675781]], "Y": [[0], [0], [0], [0], [0], [0], [-1], [0], [0], [0], [0], [0]]}