{"X": [[-0.22213317453861237], [-0.21648433804512024], [-0.2153039127588272], [-0.21003533899784088], [-0.2752363681793213], [-0.21359559893608093], [-0.9560267329216003], [-0.2118978351354599], [-0.21229009330272675], [-0.22383283078670502], [-0.21269945800304413], [-0.2950427830219269]], "Y": [[0], [0], [0], [0], [0], [0], [-1], [0], [0], [0], [0], [0]]}