{"X": [[-38.522705078125], [-6.582087993621826], [-34.72156524658203], [-11.69992446899414], [91.94369506835938], [-18.476726531982422], [414.4265441894531], [-36.09601974487305], [-36.21819305419922], [-40.92241668701172], [-34.986915588378906], [-193.2365264892578]], "Y": [[0], [0], [0], [0], [0], [0], [-1], [0], [0], [0], [0], [0]]}