{"X": [[-92.74237823486328], [-112.91069793701172], [-78.36869812011719], [-87.0593032836914], [-325.254150390625], [-95.01004028320312], [-2315.21337890625], [-72.9503173828125], [-73.40624237060547], [-95.71517181396484], [-74.78872680664062], [-15.609678268432617]], "Y": [[0], [0], [0], [0], [0], [0], [-1], [0], [0], [0], [0], [0]]}