{"X": [[2.7460618019104004], [2.3372621536254883], [2.5757739543914795], [2.2595386505126953], [2.343616247177124], [2.4267046451568604], [1.9698305130004883], [2.5358424186706543], [2.543555974960327], [2.8072054386138916], [2.525137186050415], [-7.773740291595459]], "Y": [[0], [0], [0], [0], [0], [0], [0], [0], [0], [0], [0], [-1]]}