{"X": [[-29.021766662597656], [-28.49712371826172], [-32.52253723144531], [-31.157773971557617], [-15.245677947998047], [-27.09592056274414], [598.001220703125], [-31.881986618041992], [-31.746591567993164], [-28.244808197021484], [-32.0830192565918], [448.9049377441406]], "Y": [[0], [0], [0], [0], [0], [0], [1], [0], [0], [0], [0], [1]]}