{"X": [[-42.07646179199219], [-17.10157012939453], [-35.856754302978516], [-13.270009994506836], [19.285600662231445], [-25.0169734954834], [199.8732147216797], [-35.43012237548828], [-35.6578254699707], [-45.22891616821289], [-34.52516555786133], [235.42596435546875]], "Y": [[0], [0], [0], [0], [0], [0], [1], [0], [0], [0], [0], [1]]}