{"X": [[0.031666602939367294], [0.06226484104990959], [0.03267616778612137], [0.05709274113178253], [0.26582103967666626], [0.045517031103372574], [1.2883515357971191], [0.024200888350605965], [0.0242844820022583], [0.030943915247917175], [0.027913127094507217], [0.3909551799297333]], "Y": [[0], [0], [0], [0], [0], [0], [-1], [0], [0], [0], [0], [0]]}