{"X": [[-0.219220370054245], [-0.21100594103336334], [-0.20871113240718842], [-0.19587913155555725], [-0.27141955494880676], [-0.20577655732631683], [-0.790787398815155], [-0.20500768721103668], [-0.20561212301254272], [-0.22125081717967987], [-0.20596934854984283], [0.4873863160610199]], "Y": [[0], [0], [0], [0], [0], [0], [-1], [0], [0], [0], [0], [-1]]}