{"X": [[-69.68241882324219], [-97.73058319091797], [-60.37530517578125], [-77.7603759765625], [-305.7778015136719], [-78.14553833007812], [-2107.411376953125], [-55.14029312133789], [-55.36385726928711], [-70.83903503417969], [-57.27171325683594], [-196.3002166748047]], "Y": [[0], [0], [0], [0], [0], [0], [-1], [0], [0], [0], [0], [0]]}