{"X": [[0.1628129482269287], [-0.10848931223154068], [0.06403858959674835], [-0.14354369044303894], [-0.630325436592102], [-0.03838029131293297], [-1.4538544416427612], [0.06833531707525253], [0.07267408818006516], [0.19419844448566437], [0.055650386959314346], [-5.360718250274658]], "Y": [[0], [0], [0], [0], [0], [0], [0], [0], [0], [0], [0], [-1]]}