{"X": [[-4.014837265014648], [-3.7745521068573], [-3.8432464599609375], [-3.5958895683288574], [-4.306918144226074], [-3.7437429428100586], [-11.403882026672363], [-3.793191909790039], [-3.801272392272949], [-4.051031589508057], [-3.797586441040039], [6.70730447769165]], "Y": [[0], [0], [0], [0], [0], [0], [-1], [0], [0], [0], [0], [-1]]}