{"X": [[-0.018833067268133163], [-0.030771033838391304], [-0.028259165585041046], [-0.04204367473721504], [0.0032729734666645527], [-0.033113993704319], [0.30625084042549133], [-0.031044283881783485], [-0.030544493347406387], [-0.016663670539855957], [-0.030628688633441925], [-0.738248348236084]], "Y": [[0], [0], [0], [0], [0], [0], [0], [0], [0], [0], [0], [-1]]}