{"X": [[32.67656707763672], [9.522927284240723], [26.65729331970215], [7.2111053466796875], [-42.07984161376953], [18.49864959716797], [-235.48138427734375], [27.629772186279297], [27.822948455810547], [36.060550689697266], [26.41709327697754], [-223.4831085205078]], "Y": [[0], [0], [0], [0], [0], [0], [1], [0], [0], [0], [0], [1]]}