{"X": [[-128.70901489257812], [-63.56083679199219], [-110.23755645751953], [-55.25539016723633], [39.0211181640625], [-84.54655456542969], [2.925609588623047], [-110.71629333496094], [-111.31694030761719], [-137.99075317382812], [-108.15332794189453], [141.13565063476562]], "Y": [[0], [0], [0], [0], [0], [0], [0], [0], [0], [0], [0], [0]]}