{"X": [[-66.84004974365234], [-98.24430084228516], [-60.35977554321289], [-82.29500579833984], [-287.61676025390625], [-80.31369018554688], [-1929.034912109375], [-56.11825942993164], [-56.2679557800293], [-66.85209655761719], [-58.0639533996582], [-251.6748504638672]], "Y": [[0], [0], [0], [0], [0], [0], [-1], [0], [0], [0], [0], [0]]}