{"X": [[0.05899106711149216], [0.05684618279337883], [0.058759041130542755], [0.05671710520982742], [0.04236356168985367], [0.05772427096962929], [-0.035230692476034164], [0.05932363122701645], [0.05932336673140526], [0.059018656611442566], [0.05907820165157318], [-0.013633612543344498]], "Y": [[0], [0], [0], [0], [0], [0], [1], [0], [0], [0], [0], [1]]}