{"X": [[4.407011032104492], [24.023378372192383], [9.833181381225586], [27.124866485595703], [61.35784912109375], [16.73922348022461], [210.8336944580078], [9.341503143310547], [9.143722534179688], [2.1521801948547363], [10.028252601623535], [116.3824691772461]], "Y": [[0], [0], [0], [0], [0], [0], [-1], [0], [0], [0], [0], [0]]}