{"X": [[-248.36859130859375], [-222.7870635986328], [-229.58294677734375], [-204.29783630371094], [-284.1634826660156], [-221.43544006347656], [-1373.6756591796875], [-226.46206665039062], [-227.0186004638672], [-255.42791748046875], [-226.2522735595703], [469.8849792480469]], "Y": [[0], [0], [0], [0], [0], [0], [-1], [0], [0], [0], [0], [0]]}