{"X": [[-1.06998872756958], [-0.2897249162197113], [-1.0099728107452393], [-0.43241724371910095], [2.004495859146118], [-0.6958033442497253], [15.915992736816406], [-1.0514949560165405], [-1.0563042163848877], [-1.1621460914611816], [-0.9903391003608704], [-1.7838610410690308]], "Y": [[0], [0], [0], [0], [0], [0], [-1], [0], [0], [0], [0], [0]]}