{"X": [[2.9856069087982178], [2.605487585067749], [2.6192593574523926], [2.1873619556427], [5.097009181976318], [2.4949798583984375], [24.30771255493164], [2.4537107944488525], [2.474093437194824], [3.079310655593872], [2.4852631092071533], [-17.048721313476562]], "Y": [[0], [0], [0], [0], [0], [0], [-1], [0], [0], [0], [0], [-1]]}