{"X": [[-0.0027631798293441534], [-0.004573516082018614], [-0.0030954494141042233], [-0.004582488443702459], [-0.015661317855119705], [-0.00409161951392889], [-0.09162648022174835], [-0.002705868799239397], [-0.002717009512707591], [-0.002727091545239091], [-0.0028926755767315626], [-0.10580799728631973]], "Y": [[0], [0], [0], [0], [0], [0], [1], [0], [0], [0], [0], [1]]}