{"X": [[61.869468688964844], [57.52946090698242], [64.2004623413086], [59.89717102050781], [33.091064453125], [63.343162536621094], [-594.562744140625], [64.48200988769531], [64.39813232421875], [62.88450622558594], [63.85845947265625], [-413.07342529296875]], "Y": [[0], [0], [0], [0], [0], [0], [1], [0], [0], [0], [0], [1]]}