{"X": [[0.4157615900039673], [0.41693830490112305], [0.40516597032546997], [0.3988790214061737], [0.3520040512084961], [0.40255898237228394], [0.17068152129650116], [0.40949803590774536], [0.40970587730407715], [0.41364800930023193], [0.4095766842365265], [-1.9191724061965942]], "Y": [[0], [0], [0], [0], [0], [0], [0], [0], [0], [0], [0], [-1]]}