{"X": [[3.463744878768921], [3.1073689460754395], [3.2634518146514893], [2.94535756111145], [3.8210368156433105], [3.1398510932922363], [9.272039413452148], [3.1909008026123047], [3.200624942779541], [3.5241289138793945], [3.1952147483825684], [-6.00390625]], "Y": [[0], [0], [0], [0], [0], [0], [0], [0], [0], [0], [0], [-1]]}