{"X": [[0.01143820770084858], [0.007643797434866428], [0.014711165800690651], [0.007861282676458359], [-0.09918476641178131], [0.011684997007250786], [-0.6095151305198669], [0.020159974694252014], [0.019954748451709747], [0.009733774699270725], [0.018714414909482002], [-0.04852517321705818]], "Y": [[0], [0], [0], [0], [0], [0], [-1], [0], [0], [0], [0], [0]]}