{"X": [[-2.206780195236206], [-2.938856840133667], [-2.135977029800415], [-2.6298739910125732], [-6.749462127685547], [-2.438615083694458], [-27.531335830688477], [-2.0051658153533936], [-2.0083587169647217], [-2.146233081817627], [-2.0892415046691895], [9.996097564697266]], "Y": [[0], [0], [0], [0], [0], [0], [-1], [0], [0], [0], [0], [0]]}