{"X": [[1.0220348834991455], [0.44727468490600586], [0.8507983088493347], [0.4384210705757141], [0.37977877259254456], [0.6486315131187439], [1.178371548652649], [0.7959951162338257], [0.8052313327789307], [1.1105420589447021], [0.7767226099967957], [1.1208250522613525]], "Y": [[0], [0], [0], [0], [0], [0], [0], [0], [0], [0], [0], [0]]}