{"X": [[-33.990779876708984], [-34.921875], [-35.650535583496094], [-36.40398025512695], [-33.74034881591797], [-31.622865676879883], [90.60389709472656], [-35.102787017822266], [-35.01601028442383], [-33.40799331665039], [-35.49317932128906], [93.76470184326172]], "Y": [[0], [0], [0], [0], [0], [0], [1], [0], [0], [0], [0], [1]]}