{"X": [[-30.063234329223633], [-46.81946563720703], [-32.71552658081055], [-47.94847106933594], [-90.33739471435547], [-41.95187759399414], [-179.73904418945312], [-32.191009521484375], [-32.06977081298828], [-28.373348236083984], [-32.750022888183594], [68.97195434570312]], "Y": [[0], [0], [0], [0], [0], [0], [0], [0], [0], [0], [0], [-1]]}