{"X": [[0.0010668846080079675], [0.001341547118499875], [0.0013906556414440274], [0.0014080859255045652], [-0.001580604468472302], [0.0016993136378005147], [-0.03150687366724014], [0.0016411348478868604], [0.0016332704108208418], [0.0009693511528894305], [0.001604406745173037], [0.015782302245497704]], "Y": [[0], [0], [0], [0], [0], [0], [-1], [0], [0], [0], [0], [0]]}