{"X": [[0.05193763226270676], [0.048226043581962585], [0.05142740160226822], [0.04834778606891632], [0.026696283370256424], [0.0495561808347702], [-0.11222654581069946], [0.05217951908707619], [0.05216444283723831], [0.05205614119768143], [0.0517948679625988], [-0.0820498839020729]], "Y": [[0], [0], [0], [0], [0], [0], [1], [0], [0], [0], [0], [1]]}