{"X": [[4.532816410064697], [4.933002948760986], [4.140187740325928], [4.1462721824646], [11.1694974899292], [4.318107604980469], [60.70521545410156], [3.8536741733551025], [3.8758413791656494], [4.556154251098633], [3.9701437950134277], [-11.109256744384766]], "Y": [[0], [0], [0], [0], [0], [0], [-1], [0], [0], [0], [0], [0]]}