{"X": [[-0.09155848622322083], [-0.08509499579668045], [-0.08216144889593124], [-0.07168431580066681], [-0.15239232778549194], [-0.08007502555847168], [-0.689487099647522], [-0.07822266221046448], [-0.07880432903766632], [-0.09357035905122757], [-0.07927349209785461], [0.5116870403289795]], "Y": [[0], [0], [0], [0], [0], [0], [-1], [0], [0], [0], [0], [-1]]}