{"X": [[-0.791226327419281], [-0.2907019257545471], [-0.6978079080581665], [-0.3752307593822479], [1.1800541877746582], [-0.510236382484436], [9.519421577453613], [-0.7292207479476929], [-0.7332946062088013], [-0.8449995517730713], [-0.6941614151000977], [2.4554004669189453]], "Y": [[0], [0], [0], [0], [0], [0], [-1], [0], [0], [0], [0], [0]]}