{"X": [[148.60914611816406], [78.15704345703125], [129.30764770507812], [67.0224838256836], [-39.13158416748047], [101.11626434326172], [-468.1138610839844], [129.6348114013672], [130.26475524902344], [158.08023071289062], [127.00318145751953], [-578.5111694335938]], "Y": [[0], [0], [0], [0], [0], [0], [1], [0], [0], [0], [0], [1]]}