{"X": [[-0.532080352306366], [-0.5518187880516052], [-0.537327229976654], [-0.5521823167800903], [-0.6104390025138855], [-0.5459162592887878], [-1.1831846237182617], [-0.5361353754997253], [-0.536036491394043], [-0.5301048159599304], [-0.5374828577041626], [-1.4629534482955933]], "Y": [[0], [0], [0], [0], [0], [0], [1], [0], [0], [0], [0], [1]]}