{"X": [[-159.5689239501953], [-112.6570053100586], [-154.09161376953125], [-119.60851287841797], [46.55592727661133], [-130.13780212402344], [829.8132934570312], [-157.1429901123047], [-157.30747985839844], [-163.75601196289062], [-154.78428649902344], [524.9158935546875]], "Y": [[0], [0], [0], [0], [0], [0], [1], [0], [0], [0], [0], [1]]}