{"X": [[0.13767613470554352], [0.18526998162269592], [0.14305739104747772], [0.1753103882074356], [0.38145899772644043], [0.16193686425685883], [1.1995799541473389], [0.1367092877626419], [0.13661082088947296], [0.1340208351612091], [0.14101578295230865], [0.14584380388259888]], "Y": [[0], [0], [0], [0], [0], [0], [-1], [0], [0], [0], [0], [0]]}