{"X": [[-56.58938980102539], [-48.11673355102539], [-56.81326675415039], [-48.921634674072266], [-24.653125762939453], [-53.50826644897461], [518.5352172851562], [-56.66846466064453], [-56.69331359863281], [-57.82242202758789], [-56.13823699951172], [556.0205078125]], "Y": [[0], [0], [0], [0], [0], [0], [1], [0], [0], [0], [0], [1]]}