{"X": [[-3.582078695297241], [-4.036562919616699], [-3.3837602138519287], [-3.5898468494415283], [-8.010323524475098], [-3.5804383754730225], [-44.11655807495117], [-3.221710443496704], [-3.232877254486084], [-3.5621280670166016], [-3.3059797286987305], [-5.309781074523926]], "Y": [[0], [0], [0], [0], [0], [0], [-1], [0], [0], [0], [0], [0]]}