{"X": [[-0.0427565835416317], [-0.04182147979736328], [-0.04267819598317146], [-0.041334234178066254], [-0.03138820454478264], [-0.042178139090538025], [0.053921204060316086], [-0.04316167160868645], [-0.04315795749425888], [-0.042676061391830444], [-0.04301163926720619], [0.062184929847717285]], "Y": [[0], [0], [0], [0], [0], [0], [1], [0], [0], [0], [0], [1]]}