{"X": [[0.4642702639102936], [0.8663636445999146], [0.4084599018096924], [0.6213594675064087], [3.103487014770508], [0.5677061080932617], [23.094133377075195], [0.3319697678089142], [0.3356470465660095], [0.4300745129585266], [0.38197821378707886], [3.1269643306732178]], "Y": [[0], [0], [0], [0], [0], [0], [-1], [0], [0], [0], [0], [0]]}