{"X": [[-0.7567282915115356], [-0.6169957518577576], [-0.5959892868995667], [-0.4306931793689728], [-2.0196263790130615], [-0.54803466796875], [-16.898033142089844], [-0.5092492699623108], [-0.518359899520874], [-0.799088716506958], [-0.5275391936302185], [-0.326005220413208]], "Y": [[0], [0], [0], [0], [0], [0], [-1], [0], [0], [0], [0], [0]]}