{"X": [[3.536349296569824], [3.1711833477020264], [3.3786771297454834], [3.036114454269409], [3.3181989192962646], [3.249560832977295], [10.01260757446289], [3.339810609817505], [3.350386142730713], [3.593557119369507], [3.335273265838623], [4.149523735046387]], "Y": [[0], [0], [0], [0], [0], [0], [-1], [0], [0], [0], [0], [0]]}