{"X": [[-1.8979730606079102], [-1.4243899583816528], [-1.664536714553833], [-1.168992280960083], [-1.651354193687439], [-1.4732298851013184], [-7.968198299407959], [-1.6096307039260864], [-1.623795986175537], [-1.9795544147491455], [-1.602685570716858], [10.660204887390137]], "Y": [[0], [0], [0], [0], [0], [0], [0], [0], [0], [0], [0], [-1]]}