{"X": [[-0.014833441004157066], [-0.013525541871786118], [-0.014741781167685986], [-0.013276631012558937], [-0.005423697642982006], [-0.013881812803447247], [0.023851249366998672], [-0.014984218403697014], [-0.014985449612140656], [-0.014830720610916615], [-0.014847584068775177], [0.01481690350919962]], "Y": [[0], [0], [0], [0], [0], [0], [1], [0], [0], [0], [0], [1]]}