{"X": [[-1.5407909154891968], [-0.5122832655906677], [-1.426775574684143], [-0.6627612709999084], [2.5644567012786865], [-1.018781065940857], [19.351818084716797], [-1.4895819425582886], [-1.4959955215454102], [-1.654021978378296], [-1.4103504419326782], [-0.4661017060279846]], "Y": [[0], [0], [0], [0], [0], [0], [-1], [0], [0], [0], [0], [0]]}