{"X": [[-3.666626453399658], [-3.0865111351013184], [-3.4553704261779785], [-2.9036591053009033], [-2.5864627361297607], [-3.2285735607147217], [-7.845163822174072], [-3.429844379425049], [-3.4419422149658203], [-3.747588872909546], [-3.4114394187927246], [-1.4263485670089722]], "Y": [[0], [0], [0], [0], [0], [0], [-1], [0], [0], [0], [0], [0]]}