{"X": [[-65.49468994140625], [-81.86626434326172], [-59.42108154296875], [-68.05839538574219], [-214.2597198486328], [-70.73736572265625], [-1356.757568359375], [-56.19575119018555], [-56.32899475097656], [-66.73576354980469], [-57.18738555908203], [-122.0958023071289]], "Y": [[0], [0], [0], [0], [0], [0], [-1], [0], [0], [0], [0], [0]]}