{"X": [[-2.9060285091400146], [-2.646562337875366], [-2.676820755004883], [-2.394784927368164], [-4.528278350830078], [-2.5934460163116455], [-18.822467803955078], [-2.5491549968719482], [-2.560807228088379], [-2.972069263458252], [-2.573620557785034], [1.6762281656265259]], "Y": [[0], [0], [0], [0], [0], [0], [-1], [0], [0], [0], [0], [0]]}