{"X": [[17.13239860534668], [-14.942630767822266], [13.5586576461792], [-10.926166534423828], [-124.10302734375], [-2.0994935035705566], [-715.1090698242188], [15.541772842407227], [15.691852569580078], [18.96916961669922], [14.034433364868164], [-170.4077606201172]], "Y": [[0], [0], [0], [0], [0], [0], [-1], [0], [0], [0], [0], [0]]}