{"X": [[0.2386605143547058], [0.2497904747724533], [0.24587129056453705], [0.25768253207206726], [0.23960137367248535], [0.24944549798965454], [0.488596111536026], [0.24718022346496582], [0.24681176245212555], [0.23661433160305023], [0.24724934995174408], [1.3891695737838745]], "Y": [[0], [0], [0], [0], [0], [0], [0], [0], [0], [0], [0], [-1]]}