{"X": [[-2.417548418045044], [-3.075212001800537], [-2.349195957183838], [-2.758540391921997], [-6.583419322967529], [-2.6173853874206543], [-28.041561126708984], [-2.226675033569336], [-2.229630947113037], [-2.3646740913391113], [-2.3066751956939697], [5.6656599044799805]], "Y": [[0], [0], [0], [0], [0], [0], [-1], [0], [0], [0], [0], [0]]}