{"X": [[0.042445555329322815], [0.042940836399793625], [0.04255292937159538], [0.04311230406165123], [0.04758545383810997], [0.04276211932301521], [0.0952281579375267], [0.042328350245952606], [0.04233416169881821], [0.04247400537133217], [0.04239322990179062], [0.10162274539470673]], "Y": [[0], [0], [0], [0], [0], [0], [1], [0], [0], [0], [0], [1]]}