{"X": [[-0.045344579964876175], [-0.044487472623586655], [-0.04524867236614227], [-0.0440535843372345], [-0.03433114290237427], [-0.04477759078145027], [0.04325694963335991], [-0.045731279999017715], [-0.045728329569101334], [-0.045265600085258484], [-0.045587748289108276], [0.05131470412015915]], "Y": [[0], [0], [0], [0], [0], [0], [1], [0], [0], [0], [0], [1]]}