{"X": [[-3.19616436958313], [-3.419405460357666], [-2.953238010406494], [-2.916625499725342], [-7.19126033782959], [-3.051612138748169], [-41.497188568115234], [-2.7773053646087646], [-2.79195499420166], [-3.2040109634399414], [-2.8494205474853516], [-3.825831890106201]], "Y": [[0], [0], [0], [0], [0], [0], [-1], [0], [0], [0], [0], [0]]}