{"X": [[-0.11965752393007278], [-0.11393176019191742], [-0.11858588457107544], [-0.11306987702846527], [-0.07346297055482864], [-0.11595865339040756], [0.2163533717393875], [-0.12025999277830124], [-0.12026681005954742], [-0.11975430697202682], [-0.11958721280097961], [0.26185232400894165]], "Y": [[0], [0], [0], [0], [0], [0], [1], [0], [0], [0], [0], [1]]}