{"X": [[4.4602837562561035], [3.5350236892700195], [4.011963844299316], [3.256336212158203], [3.5545880794525146], [3.7005903720855713], [30.269786834716797], [3.9498188495635986], [3.9763004779815674], [4.5909600257873535], [3.9287686347961426], [5.127077579498291]], "Y": [[0], [0], [0], [0], [0], [0], [-1], [0], [0], [0], [0], [0]]}