{"X": [[108.99929809570312], [78.12126159667969], [106.08362579345703], [82.8082275390625], [-30.71849822998047], [93.02378845214844], [-774.7988891601562], [108.24754333496094], [108.34822082519531], [111.97377014160156], [106.39442443847656], [-523.2532958984375]], "Y": [[0], [0], [0], [0], [0], [0], [1], [0], [0], [0], [0], [1]]}