{"X": [[0.067021943628788], [0.06619484722614288], [0.06685697287321091], [0.06607348471879959], [0.057637762278318405], [0.06645242124795914], [0.019761554896831512], [0.06724189966917038], [0.0672406405210495], [0.06698989868164062], [0.06710825860500336], [0.018106402829289436]], "Y": [[0], [0], [0], [0], [0], [0], [1], [0], [0], [0], [0], [1]]}