{"X": [[2.0886378288269043], [1.6359659433364868], [1.9508389234542847], [1.5282500982284546], [0.7812379002571106], [1.7783790826797485], [-0.6259522438049316], [1.9569631814956665], [1.9650599956512451], [2.145221710205078], [1.9370695352554321], [-2.732205867767334]], "Y": [[0], [0], [0], [0], [0], [0], [0], [0], [0], [0], [0], [-1]]}