{"X": [[0.04124264419078827], [0.040635332465171814], [0.04106849059462547], [0.04016706719994545], [0.03504353016614914], [0.04076395928859711], [0.018011318519711494], [0.04133642464876175], [0.0413406640291214], [0.04119127243757248], [0.04126475378870964], [0.019957346841692924]], "Y": [[0], [0], [0], [0], [0], [0], [1], [0], [0], [0], [0], [1]]}