{"X": [[-176.38133239746094], [-101.03945922851562], [-160.56527709960938], [-101.14734649658203], [75.36204528808594], [-127.81196594238281], [575.6353759765625], [-162.98655700683594], [-163.46766662597656], [-185.3386688232422], [-159.69168090820312], [286.6110534667969]], "Y": [[0], [0], [0], [0], [0], [0], [-1], [0], [0], [0], [0], [0]]}