{"X": [[-56.2076301574707], [-56.31632995605469], [-53.95990753173828], [-51.23001480102539], [-87.82250213623047], [-53.980709075927734], [-133.4844512939453], [-52.6463737487793], [-52.689910888671875], [-57.131351470947266], [-52.929542541503906], [305.8744201660156]], "Y": [[0], [0], [0], [0], [0], [0], [0], [0], [0], [0], [0], [-1]]}