{"X": [[-35.4826545715332], [-14.348665237426758], [-29.596357345581055], [-10.672340393066406], [28.716737747192383], [-22.016918182373047], [190.586181640625], [-30.265565872192383], [-30.46259880065918], [-38.43482208251953], [-29.34857940673828], [273.6755065917969]], "Y": [[0], [0], [0], [0], [0], [0], [1], [0], [0], [0], [0], [1]]}