{"X": [[-43.342796325683594], [-37.190250396728516], [-38.02277374267578], [-30.82364273071289], [-64.70863342285156], [-39.12510299682617], [-329.6019592285156], [-36.93727493286133], [-37.14444351196289], [-45.53776168823242], [-36.62092590332031], [209.81100463867188]], "Y": [[0], [0], [0], [0], [0], [0], [-1], [0], [0], [0], [0], [-1]]}