{"X": [[-0.4615001976490021], [-0.4845750629901886], [-0.4674276113510132], [-0.4855331480503082], [-0.563788115978241], [-0.47759169340133667], [-1.2452402114868164], [-0.4654364287853241], [-0.46532532572746277], [-0.45945408940315247], [-0.46712684631347656], [-1.5363001823425293]], "Y": [[0], [0], [0], [0], [0], [0], [1], [0], [0], [0], [0], [1]]}