{"X": [[0.1484924852848053], [0.13688817620277405], [0.14665953814983368], [0.13874980807304382], [0.10246425122022629], [0.14162255823612213], [-0.41964343190193176], [0.14707259833812714], [0.14706534147262573], [0.14979563653469086], [0.14617054164409637], [-0.4606584906578064]], "Y": [[0], [0], [0], [0], [0], [0], [1], [0], [0], [0], [0], [1]]}