{"X": [[60.805885314941406], [51.49161148071289], [49.87907409667969], [39.133949279785156], [115.53473663330078], [51.35945510864258], [946.82568359375], [47.798553466796875], [48.118011474609375], [64.9912338256836], [47.88508224487305], [-18.95090675354004]], "Y": [[0], [0], [0], [0], [0], [0], [-1], [0], [0], [0], [0], [0]]}