{"X": [[-0.06262245774269104], [-0.059561047703027725], [-0.06173748895525932], [-0.058128200471401215], [-0.04157920181751251], [-0.060184624046087265], [0.08749266713857651], [-0.0624009408056736], [-0.06242430955171585], [-0.06268424540758133], [-0.0621187686920166], [0.1583673059940338]], "Y": [[0], [0], [0], [0], [0], [0], [1], [0], [0], [0], [0], [1]]}