{"X": [[-43.31779479980469], [-29.145185470581055], [-38.823036193847656], [-25.233367919921875], [-15.846846580505371], [-33.6556396484375], [33.17720413208008], [-38.58867645263672], [-38.7140007019043], [-45.6755485534668], [-38.09189987182617], [186.04156494140625]], "Y": [[0], [0], [0], [0], [0], [0], [0], [0], [0], [0], [0], [-1]]}