{"X": [[1.4130417108535767], [0.8400214910507202], [1.3147361278533936], [0.925568163394928], [-1.2221662998199463], [1.0918041467666626], [-11.94568157196045], [1.3722951412200928], [1.376062273979187], [1.466796875], [1.3254410028457642], [-4.181049346923828]], "Y": [[0], [0], [0], [0], [0], [0], [-1], [0], [0], [0], [0], [0]]}