{"X": [[-0.006417986936867237], [-0.01075066439807415], [-0.010600325651466846], [-0.017753109335899353], [0.032627400010824203], [-0.012360002845525742], [0.25615695118904114], [-0.013490015640854836], [-0.013197036460042], [-0.005058850161731243], [-0.012917865999042988], [-0.25105300545692444]], "Y": [[0], [0], [0], [0], [0], [0], [-1], [0], [0], [0], [0], [-1]]}