{"X": [[-1.0160636901855469], [-0.586266040802002], [-0.9366887807846069], [-0.6744629740715027], [0.44532355666160583], [-0.7744462490081787], [7.486728668212891], [-0.9476139545440674], [-0.9507719278335571], [-1.069939374923706], [-0.918765664100647], [2.3966519832611084]], "Y": [[0], [0], [0], [0], [0], [0], [-1], [0], [0], [0], [0], [0]]}