{"X": [[41.28712463378906], [52.6035270690918], [37.54637908935547], [45.773738861083984], [133.2008056640625], [43.83881759643555], [872.3439331054688], [35.28742599487305], [35.41278839111328], [41.63494873046875], [36.25605392456055], [42.34649658203125]], "Y": [[0], [0], [0], [0], [0], [0], [-1], [0], [0], [0], [0], [0]]}