{"X": [[3.3346962928771973], [3.004451036453247], [3.1517817974090576], [2.860577344894409], [3.734032154083252], [3.0279107093811035], [6.693631172180176], [3.0765905380249023], [3.0853350162506104], [3.3914153575897217], [3.079233169555664], [-7.848834991455078]], "Y": [[0], [0], [0], [0], [0], [0], [0], [0], [0], [0], [0], [-1]]}