{"X": [[0.5998854637145996], [0.27136877179145813], [0.42398303747177124], [0.12144176661968231], [0.9573090076446533], [0.3072921335697174], [13.398932456970215], [0.3587440252304077], [0.3687658905982971], [0.6574515104293823], [0.36103999614715576], [3.430054187774658]], "Y": [[0], [0], [0], [0], [0], [0], [-1], [0], [0], [0], [0], [0]]}