{"X": [[27.17426300048828], [52.108341217041016], [29.313356399536133], [48.077293395996094], [151.87646484375], [40.750911712646484], [609.0535888671875], [26.94114112854004], [26.832767486572266], [25.403234481811523], [28.178247451782227], [-8.330242156982422]], "Y": [[0], [0], [0], [0], [0], [0], [-1], [0], [0], [0], [0], [0]]}