{"X": [[37.60480880737305], [12.755439758300781], [32.212646484375], [10.648555755615234], [-38.380943298339844], [21.48322105407715], [-110.41830444335938], [32.61093521118164], [32.84783172607422], [40.640052795410156], [31.54851722717285], [-12.65029239654541]], "Y": [[0], [0], [0], [0], [0], [0], [-1], [0], [0], [0], [0], [0]]}