{"X": [[0.3666854500770569], [0.19440282881259918], [0.23215942084789276], [0.078190878033638], [1.20182466506958], [0.18158826231956482], [14.385795593261719], [0.1641421765089035], [0.17141598463058472], [0.40398645401000977], [0.1760471612215042], [4.87206506729126]], "Y": [[0], [0], [0], [0], [0], [0], [-1], [0], [0], [0], [0], [0]]}