{"X": [[1.9819021224975586], [13.79449462890625], [3.346625328063965], [11.03262996673584], [60.81280517578125], [5.854226589202881], [294.92987060546875], [1.962944507598877], [1.9348913431167603], [0.9320485591888428], [2.8149871826171875], [-78.436279296875]], "Y": [[0], [0], [0], [0], [0], [0], [-1], [0], [0], [0], [0], [0]]}