{"X": [[-0.09418663382530212], [-0.09121331572532654], [-0.09369038790464401], [-0.09102516621351242], [-0.07481852918863297], [-0.09222336113452911], [0.023569196462631226], [-0.0942457839846611], [-0.09424176067113876], [-0.09427296370267868], [-0.0939611867070198], [-0.0014266609214246273]], "Y": [[0], [0], [0], [0], [0], [0], [1], [0], [0], [0], [0], [1]]}