{"X": [[-147.59521484375], [-105.78529357910156], [-129.11233520507812], [-88.68132019042969], [-104.93753814697266], [-115.66548156738281], [-408.7509460449219], [-127.04440307617188], [-127.63439178466797], [-155.7261962890625], [-125.86913299560547], [587.3653564453125]], "Y": [[0], [0], [0], [0], [0], [0], [0], [0], [0], [0], [0], [-1]]}