{"X": [[-168.5346221923828], [-113.79987335205078], [-158.74105834960938], [-115.69123840332031], [36.79621124267578], [-136.25537109375], [835.1043090820312], [-161.34149169921875], [-161.6367950439453], [-174.50942993164062], [-158.62574768066406], [583.8953857421875]], "Y": [[0], [0], [0], [0], [0], [0], [1], [0], [0], [0], [0], [1]]}