{"X": [[-0.06785301864147186], [-0.09365711361169815], [-0.0685696005821228], [-0.08864471316337585], [-0.21710899472236633], [-0.07910654693841934], [-1.008017659187317], [-0.0645737498998642], [-0.06458117067813873], [-0.06607014685869217], [-0.067202128469944], [-0.27775564789772034]], "Y": [[0], [0], [0], [0], [0], [0], [-1], [0], [0], [0], [0], [0]]}