{"X": [[0.00044129425077699125], [0.0021324821282178164], [0.0005858736112713814], [0.0017540735425427556], [0.01376690436154604], [0.0014017043868079782], [0.06258422136306763], [0.00010903961810981855], [0.00011979964619968086], [0.0004250706697348505], [0.00031109017436392605], [0.025700172409415245]], "Y": [[0], [0], [0], [0], [0], [0], [-1], [0], [0], [0], [0], [0]]}