{"X": [[-0.28973788022994995], [-0.25328299403190613], [-0.29171985387802124], [-0.2679714858531952], [-0.03671744465827942], [-0.27675989270210266], [1.6188013553619385], [-0.29967132210731506], [-0.29936081171035767], [-0.2916770279407501], [-0.2951918840408325], [0.18291811645030975]], "Y": [[0], [0], [0], [0], [0], [0], [-1], [0], [0], [0], [0], [0]]}