{"X": [[-50.387237548828125], [-46.77975845336914], [-52.69630813598633], [-51.50375747680664], [-1.772031545639038], [-50.576114654541016], [906.7438354492188], [-53.976654052734375], [-53.87376022338867], [-50.62032699584961], [-53.27384948730469], [1025.677734375]], "Y": [[0], [0], [0], [0], [0], [0], [1], [0], [0], [0], [0], [1]]}