{"X": [[0.1556701958179474], [0.1320948451757431], [0.14217756688594818], [0.11745965480804443], [0.09933429956436157], [0.1317460834980011], [0.14579612016677856], [0.14213940501213074], [0.14272215962409973], [0.1580028384923935], [0.14150720834732056], [-1.1618551015853882]], "Y": [[0], [0], [0], [0], [0], [0], [0], [0], [0], [0], [0], [-1]]}