{"X": [[-38.3442497253418], [-34.626670837402344], [-38.38590621948242], [-37.51693344116211], [-10.593329429626465], [-37.14940643310547], [159.3251495361328], [-39.24364471435547], [-39.19466018676758], [-38.25466537475586], [-38.85809326171875], [-19.727109909057617]], "Y": [[0], [0], [0], [0], [0], [0], [-1], [0], [0], [0], [0], [0]]}