{"X": [[0.998816192150116], [0.49709653854370117], [0.8451315760612488], [0.37200409173965454], [-0.4023717939853668], [0.6480527520179749], [-1.4685180187225342], [0.8472649455070496], [0.856946587562561], [1.0610142946243286], [0.8254178166389465], [-3.818011522293091]], "Y": [[0], [0], [0], [0], [0], [0], [0], [0], [0], [0], [0], [-1]]}