{"X": [[0.2872600257396698], [1.3261581659317017], [0.32416924834251404], [1.0825591087341309], [5.238813877105713], [0.732968270778656], [20.33038330078125], [0.21124549210071564], [0.2062390297651291], [0.1912972778081894], [0.30633193254470825], [-16.899063110351562]], "Y": [[0], [0], [0], [0], [0], [0], [-1], [0], [0], [0], [0], [-1]]}