{"X": [[0.09750401228666306], [0.26539745926856995], [0.15564486384391785], [0.26722195744514465], [0.5260772705078125], [0.2074941098690033], [-5.8377556800842285], [0.15123699605464935], [0.14805029332637787], [0.08172319829463959], [0.15903641283512115], [-9.104347229003906]], "Y": [[0], [0], [0], [0], [0], [0], [1], [0], [0], [0], [0], [1]]}