{"X": [[3.962662696838379], [3.057053327560425], [3.6547672748565674], [2.952476739883423], [1.1290963888168335], [3.3233554363250732], [14.040430068969727], [3.6951534748077393], [3.7136995792388916], [4.065759658813477], [3.6435978412628174], [5.292232990264893]], "Y": [[0], [0], [0], [0], [0], [0], [-1], [0], [0], [0], [0], [0]]}