{"X": [[42.47291564941406], [36.97220230102539], [44.06532287597656], [39.17817687988281], [8.57869815826416], [38.78152084350586], [-335.4648742675781], [44.41000747680664], [44.344085693359375], [42.46329879760742], [44.16279220581055], [-194.98187255859375]], "Y": [[0], [0], [0], [0], [0], [0], [1], [0], [0], [0], [0], [1]]}