{"X": [[-0.9942958354949951], [-0.7230384945869446], [-0.8877292275428772], [-0.6866040825843811], [-0.549130916595459], [-0.8054227828979492], [-8.037917137145996], [-0.8773695230484009], [-0.8823841214179993], [-1.027836561203003], [-0.8713732957839966], [-7.98132848739624]], "Y": [[0], [0], [0], [0], [0], [0], [1], [0], [0], [0], [0], [1]]}