{"X": [[-0.05272437632083893], [-0.04756495729088783], [-0.05192771926522255], [-0.0467141792178154], [-0.015574309043586254], [-0.04914698004722595], [0.2624139189720154], [-0.053036365658044815], [-0.053013794124126434], [-0.052821338176727295], [-0.052497804164886475], [0.27687349915504456]], "Y": [[0], [0], [0], [0], [0], [0], [1], [0], [0], [0], [0], [1]]}