{"X": [[144.5542449951172], [119.88111114501953], [127.52484130859375], [101.84943389892578], [181.013427734375], [121.5085678100586], [1034.5050048828125], [124.26883697509766], [124.8174819946289], [151.06483459472656], [123.95980834960938], [-262.1990966796875]], "Y": [[0], [0], [0], [0], [0], [0], [-1], [0], [0], [0], [0], [0]]}