{"X": [[-10.628636360168457], [-18.69978141784668], [-1.0977833271026611], [1.5750677585601807], [-145.8059844970703], [-8.873245239257812], [-1074.2603759765625], [2.661161422729492], [2.332706928253174], [-13.307699203491211], [1.5989460945129395], [215.15286254882812]], "Y": [[0], [0], [0], [0], [0], [0], [-1], [0], [0], [0], [0], [0]]}