{"X": [[-0.858918309211731], [-0.8525091409683228], [-0.8547982573509216], [-0.8479827642440796], [-0.7729165554046631], [-0.850757360458374], [-0.2605730891227722], [-0.8585124611854553], [-0.8584315180778503], [-0.8581314086914062], [-0.8575617671012878], [0.19148100912570953]], "Y": [[0], [0], [0], [0], [0], [0], [-1], [0], [0], [0], [0], [-1]]}