{"X": [[-0.06844229251146317], [-0.06676556169986725], [-0.06794695556163788], [-0.06663447618484497], [-0.055760130286216736], [-0.06713101267814636], [-0.001117528765462339], [-0.06840379536151886], [-0.06840091198682785], [-0.06847082078456879], [-0.0682230144739151], [0.019481368362903595]], "Y": [[0], [0], [0], [0], [0], [0], [1], [0], [0], [0], [0], [1]]}