{"X": [[0.046200014650821686], [0.05075943470001221], [0.0564112551510334], [0.06542572379112244], [-0.024490203708410263], [0.05742376297712326], [-0.5078020095825195], [0.06043141707777977], [0.05984342098236084], [0.04429027810692787], [0.059170812368392944], [0.9214490056037903]], "Y": [[0], [0], [0], [0], [0], [0], [0], [0], [0], [0], [0], [-1]]}