{"X": [[0.02969421073794365], [0.029764356091618538], [0.029533429071307182], [0.029329584911465645], [0.029149800539016724], [0.02963981032371521], [0.015782978385686874], [0.029612267389893532], [0.02962588146328926], [0.029670879244804382], [0.029618974775075912], [-0.031057938933372498]], "Y": [[0], [0], [0], [0], [0], [0], [0], [0], [0], [0], [0], [-1]]}