{"X": [[55.2413330078125], [72.81502532958984], [53.243167877197266], [64.64999389648438], [172.06314086914062], [62.58219909667969], [985.6013793945312], [50.82191848754883], [50.88976287841797], [55.16401290893555], [51.88568878173828], [92.69959259033203]], "Y": [[0], [0], [0], [0], [0], [0], [-1], [0], [0], [0], [0], [0]]}