{"X": [[-0.1296011209487915], [-0.14046569168567657], [-0.13690918684005737], [-0.1480458676815033], [-0.10134541243314743], [-0.14113083481788635], [0.3658120930194855], [-0.13997094333171844], [-0.13954463601112366], [-0.12747138738632202], [-0.13955533504486084], [-0.25920799374580383]], "Y": [[0], [0], [0], [0], [0], [0], [-1], [0], [0], [0], [0], [0]]}