{"X": [[-0.24439606070518494], [-0.2629442512989044], [-0.24376431107521057], [-0.25553810596466064], [-0.3531511127948761], [-0.2506359815597534], [-0.36241263151168823], [-0.24031436443328857], [-0.2402796447277069], [-0.24322867393493652], [-0.24226340651512146], [0.6126973032951355]], "Y": [[0], [0], [0], [0], [0], [0], [0], [0], [0], [0], [0], [-1]]}