{"X": [[241.23609924316406], [191.47482299804688], [232.4553680419922], [196.11627197265625], [64.83946990966797], [208.17999267578125], [-756.2833251953125], [233.60780334472656], [233.84320068359375], [247.04457092285156], [231.3401336669922], [-980.1535034179688]], "Y": [[0], [0], [0], [0], [0], [0], [1], [0], [0], [0], [0], [1]]}