{"X": [[75.51177215576172], [50.922576904296875], [73.36402130126953], [56.32258605957031], [-28.649839401245117], [62.05696487426758], [-389.6338806152344], [74.76175689697266], [74.78987884521484], [77.6717300415039], [73.46022033691406], [14.708337783813477]], "Y": [[0], [0], [0], [0], [0], [0], [-1], [0], [0], [0], [0], [0]]}