{"X": [[16.29911231994629], [-8.11859130859375], [12.405501365661621], [-6.967881202697754], [-83.2978515625], [-0.13849613070487976], [-441.6648864746094], [13.720316886901855], [13.853671073913574], [18.353023529052734], [12.728130340576172], [-187.13758850097656]], "Y": [[0], [0], [0], [0], [0], [0], [-1], [0], [0], [0], [0], [0]]}