{"X": [[56.526145935058594], [27.81813621520996], [55.908687591552734], [33.74357223510742], [-100.00562286376953], [39.911865234375], [-935.4664916992188], [58.81667709350586], [58.81829833984375], [58.345333099365234], [57.296714782714844], [-238.32162475585938]], "Y": [[0], [0], [0], [0], [0], [0], [-1], [0], [0], [0], [0], [0]]}