{"X": [[6.356157302856445], [-13.819307327270508], [1.8587117195129395], [-14.635862350463867], [-70.29605102539062], [-5.1047563552856445], [-273.5011291503906], [3.2258541584014893], [3.3649299144744873], [8.892083168029785], [2.1798112392425537], [-115.41756439208984]], "Y": [[0], [0], [0], [0], [0], [0], [-1], [0], [0], [0], [0], [0]]}