{"X": [[44.72977828979492], [79.16268157958984], [43.93693161010742], [72.32423400878906], [225.03919982910156], [59.937381744384766], [1616.767822265625], [41.07831573486328], [41.07948303222656], [42.42550277709961], [43.053409576416016], [463.7428894042969]], "Y": [[0], [0], [0], [0], [0], [0], [-1], [0], [0], [0], [0], [0]]}