{"X": [[-2.141857624053955], [-1.9646224975585938], [-2.055798053741455], [-1.9551899433135986], [-2.3039376735687256], [-1.9924286603927612], [0.36882781982421875], [-2.012136459350586], [-2.0148661136627197], [-2.1785473823547363], [-2.0137317180633545], [6.488541603088379]], "Y": [[0], [0], [0], [0], [0], [0], [0], [0], [0], [0], [0], [-1]]}