{"X": [[20.46583366394043], [-14.00702953338623], [18.602197647094727], [-5.079514980316162], [-142.25209045410156], [1.2239184379577637], [-705.76025390625], [21.058330535888672], [21.112335205078125], [22.89776039123535], [19.394775390625], [217.10009765625]], "Y": [[0], [0], [0], [0], [0], [0], [-1], [0], [0], [0], [0], [0]]}