{"X": [[-6.235484600067139], [4.559685230255127], [-7.608559608459473], [-1.0470714569091797], [68.41980743408203], [0.42576226592063904], [509.1277160644531], [-9.063904762268066], [-8.971268653869629], [-6.136516571044922], [-8.544391632080078], [36.56505584716797]], "Y": [[0], [0], [0], [0], [0], [0], [-1], [0], [0], [0], [0], [0]]}