{"X": [[-1.9175922870635986], [-2.590085744857788], [-1.7834011316299438], [-2.2163450717926025], [-6.990981101989746], [-2.085780143737793], [-40.95673370361328], [-1.6201558113098145], [-1.6276705265045166], [-1.873550295829773], [-1.7145484685897827], [-4.786156177520752]], "Y": [[0], [0], [0], [0], [0], [0], [-1], [0], [0], [0], [0], [0]]}