{"X": [[-46.653987884521484], [-8.522054672241211], [-42.67921829223633], [-13.41529369354248], [124.34284210205078], [-23.89600944519043], [845.959228515625], [-45.17599105834961], [-45.3392448425293], [-49.6829948425293], [-43.339317321777344], [235.74166870117188]], "Y": [[0], [0], [0], [0], [0], [0], [-1], [0], [0], [0], [0], [0]]}