{"X": [[0.17652423679828644], [0.18594741821289062], [0.182401642203331], [0.1904362440109253], [0.24205027520656586], [0.18761761486530304], [0.7131184339523315], [0.18012413382530212], [0.1800377517938614], [0.17622847855091095], [0.180932879447937], [1.5953240394592285]], "Y": [[0], [0], [0], [0], [0], [0], [0], [0], [0], [0], [0], [-1]]}