{"X": [[-3.502366542816162], [-3.1208713054656982], [-3.3090102672576904], [-2.9874086380004883], [-3.07824444770813], [-3.1770429611206055], [-4.522732257843018], [-3.278869390487671], [-3.2874069213867188], [-3.556466817855835], [-3.271965980529785], [10.922365188598633]], "Y": [[0], [0], [0], [0], [0], [0], [0], [0], [0], [0], [0], [-1]]}