{"X": [[82.8045883178711], [72.49756622314453], [81.33564758300781], [71.41524505615234], [58.02292251586914], [76.0457534790039], [-216.8804168701172], [80.9203109741211], [80.9655990600586], [84.50576782226562], [80.35924530029297], [-462.8082275390625]], "Y": [[0], [0], [0], [0], [0], [0], [-1], [0], [0], [0], [0], [-1]]}