{"X": [[-1.0763847827911377], [-0.5987481474876404], [-0.923610270023346], [-0.5241286158561707], [-0.21513554453849792], [-0.7408403754234314], [-2.217550039291382], [-0.899260401725769], [-0.9071484804153442], [-1.1370484828948975], [-0.8807432651519775], [0.37683284282684326]], "Y": [[0], [0], [0], [0], [0], [0], [-1], [0], [0], [0], [0], [0]]}