{"X": [[-46.59449768066406], [-1.9400463104248047], [-37.87303161621094], [0.07205194234848022], [99.90171813964844], [-16.564393997192383], [560.8898315429688], [-38.870018005371094], [-39.133052825927734], [-51.795196533203125], [-37.16712188720703], [200.00692749023438]], "Y": [[0], [0], [0], [0], [0], [0], [-1], [0], [0], [0], [0], [0]]}