{"X": [[-0.495771199464798], [-1.0455034971237183], [-0.6226162314414978], [-1.0359878540039062], [-2.37155818939209], [-0.8299802541732788], [-5.636272430419922], [-0.6010919809341431], [-0.5953670740127563], [-0.4343236982822418], [-0.6326351761817932], [-0.6481594443321228]], "Y": [[0], [0], [0], [0], [0], [0], [-1], [0], [0], [0], [0], [0]]}