{"X": [[-0.3884550929069519], [-0.3168637156486511], [-0.3809344470500946], [-0.32362279295921326], [0.10971050709486008], [-0.3496069610118866], [2.6870059967041016], [-0.39737576246261597], [-0.3973064422607422], [-0.3912719786167145], [-0.38950440287590027], [1.7303756475448608]], "Y": [[0], [0], [0], [0], [0], [0], [1], [0], [0], [0], [0], [1]]}