{"X": [[49.956024169921875], [31.17511749267578], [46.66050720214844], [29.902936935424805], [-12.716397285461426], [35.84062576293945], [-225.15475463867188], [47.03678512573242], [47.11357116699219], [52.30316162109375], [46.41170120239258], [-173.70980834960938]], "Y": [[0], [0], [0], [0], [0], [0], [1], [0], [0], [0], [0], [1]]}