{"X": [[4.512040615081787], [4.186856269836426], [4.322490215301514], [3.997633457183838], [4.315931797027588], [4.177994728088379], [8.333969116210938], [4.2863054275512695], [4.295296669006348], [4.555814266204834], [4.2802605628967285], [-12.177084922790527]], "Y": [[0], [0], [0], [0], [0], [0], [0], [0], [0], [0], [0], [-1]]}