{"X": [[20.01348304748535], [35.57632827758789], [24.62811851501465], [37.879146575927734], [58.314544677734375], [29.558305740356445], [-164.0582733154297], [24.38844108581543], [24.205337524414062], [17.7030086517334], [25.028831481933594], [-231.34800720214844]], "Y": [[0], [0], [0], [0], [0], [0], [1], [0], [0], [0], [0], [1]]}