{"X": [[-0.13552111387252808], [-0.14647386968135834], [-0.14123691618442535], [-0.147966668009758], [-0.14944732189178467], [-0.14631621539592743], [-0.5413926839828491], [-0.1424003392457962], [-0.1422673463821411], [-0.13367651402950287], [-0.14272868633270264], [-1.345249056816101]], "Y": [[0], [0], [0], [0], [0], [0], [0], [0], [0], [0], [0], [-1]]}