{"X": [[0.1551177054643631], [0.14544372260570526], [0.1470520794391632], [0.13485191762447357], [0.19422681629657745], [0.1432187706232071], [0.8724873661994934], [0.14360842108726501], [0.14414051175117493], [0.15716838836669922], [0.14427395164966583], [0.116237111389637]], "Y": [[0], [0], [0], [0], [0], [0], [-1], [0], [0], [0], [0], [0]]}