{"X": [[-0.1890399008989334], [-0.18809732794761658], [-0.19094082713127136], [-0.19082915782928467], [-0.1823425143957138], [-0.1905345767736435], [0.30322209000587463], [-0.19072002172470093], [-0.1905827820301056], [-0.18926186859607697], [-0.19045598804950714], [0.1343216896057129]], "Y": [[0], [0], [0], [0], [0], [0], [1], [0], [0], [0], [0], [1]]}