{"X": [[0.01745099388062954], [0.01712324656546116], [0.017463840544223785], [0.016818976029753685], [0.011329522356390953], [0.017443835735321045], [-0.01393430121243], [0.017808379605412483], [0.017810847610235214], [0.017372284084558487], [0.017733607441186905], [0.008136911317706108]], "Y": [[0], [0], [0], [0], [0], [0], [-1], [0], [0], [0], [0], [0]]}