{"X": [[0.6743871569633484], [1.2740620374679565], [0.5637314915657043], [0.9481277465820312], [4.62768030166626], [0.8279414176940918], [32.21554183959961], [0.4516022801399231], [0.4563637971878052], [0.621883749961853], [0.5294947028160095], [0.6813520789146423]], "Y": [[0], [0], [0], [0], [0], [0], [-1], [0], [0], [0], [0], [0]]}