{"X": [[-0.7333452105522156], [-0.16607126593589783], [-0.6690009236335754], [-0.20443134009838104], [1.7700556516647339], [-0.4468509256839752], [13.786450386047363], [-0.7179906368255615], [-0.7221670746803284], [-0.7876091003417969], [-0.6739846467971802], [0.08398743718862534]], "Y": [[0], [0], [0], [0], [0], [0], [-1], [0], [0], [0], [0], [0]]}