{"X": [[-0.0024444155860692263], [-0.004655030556023121], [-0.0012340465327724814], [-0.002269686898216605], [-0.007578610442578793], [-0.0026878933422267437], [-0.45504194498062134], [-0.0018238140037283301], [-0.0019409226952120662], [-0.001994721358641982], [-0.002056070137768984], [-0.38403114676475525]], "Y": [[0], [0], [0], [0], [0], [0], [1], [0], [0], [0], [0], [1]]}