{"X": [[1.0506471395492554], [-0.005630793981254101], [0.6804940700531006], [-0.09197527915239334], [-1.5472307205200195], [0.323158323764801], [14.463449478149414], [0.6880841255187988], [0.7095066905021667], [1.1802992820739746], [0.6415903568267822], [9.107267379760742]], "Y": [[0], [0], [0], [0], [0], [0], [1], [0], [0], [0], [0], [1]]}