{"X": [[-100.09661102294922], [-85.63862609863281], [-85.25750732421875], [-67.01736450195312], [-158.15606689453125], [-84.70759582519531], [-1010.73974609375], [-82.54557037353516], [-83.0072021484375], [-105.2940444946289], [-82.53695678710938], [311.4365539550781]], "Y": [[0], [0], [0], [0], [0], [0], [-1], [0], [0], [0], [0], [0]]}