{"X": [[1.0591336488723755], [0.9779998064041138], [1.0331171751022339], [0.9647926092147827], [0.636123538017273], [0.9973325133323669], [-1.852556586265564], [1.0440938472747803], [1.0447529554367065], [1.0650572776794434], [1.0376683473587036], [-3.8556320667266846]], "Y": [[0], [0], [0], [0], [0], [0], [-1], [0], [0], [0], [0], [-1]]}