{"X": [[-0.6178860068321228], [-1.4138884544372559], [-0.5852721333503723], [-1.1616780757904053], [-5.076837062835693], [-0.9218421578407288], [-31.450918197631836], [-0.47123706340789795], [-0.472383975982666], [-0.5417323708534241], [-0.5568581819534302], [-3.1871728897094727]], "Y": [[0], [0], [0], [0], [0], [0], [-1], [0], [0], [0], [0], [0]]}