{"X": [[34.23485565185547], [37.74964141845703], [35.33858108520508], [39.97028350830078], [36.64902114868164], [36.42133331298828], [-14.642829895019531], [35.8370361328125], [35.74047088623047], [34.19408416748047], [35.81415939331055], [-127.1135025024414]], "Y": [[0], [0], [0], [0], [0], [0], [0], [0], [0], [0], [0], [-1]]}