{"X": [[1.1732239723205566], [0.14053145051002502], [1.0443495512008667], [0.2590824365615845], [-2.8366456031799316], [0.6303462982177734], [-20.702970504760742], [1.1021240949630737], [1.1095612049102783], [1.2884888648986816], [1.0230358839035034], [-5.193980693817139]], "Y": [[0], [0], [0], [0], [0], [0], [-1], [0], [0], [0], [0], [0]]}