{"X": [[0.07436245679855347], [0.07333620637655258], [0.07421398162841797], [0.07304356247186661], [0.06181954964995384], [0.07380902767181396], [-0.005628001410514116], [0.07477454841136932], [0.07477554678916931], [0.07429894059896469], [0.07460412383079529], [-0.006323179230093956]], "Y": [[0], [0], [0], [0], [0], [0], [1], [0], [0], [0], [0], [1]]}