{"X": [[-0.038457293063402176], [-0.03706279769539833], [-0.038097724318504333], [-0.03699960559606552], [-0.02585795521736145], [-0.03745393082499504], [0.03957519680261612], [-0.03859898820519447], [-0.03859252482652664], [-0.03845381736755371], [-0.03841892629861832], [0.05524371191859245]], "Y": [[0], [0], [0], [0], [0], [0], [1], [0], [0], [0], [0], [1]]}