{"X": [[24.226171493530273], [-5.963529586791992], [18.630779266357422], [-7.852015972137451], [-73.39392852783203], [5.99070405960083], [-455.97430419921875], [19.187944412231445], [19.3897705078125], [27.7893123626709], [17.85533332824707], [-162.9065704345703]], "Y": [[0], [0], [0], [0], [0], [0], [-1], [0], [0], [0], [0], [0]]}