{"X": [[6.419480323791504], [21.005859375], [8.825584411621094], [21.2177791595459], [55.24211502075195], [19.606016159057617], [37.34168243408203], [8.77769947052002], [8.689391136169434], [5.2413554191589355], [8.899364471435547], [-99.4674301147461]], "Y": [[0], [0], [0], [0], [0], [0], [0], [0], [0], [0], [0], [-1]]}