{"X": [[0.027670569717884064], [0.025744058191776276], [0.027395207434892654], [0.026179419830441475], [0.01399404276162386], [0.026523325592279434], [-0.026128508150577545], [0.027874527499079704], [0.027866490185260773], [0.027711424976587296], [0.027667244896292686], [0.007239482831209898]], "Y": [[0], [0], [0], [0], [0], [0], [-1], [0], [0], [0], [0], [0]]}