{"X": [[-68.74761962890625], [8.871464729309082], [-53.87820053100586], [9.969776153564453], [196.58978271484375], [-21.912900924682617], [1026.7803955078125], [-56.41636657714844], [-56.911521911621094], [-77.71613311767578], [-52.995845794677734], [213.4046173095703]], "Y": [[0], [0], [0], [0], [0], [0], [-1], [0], [0], [0], [0], [0]]}