{"X": [[0.18601654469966888], [0.16982464492321014], [0.1833721399307251], [0.1717250496149063], [0.10163810849189758], [0.17659255862236023], [-0.6878170967102051], [0.18534569442272186], [0.1853354275226593], [0.1874265819787979], [0.183866485953331], [-0.7558953762054443]], "Y": [[0], [0], [0], [0], [0], [0], [1], [0], [0], [0], [0], [1]]}