{"X": [[-0.0030082131270319223], [0.010740642435848713], [0.005420377478003502], [0.017362341284751892], [0.05316988378763199], [0.011324024759232998], [0.21247637271881104], [0.003999981563538313], [0.0037049755919724703], [-0.004260174464434385], [0.004735280759632587], [1.1573312282562256]], "Y": [[0], [0], [0], [0], [0], [0], [0], [0], [0], [0], [0], [-1]]}