{"X": [[-3.5555741786956787], [30.583152770996094], [1.988442301750183], [31.033832550048828], [124.63236999511719], [17.461946487426758], [775.6104125976562], [0.6499457955360413], [0.4587962031364441], [-6.876495838165283], [2.0487582683563232], [386.2587585449219]], "Y": [[0], [0], [0], [0], [0], [0], [-1], [0], [0], [0], [0], [0]]}