{"X": [[154.98341369628906], [121.66764831542969], [146.80380249023438], [117.96644592285156], [68.75265502929688], [133.43414306640625], [-314.72979736328125], [146.65396118164062], [146.9169921875], [160.27175903320312], [145.12095642089844], [-639.4569702148438]], "Y": [[0], [0], [0], [0], [0], [0], [-1], [0], [0], [0], [0], [-1]]}