{"X": [[-0.6663691997528076], [22.229135513305664], [-2.063638210296631], [11.68225383758545], [131.32403564453125], [10.432600021362305], [718.688232421875], [-4.253206729888916], [-4.232837677001953], [-1.3212882280349731], [-3.0183191299438477], [-207.4343719482422]], "Y": [[0], [0], [0], [0], [0], [0], [-1], [0], [0], [0], [0], [0]]}