{"X": [[-81.2548599243164], [-114.11750793457031], [-74.54332733154297], [-96.16556549072266], [-322.4162902832031], [-92.09351348876953], [-2110.649169921875], [-69.12323760986328], [-69.34746551513672], [-81.37383270263672], [-71.38922119140625], [-221.83522033691406]], "Y": [[0], [0], [0], [0], [0], [0], [-1], [0], [0], [0], [0], [0]]}