{"X": [[4.975828170776367], [4.897003650665283], [4.806302547454834], [4.688683986663818], [5.8173909187316895], [4.773238182067871], [15.226588249206543], [4.754260540008545], [4.761488437652588], [4.99682092666626], [4.76765251159668], [-11.059460639953613]], "Y": [[0], [0], [0], [0], [0], [0], [0], [0], [0], [0], [0], [-1]]}