{"X": [[1.2963546514511108], [1.049448013305664], [1.296380877494812], [1.1783515214920044], [-0.7446994185447693], [1.180188775062561], [-12.01173210144043], [1.370719313621521], [1.3688139915466309], [1.3138283491134644], [1.3325629234313965], [-10.594371795654297]], "Y": [[0], [0], [0], [0], [0], [0], [1], [0], [0], [0], [0], [1]]}