{"X": [[47.86688232421875], [57.43294143676758], [45.88671875], [51.680545806884766], [120.20635223388672], [51.3847541809082], [567.16845703125], [44.468223571777344], [44.49452590942383], [48.53325653076172], [44.963111877441406], [-171.5501251220703]], "Y": [[0], [0], [0], [0], [0], [0], [-1], [0], [0], [0], [0], [0]]}