{"X": [[-20.59406089782715], [-20.53449249267578], [-18.73570442199707], [-16.39006996154785], [-44.507476806640625], [-19.776153564453125], [-174.77354431152344], [-17.705026626586914], [-17.817607879638672], [-21.310911178588867], [-17.824182510375977], [149.24574279785156]], "Y": [[0], [0], [0], [0], [0], [0], [-1], [0], [0], [0], [0], [-1]]}