{"X": [[0.004436051473021507], [0.00430306838825345], [0.004229264333844185], [0.003939388785511255], [0.0028942390345036983], [0.004311042837798595], [-0.017180122435092926], [0.004362826235592365], [0.0043736835941672325], [0.004431029316037893], [0.004351029172539711], [-0.04762900993227959]], "Y": [[0], [0], [0], [0], [0], [0], [-1], [0], [0], [0], [0], [-1]]}