{"X": [[137.75294494628906], [117.78670501708984], [122.40321350097656], [103.45404815673828], [171.62413024902344], [117.98900604248047], [1367.7041015625], [120.02043151855469], [120.51011657714844], [143.1220245361328], [119.66178131103516], [198.03616333007812]], "Y": [[0], [0], [0], [0], [0], [0], [-1], [0], [0], [0], [0], [0]]}