{"X": [[-1.5499391555786133], [-2.113922595977783], [-1.4240078926086426], [-1.7802315950393677], [-5.485218048095703], [-1.6734710931777954], [-33.37085723876953], [-1.3069747686386108], [-1.3128973245620728], [-1.5010972023010254], [-1.3850644826889038], [-1.5089823007583618]], "Y": [[0], [0], [0], [0], [0], [0], [-1], [0], [0], [0], [0], [0]]}