{"X": [[2.192425012588501], [1.8090158700942993], [2.1415038108825684], [1.8845531940460205], [0.39726921916007996], [1.9986814260482788], [1.2665843963623047], [2.186107873916626], [2.1886179447174072], [2.2217679023742676], [2.155118942260742], [12.483750343322754]], "Y": [[0], [0], [0], [0], [0], [0], [0], [0], [0], [0], [0], [-1]]}