{"X": [[0.15464426577091217], [0.1434388905763626], [0.15477697551250458], [0.1482713371515274], [0.10303559899330139], [0.14997948706150055], [-0.4459332227706909], [0.15544065833091736], [0.15535177290439606], [0.155829057097435], [0.1543702930212021], [-0.16804760694503784]], "Y": [[0], [0], [0], [0], [0], [0], [-1], [0], [0], [0], [0], [-1]]}