{"X": [[-12.11084270477295], [-17.148094177246094], [-10.054886817932129], [-12.052648544311523], [-59.39623260498047], [-14.83095645904541], [-386.50732421875], [-9.082427024841309], [-9.173632621765137], [-13.023968696594238], [-9.329581260681152], [90.89855194091797]], "Y": [[0], [0], [0], [0], [0], [0], [-1], [0], [0], [0], [0], [0]]}