{"X": [[-0.4097383916378021], [-0.10754016786813736], [-0.3159765899181366], [-0.04861878976225853], [0.4284909963607788], [-0.20811310410499573], [1.1753336191177368], [-0.3188841640949249], [-0.3248235285282135], [-0.44867464900016785], [-0.3057715594768524], [0.8058834075927734]], "Y": [[0], [0], [0], [0], [0], [0], [0], [0], [0], [0], [0], [0]]}