{"X": [[0.4909946024417877], [-0.4065224230289459], [0.48474249243736267], [-0.1761264055967331], [-4.029786109924316], [0.1138809472322464], [-20.26909828186035], [0.589405357837677], [0.5911495089530945], [0.5737783908843994], [0.5043779611587524], [13.148804664611816]], "Y": [[0], [0], [0], [0], [0], [0], [-1], [0], [0], [0], [0], [-1]]}