{"X": [[2.3287277221679688], [2.9293034076690674], [2.1558125019073486], [2.5148589611053467], [7.436158657073975], [2.4231247901916504], [43.77754211425781], [1.9798558950424194], [1.9899250268936157], [2.291081428527832], [2.0745387077331543], [4.079753875732422]], "Y": [[0], [0], [0], [0], [0], [0], [-1], [0], [0], [0], [0], [0]]}