{"X": [[0.030411751940846443], [0.026874391362071037], [0.031576499342918396], [0.02962011843919754], [0.01513836532831192], [0.02959541045129299], [-0.46938905119895935], [0.0313468836247921], [0.03122110851109028], [0.03089701570570469], [0.030953867360949516], [-0.34238100051879883]], "Y": [[0], [0], [0], [0], [0], [0], [1], [0], [0], [0], [0], [1]]}