{"X": [[0.1835562139749527], [0.16332268714904785], [0.17365387082099915], [0.15176250040531158], [0.1389324814081192], [0.16474953293800354], [0.4502251148223877], [0.1732679158449173], [0.17378753423690796], [0.18563060462474823], [0.1727292388677597], [-0.25115495920181274]], "Y": [[0], [0], [0], [0], [0], [0], [-1], [0], [0], [0], [0], [-1]]}