{"X": [[-71.66078186035156], [-82.27571105957031], [-71.01519012451172], [-78.45038604736328], [-138.79867553710938], [-74.73233032226562], [-604.484619140625], [-69.41927337646484], [-69.43467712402344], [-71.1736831665039], [-70.13233947753906], [14.074442863464355]], "Y": [[0], [0], [0], [0], [0], [0], [-1], [0], [0], [0], [0], [0]]}