{"X": [[-6.969649791717529], [1.4517922401428223], [-4.464857578277588], [2.540318727493286], [16.2910099029541], [-1.2803900241851807], [-101.14237213134766], [-4.840331077575684], [-4.912322521209717], [-8.443760871887207], [-4.4910454750061035], [-71.59516906738281]], "Y": [[0], [0], [0], [0], [0], [0], [1], [0], [0], [0], [0], [1]]}