{"X": [[4.294553279876709], [-14.44205093383789], [-0.336113840341568], [-16.1927490234375], [-48.5865478515625], [-7.386922836303711], [-110.66322326660156], [-0.049066025763750076], [0.12235098332166672], [6.308148384094238], [-0.8358666300773621], [-73.1168212890625]], "Y": [[0], [0], [0], [0], [0], [0], [0], [0], [0], [0], [0], [0]]}