{"X": [[-21.860422134399414], [-55.65071105957031], [-20.480100631713867], [-46.61672592163086], [-214.03221130371094], [-39.18828201293945], [-1617.9854736328125], [-17.342329025268555], [-17.336240768432617], [-20.510883331298828], [-19.13971519470215], [-496.3618469238281]], "Y": [[0], [0], [0], [0], [0], [0], [-1], [0], [0], [0], [0], [0]]}