{"X": [[-140.68516540527344], [-127.24259948730469], [-135.90806579589844], [-123.95549774169922], [-127.97103118896484], [-131.88275146484375], [97.76362609863281], [-134.86102294921875], [-135.00503540039062], [-143.7124481201172], [-134.15565490722656], [652.5661010742188]], "Y": [[0], [0], [0], [0], [0], [0], [0], [0], [0], [0], [0], [-1]]}