{"X": [[-2.431879997253418], [-2.324753761291504], [-2.4499690532684326], [-2.4357569217681885], [-1.1352285146713257], [-2.4121992588043213], [-1.6143085956573486], [-2.5121898651123047], [-2.511279582977295], [-2.42746639251709], [-2.4876949787139893], [-9.565650939941406]], "Y": [[0], [0], [0], [0], [0], [0], [0], [0], [0], [0], [0], [-1]]}