{"X": [[-151.1592559814453], [-148.67698669433594], [-132.827392578125], [-127.08000946044922], [-295.5084228515625], [-139.55499267578125], [-2344.876708984375], [-128.58526611328125], [-129.16465759277344], [-155.96055603027344], [-129.33895874023438], [-313.25396728515625]], "Y": [[0], [0], [0], [0], [0], [0], [-1], [0], [0], [0], [0], [0]]}