{"X": [[-102.75370788574219], [-74.88695526123047], [-99.95822143554688], [-76.61170959472656], [1.6683281660079956], [-86.3558120727539], [818.2140502929688], [-100.50456237792969], [-100.58261108398438], [-105.75019836425781], [-99.1590805053711], [661.0330200195312]], "Y": [[0], [0], [0], [0], [0], [0], [1], [0], [0], [0], [0], [1]]}