{"X": [[20.658010482788086], [-0.7402633428573608], [16.331449508666992], [-3.0512824058532715], [-43.6286506652832], [3.5102858543395996], [-66.98243713378906], [16.488080978393555], [16.629472732543945], [22.812131881713867], [16.03676414489746], [50.54256820678711]], "Y": [[0], [0], [0], [0], [0], [0], [0], [0], [0], [0], [0], [0]]}