{"X": [[-22.048185348510742], [-51.1963996887207], [-23.999269485473633], [-46.927757263183594], [-163.5579376220703], [-35.19806671142578], [-1031.0020751953125], [-21.503307342529297], [-21.434097290039062], [-19.582103729248047], [-23.077117919921875], [-210.94964599609375]], "Y": [[0], [0], [0], [0], [0], [0], [-1], [0], [0], [0], [0], [0]]}