{"X": [[-0.021993575617671013], [-0.02069544978439808], [-0.021762894466519356], [-0.02041018009185791], [-0.011179077439010143], [-0.0209945235401392], [0.05331789329648018], [-0.022130198776721954], [-0.022125650197267532], [-0.021981174126267433], [-0.021980775520205498], [0.06812282651662827]], "Y": [[0], [0], [0], [0], [0], [0], [1], [0], [0], [0], [0], [1]]}