{"X": [[-28.694124221801758], [-17.508289337158203], [-27.766651153564453], [-18.044702529907227], [21.07563591003418], [-22.796398162841797], [405.91412353515625], [-28.192760467529297], [-28.233535766601562], [-29.55902862548828], [-27.685218811035156], [112.94011688232422]], "Y": [[0], [0], [0], [0], [0], [0], [-1], [0], [0], [0], [0], [0]]}