{"X": [[0.10681679844856262], [0.10324373096227646], [0.10873612016439438], [0.10602516680955887], [0.08899272978305817], [0.1066102385520935], [-0.38992467522621155], [0.10855774581432343], [0.10842744261026382], [0.10722578316926956], [0.10811012983322144], [-0.14571315050125122]], "Y": [[0], [0], [0], [0], [0], [0], [-1], [0], [0], [0], [0], [-1]]}