{"X": [[0.19554433226585388], [0.1895374357700348], [0.1981229931116104], [0.19402606785297394], [0.16598272323608398], [0.19495698809623718], [-0.267940878868103], [0.19814437627792358], [0.19798333942890167], [0.19608835875988007], [0.19745378196239471], [0.26081952452659607]], "Y": [[0], [0], [0], [0], [0], [0], [-1], [0], [0], [0], [0], [0]]}