{"X": [[-15.451512336730957], [-11.430801391601562], [-13.3047513961792], [-8.469181060791016], [-17.467897415161133], [-11.243724822998047], [-148.12530517578125], [-12.831765174865723], [-12.907758712768555], [-16.891347885131836], [-12.704093933105469], [115.3525390625]], "Y": [[0], [0], [0], [0], [0], [0], [-1], [0], [0], [0], [0], [-1]]}