{"X": [[18.046323776245117], [-10.655980110168457], [13.816226959228516], [-9.261430740356445], [-101.85498046875], [-0.9889707565307617], [-479.85955810546875], [15.29015064239502], [15.480987548828125], [20.332368850708008], [14.109175682067871], [-158.73985290527344]], "Y": [[0], [0], [0], [0], [0], [0], [-1], [0], [0], [0], [0], [0]]}