{"X": [[2.593360424041748], [1.863796353340149], [2.448345899581909], [1.7979021072387695], [-0.19283460080623627], [2.1421408653259277], [-10.997538566589355], [2.4868650436401367], [2.4945590496063232], [2.6720306873321533], [2.438819646835327], [-6.291672229766846]], "Y": [[0], [0], [0], [0], [0], [0], [1], [0], [0], [0], [0], [1]]}