{"X": [[4.945815563201904], [4.566296577453613], [4.6999125480651855], [4.362802028656006], [4.679455757141113], [4.550514221191406], [8.473926544189453], [4.666150093078613], [4.677299976348877], [5.001415252685547], [4.657830715179443], [-21.4035701751709]], "Y": [[0], [0], [0], [0], [0], [0], [0], [0], [0], [0], [0], [-1]]}