{"X": [[0.9811843633651733], [-0.1016564816236496], [0.8767908215522766], [0.07878956198692322], [-3.2713711261749268], [0.4475368857383728], [-17.621376037597656], [0.9396861791610718], [0.9467803239822388], [1.1004292964935303], [0.8543857336044312], [8.255013465881348]], "Y": [[0], [0], [0], [0], [0], [0], [-1], [0], [0], [0], [0], [0]]}