{"X": [[-0.45708167552948], [-0.4940151870250702], [-0.6585161685943604], [-0.8295345306396484], [1.570038080215454], [-0.6733494997024536], [8.632551193237305], [-0.7740354537963867], [-0.7637439370155334], [-0.4119773507118225], [-0.7395233511924744], [-26.04918670654297]], "Y": [[0], [0], [0], [0], [0], [0], [0], [0], [0], [0], [0], [-1]]}