{"X": [[2.9913856983184814], [3.276920795440674], [2.7456789016723633], [2.773097276687622], [7.360524654388428], [2.877795457839966], [44.20448684692383], [2.562437057495117], [2.5765926837921143], [2.9956912994384766], [2.6430106163024902], [4.527068614959717]], "Y": [[0], [0], [0], [0], [0], [0], [-1], [0], [0], [0], [0], [0]]}