{"X": [[-0.0829181969165802], [-0.06884145736694336], [-0.08076983690261841], [-0.06984709948301315], [0.01309941615909338], [-0.07554052770137787], [0.1144598051905632], [-0.08438141644001007], [-0.0844850242137909], [-0.08348272740840912], [-0.08289100974798203], [-0.16502007842063904]], "Y": [[0], [0], [0], [0], [0], [0], [0], [0], [0], [0], [0], [0]]}