{"X": [[0.47864779829978943], [1.7329633235931396], [0.6769450902938843], [1.5377459526062012], [5.516589164733887], [1.1443238258361816], [21.12198257446289], [0.5857626795768738], [0.5739763379096985], [0.34712299704551697], [0.6807556748390198], [0.1480528861284256]], "Y": [[0], [0], [0], [0], [0], [0], [-1], [0], [0], [0], [0], [0]]}