{"X": [[2.7481038570404053], [2.201932907104492], [2.570084571838379], [2.049440383911133], [1.558072566986084], [2.3547163009643555], [5.423842906951904], [2.555494785308838], [2.5670979022979736], [2.820636034011841], [2.534083843231201], [2.4467482566833496]], "Y": [[0], [0], [0], [0], [0], [0], [-1], [0], [0], [0], [0], [0]]}