{"X": [[-5.519576072692871], [-5.178532600402832], [-5.258601665496826], [-4.915480136871338], [-5.919749736785889], [-5.129330635070801], [-17.2130069732666], [-5.193080902099609], [-5.207205772399902], [-5.5795698165893555], [-5.196650505065918], [12.000085830688477]], "Y": [[0], [0], [0], [0], [0], [0], [-1], [0], [0], [0], [0], [-1]]}