{"X": [[-0.20194831490516663], [-0.19692198932170868], [-0.19111482799053192], [-0.1786828637123108], [-0.27477726340293884], [-0.18934351205825806], [-0.9553932547569275], [-0.1868034303188324], [-0.18747203052043915], [-0.203665629029274], [-0.18815937638282776], [0.4672265350818634]], "Y": [[0], [0], [0], [0], [0], [0], [-1], [0], [0], [0], [0], [-1]]}