{"X": [[-50.02803421020508], [-63.34666442871094], [-50.88811111450195], [-58.94696044921875], [-126.05078887939453], [-56.952938079833984], [-199.4821014404297], [-49.00758361816406], [-48.95426940917969], [-49.60747146606445], [-49.79258346557617], [334.292236328125]], "Y": [[0], [0], [0], [0], [0], [0], [0], [0], [0], [0], [0], [-1]]}