{"X": [[4.832406520843506], [-0.2161378413438797], [9.948583602905273], [9.681435585021973], [-65.5852279663086], [4.389156341552734], [-613.3111572265625], [11.417765617370605], [11.283082008361816], [3.1326138973236084], [10.919983863830566], [58.577152252197266]], "Y": [[0], [0], [0], [0], [0], [0], [-1], [0], [0], [0], [0], [0]]}