{"X": [[-0.030077515169978142], [-0.029708489775657654], [-0.029782138764858246], [-0.029142415151000023], [-0.029090214520692825], [-0.029506051912903786], [-0.019615808501839638], [-0.02974569797515869], [-0.029759353026747704], [-0.03011644072830677], [-0.029738212004303932], [0.03160034120082855]], "Y": [[0], [0], [0], [0], [0], [0], [0], [0], [0], [0], [0], [-1]]}