{"X": [[0.031412020325660706], [0.027931246906518936], [0.03671921789646149], [0.03737311437726021], [0.00797311868518591], [0.035612061619758606], [-0.3248720169067383], [0.03698421269655228], [0.03673066571354866], [0.03179220110177994], [0.036265987902879715], [0.6647781729698181]], "Y": [[0], [0], [0], [0], [0], [0], [0], [0], [0], [0], [0], [-1]]}