{"X": [[33.00880432128906], [69.42433166503906], [31.73494529724121], [59.858848571777344], [228.80935668945312], [50.832332611083984], [1581.252685546875], [28.650104522705078], [28.636966705322266], [30.993940353393555], [30.725616455078125], [348.2291564941406]], "Y": [[0], [0], [0], [0], [0], [0], [-1], [0], [0], [0], [0], [0]]}