{"X": [[-0.023345796391367912], [-0.02189611829817295], [-0.023104414343833923], [-0.02173275128006935], [-0.011497953906655312], [-0.02226148173213005], [0.06021835654973984], [-0.023510990664362907], [-0.023506086319684982], [-0.023334329947829247], [-0.023345105350017548], [0.07618915289640427]], "Y": [[0], [0], [0], [0], [0], [0], [1], [0], [0], [0], [0], [1]]}