{"X": [[-0.011222871951758862], [-0.00959961861371994], [-0.011054012924432755], [-0.009879469871520996], [0.002475622808560729], [-0.010362764820456505], [0.04980295151472092], [-0.011572026647627354], [-0.011561851017177105], [-0.011230058036744595], [-0.011366074904799461], [0.006385729182511568]], "Y": [[0], [0], [0], [0], [0], [0], [-1], [0], [0], [0], [0], [0]]}