{"X": [[0.06942407786846161], [0.04782393202185631], [0.05980929732322693], [0.04085731878876686], [-0.05558663234114647], [0.05005624517798424], [-0.9572517275810242], [0.06361472606658936], [0.06377887725830078], [0.07069957256317139], [0.061896614730358124], [-1.9900010824203491]], "Y": [[0], [0], [0], [0], [0], [0], [-1], [0], [0], [0], [0], [-1]]}