{"X": [[0.03345009684562683], [0.028224457055330276], [0.026089245453476906], [0.01864694617688656], [0.10390910506248474], [0.024613142013549805], [0.7767536640167236], [0.021670730784535408], [0.02218570001423359], [0.035529278218746185], [0.02275748737156391], [-0.09028078615665436]], "Y": [[0], [0], [0], [0], [0], [0], [-1], [0], [0], [0], [0], [0]]}