{"X": [[-3.4283456802368164], [-3.90173077583313], [-3.086729049682617], [-3.200131893157959], [-10.801017761230469], [-3.31182861328125], [-60.032962799072266], [-2.762688159942627], [-2.7819883823394775], [-3.4570937156677246], [-2.8910810947418213], [1.2013633251190186]], "Y": [[0], [0], [0], [0], [0], [0], [-1], [0], [0], [0], [0], [0]]}