{"X": [[2.372926950454712], [2.988074779510498], [2.2392618656158447], [2.6262457370758057], [6.835265636444092], [2.510668992996216], [36.721920013427734], [2.101313352584839], [2.10807466506958], [2.326139450073242], [2.1863718032836914], [1.2447482347488403]], "Y": [[0], [0], [0], [0], [0], [0], [-1], [0], [0], [0], [0], [0]]}