{"X": [[-1.0310925245285034], [-26.519248962402344], [-5.240875720977783], [-26.940567016601562], [-94.80216217041016], [-20.599742889404297], [-330.8224792480469], [-4.695501327514648], [-4.534207820892334], [0.5427138805389404], [-5.397749900817871], [13.642863273620605]], "Y": [[0], [0], [0], [0], [0], [0], [-1], [0], [0], [0], [0], [0]]}