{"X": [[0.7237765789031982], [-0.36992308497428894], [0.5514922142028809], [-0.22339661419391632], [-3.6505470275878906], [0.13808374106884003], [-21.750242233276367], [0.625306248664856], [0.6347166299819946], [0.8483167886734009], [0.543768048286438], [-7.470000743865967]], "Y": [[0], [0], [0], [0], [0], [0], [-1], [0], [0], [0], [0], [0]]}