{"X": [[-0.12385167181491852], [-0.2689773440361023], [-0.17293047904968262], [-0.3335115611553192], [-0.1600833237171173], [-0.22647324204444885], [5.5305094718933105], [-0.19165730476379395], [-0.18658848106861115], [-0.10063178837299347], [-0.19191834330558777], [8.0614013671875]], "Y": [[0], [0], [0], [0], [0], [0], [1], [0], [0], [0], [0], [1]]}