{"X": [[-1.1206591129302979], [-1.6866154670715332], [-0.9531452059745789], [-1.2938873767852783], [-5.523129940032959], [-1.2058910131454468], [-39.64944076538086], [-0.8152645230293274], [-0.8246006965637207], [-1.0825676918029785], [-0.8992544412612915], [-0.9276439547538757]], "Y": [[0], [0], [0], [0], [0], [0], [-1], [0], [0], [0], [0], [0]]}