{"X": [[146.84893798828125], [122.60274505615234], [131.8243408203125], [108.95896911621094], [157.1848602294922], [124.51349639892578], [986.1395874023438], [129.76805114746094], [130.25245666503906], [152.66610717773438], [129.43896484375], [-209.53533935546875]], "Y": [[0], [0], [0], [0], [0], [0], [-1], [0], [0], [0], [0], [0]]}