{"X": [[45.678009033203125], [-32.7937126159668], [33.72807312011719], [-28.934480667114258], [-256.4245300292969], [-0.8342739343643188], [-1365.6988525390625], [37.346134185791016], [37.740482330322266], [53.46112823486328], [33.77140808105469], [-165.86473083496094]], "Y": [[0], [0], [0], [0], [0], [0], [-1], [0], [0], [0], [0], [0]]}