{"X": [[0.0643479973077774], [0.06294695287942886], [0.06619231402873993], [0.06504667550325394], [0.06586270034313202], [0.06469356268644333], [-0.3226993680000305], [0.06518790125846863], [0.06505236029624939], [0.06470223516225815], [0.06506073474884033], [-0.15659943222999573]], "Y": [[0], [0], [0], [0], [0], [0], [-1], [0], [0], [0], [0], [-1]]}