{"X": [[0.054344452917575836], [0.04252828657627106], [0.0498342327773571], [0.04379432648420334], [0.04036366567015648], [0.04500814527273178], [-0.1517626792192459], [0.048609402030706406], [0.04873280972242355], [0.05636100843548775], [0.04816645756363869], [-0.5606996417045593]], "Y": [[0], [0], [0], [0], [0], [0], [0], [0], [0], [0], [0], [-1]]}