{"X": [[-2.5860846042633057], [-1.6236310005187988], [-2.1185147762298584], [-1.3200292587280273], [-1.0190199613571167], [-1.7804042100906372], [-20.444644927978516], [-2.085538625717163], [-2.112015962600708], [-2.7165634632110596], [-2.0549702644348145], [9.945202827453613]], "Y": [[0], [0], [0], [0], [0], [0], [-1], [0], [0], [0], [0], [0]]}