{"X": [[11.036192893981934], [28.49867820739746], [13.993707656860352], [28.129976272583008], [83.31790161132812], [20.771459579467773], [367.86932373046875], [12.77017593383789], [12.666964530944824], [9.058096885681152], [13.55400276184082], [95.86477661132812]], "Y": [[0], [0], [0], [0], [0], [0], [-1], [0], [0], [0], [0], [0]]}