{"X": [[-44.185001373291016], [-15.472244262695312], [-37.53008270263672], [-13.429548263549805], [49.037723541259766], [-22.790128707885742], [243.6259002685547], [-38.185543060302734], [-38.430458068847656], [-47.006683349609375], [-37.24855422973633], [242.377197265625]], "Y": [[0], [0], [0], [0], [0], [0], [1], [0], [0], [0], [0], [1]]}