{"X": [[-56.77647399902344], [-28.17879295349121], [-58.906551361083984], [-37.13379669189453], [99.68913269042969], [-43.888397216796875], [1439.6007080078125], [-61.191383361816406], [-61.120018005371094], [-58.469940185546875], [-59.397621154785156], [615.3200073242188]], "Y": [[0], [0], [0], [0], [0], [0], [-1], [0], [0], [0], [0], [0]]}