{"X": [[1.0204591751098633], [0.6962369084358215], [0.956568717956543], [0.7436128258705139], [-0.2849496006965637], [0.8395037055015564], [2.244237184524536], [0.9844166040420532], [0.9874973893165588], [1.050379991531372], [0.9615692496299744], [9.472816467285156]], "Y": [[0], [0], [0], [0], [0], [0], [0], [0], [0], [0], [0], [-1]]}