{"X": [[1.3395193815231323], [0.9555631279945374], [1.1905927658081055], [0.8641669750213623], [1.207350730895996], [1.0503876209259033], [6.391366958618164], [1.1400030851364136], [1.1487164497375488], [1.3961719274520874], [1.132628321647644], [0.9375086426734924]], "Y": [[0], [0], [0], [0], [0], [0], [-1], [0], [0], [0], [0], [0]]}