{"X": [[6.082092761993408], [5.890514850616455], [5.896037578582764], [5.703869819641113], [6.224844932556152], [5.80748987197876], [11.655402183532715], [5.864338397979736], [5.871626853942871], [6.1183319091796875], [5.865161418914795], [-16.562875747680664]], "Y": [[0], [0], [0], [0], [0], [0], [0], [0], [0], [0], [0], [-1]]}