{"X": [[-147.66477966308594], [-86.7486572265625], [-140.196533203125], [-94.04098510742188], [110.67749786376953], [-112.23480987548828], [1271.0712890625], [-143.69903564453125], [-143.925048828125], [-153.50975036621094], [-140.59454345703125], [584.43603515625]], "Y": [[0], [0], [0], [0], [0], [0], [-1], [0], [0], [0], [0], [0]]}