{"X": [[-0.06443005800247192], [-0.06346186250448227], [-0.06414994597434998], [-0.06281819194555283], [-0.05358777940273285], [-0.06376592069864273], [-0.004154014866799116], [-0.06466633081436157], [-0.06467287987470627], [-0.06435275077819824], [-0.0645325556397438], [0.0012219815980643034]], "Y": [[0], [0], [0], [0], [0], [0], [1], [0], [0], [0], [0], [1]]}