{"X": [[18.23233985900879], [34.56706237792969], [20.361703872680664], [32.94838333129883], [92.51016998291016], [27.769519805908203], [416.4580383300781], [19.083404541015625], [19.021669387817383], [16.723163604736328], [19.76117706298828], [101.47789764404297]], "Y": [[0], [0], [0], [0], [0], [0], [-1], [0], [0], [0], [0], [0]]}