{"X": [[0.6025899052619934], [-0.3412629961967468], [0.5532281994819641], [-0.15754349529743195], [-3.77062726020813], [0.1672280728816986], [-25.31781578063965], [0.6430118680000305], [0.6462965607643127], [0.7005980014801025], [0.5584594011306763], [-2.4433302879333496]], "Y": [[0], [0], [0], [0], [0], [0], [-1], [0], [0], [0], [0], [0]]}