{"X": [[-118.74215698242188], [-104.91268920898438], [-113.51417541503906], [-100.95857238769531], [-105.79178619384766], [-110.20068359375], [20.524259567260742], [-112.8116683959961], [-112.9084701538086], [-121.85060119628906], [-112.0696792602539], [512.4937133789062]], "Y": [[0], [0], [0], [0], [0], [0], [0], [0], [0], [0], [0], [-1]]}