{"X": [[-0.21437616646289825], [-0.1971425563097], [-0.20906350016593933], [-0.19543792307376862], [-0.1344723403453827], [-0.20240576565265656], [-0.145020991563797], [-0.21124401688575745], [-0.2115018665790558], [-0.21577121317386627], [-0.20997905731201172], [-0.012741267681121826]], "Y": [[0], [0], [0], [0], [0], [0], [0], [0], [0], [0], [0], [-1]]}