{"X": [[0.07261408865451813], [0.07091329246759415], [0.07226753979921341], [0.07038690149784088], [0.05666477233171463], [0.0715101957321167], [-0.036081429570913315], [0.07291030138731003], [0.07291321456432343], [0.0725809782743454], [0.07269296050071716], [-0.04599941521883011]], "Y": [[0], [0], [0], [0], [0], [0], [1], [0], [0], [0], [0], [1]]}