{"X": [[-0.04222966358065605], [-0.04086565971374512], [-0.04169696569442749], [-0.040259864181280136], [-0.0332719162106514], [-0.04100220277905464], [0.016736919060349464], [-0.04197399318218231], [-0.041985902935266495], [-0.04227279871702194], [-0.04185458645224571], [0.0766068771481514]], "Y": [[0], [0], [0], [0], [0], [0], [-1], [0], [0], [0], [0], [-1]]}