{"X": [[40.272254943847656], [61.77201461791992], [35.260616302490234], [47.076576232910156], [216.00714111328125], [45.65419006347656], [1373.3612060546875], [30.871843338012695], [30.99474334716797], [40.446754455566406], [32.66611862182617], [76.49980926513672]], "Y": [[0], [0], [0], [0], [0], [0], [-1], [0], [0], [0], [0], [0]]}