{"X": [[-2.107024908065796], [-1.3924341201782227], [-1.9503755569458008], [-1.2906349897384644], [0.2103193700313568], [-1.6532288789749146], [2.593766927719116], [-1.967248797416687], [-1.9775367975234985], [-2.1915783882141113], [-1.927213191986084], [-2.1750144958496094]], "Y": [[0], [0], [0], [0], [0], [0], [-1], [0], [0], [0], [0], [0]]}