{"X": [[3.246260643005371], [1.945812702178955], [2.7832186222076416], [1.7846903800964355], [0.05501018837094307], [2.317603826522827], [15.064871788024902], [2.788992404937744], [2.8161704540252686], [3.4081013202667236], [2.7268118858337402], [-0.6584198474884033]], "Y": [[0], [0], [0], [0], [0], [0], [-1], [0], [0], [0], [0], [0]]}