{"X": [[0.2510690689086914], [0.22769123315811157], [0.24069058895111084], [0.2158949077129364], [0.18178828060626984], [0.22996880114078522], [0.47088921070098877], [0.24109859764575958], [0.24162496626377106], [0.253135621547699], [0.24021176993846893], [-0.19785760343074799]], "Y": [[0], [0], [0], [0], [0], [0], [0], [0], [0], [0], [0], [-1]]}