{"X": [[54.60368728637695], [28.346717834472656], [56.24400329589844], [36.35770034790039], [-88.3863296508789], [42.20964431762695], [-1168.343994140625], [58.58374786376953], [58.47589874267578], [56.21331024169922], [57.032466888427734], [-397.47540283203125]], "Y": [[0], [0], [0], [0], [0], [0], [-1], [0], [0], [0], [0], [0]]}