{"X": [[-2.1119909286499023], [-1.4844416379928589], [-1.9377557039260864], [-1.3407881259918213], [-0.15394912660121918], [-1.6798807382583618], [1.9061497449874878], [-1.9504421949386597], [-1.960837960243225], [-2.1879897117614746], [-1.920106291770935], [2.8861217498779297]], "Y": [[0], [0], [0], [0], [0], [0], [1], [0], [0], [0], [0], [1]]}