{"X": [[5.080297470092773], [4.831123352050781], [4.875172138214111], [4.606815814971924], [5.307738780975342], [4.767468452453613], [13.179245948791504], [4.830844879150391], [4.840938568115234], [5.119051933288574], [4.832865238189697], [-12.040802001953125]], "Y": [[0], [0], [0], [0], [0], [0], [0], [0], [0], [0], [0], [-1]]}