{"X": [[-0.7689815759658813], [-0.44866231083869934], [-0.6187499761581421], [-0.3430074453353882], [-0.7443564534187317], [-0.5019409656524658], [-10.049686431884766], [-0.5765478610992432], [-0.5855884552001953], [-0.8181420564651489], [-0.5706897974014282], [-2.9310126304626465]], "Y": [[0], [0], [0], [0], [0], [0], [-1], [0], [0], [0], [0], [0]]}