{"X": [[0.5967035293579102], [1.4511051177978516], [0.5449368953704834], [1.179169774055481], [5.674962997436523], [0.9170515537261963], [35.389976501464844], [0.4073532819747925], [0.40973448753356934], [0.5211095213890076], [0.5034939646720886], [3.554335117340088]], "Y": [[0], [0], [0], [0], [0], [0], [-1], [0], [0], [0], [0], [0]]}