{"X": [[3.6529276371002197], [3.298173189163208], [3.4305508136749268], [3.097954273223877], [4.487823963165283], [3.302893877029419], [11.644598007202148], [3.329277753829956], [3.340778112411499], [3.723569631576538], [3.338611602783203], [-6.767144203186035]], "Y": [[0], [0], [0], [0], [0], [0], [-1], [0], [0], [0], [0], [-1]]}