{"X": [[-0.6760823130607605], [-1.449774980545044], [-0.6367001533508301], [-1.1858540773391724], [-5.153815746307373], [-0.9688653349876404], [-30.869665145874023], [-0.5185701847076416], [-0.5202339291572571], [-0.6069446206092834], [-0.6047647595405579], [-2.6937153339385986]], "Y": [[0], [0], [0], [0], [0], [0], [-1], [0], [0], [0], [0], [0]]}