{"X": [[-2.897657632827759], [-2.5386195182800293], [-2.731663465499878], [-2.3842685222625732], [-2.739483594894409], [-2.6064155101776123], [-10.80786418914795], [-2.6902570724487305], [-2.7005209922790527], [-2.9532768726348877], [-2.6884310245513916], [-5.51922082901001]], "Y": [[0], [0], [0], [0], [0], [0], [-1], [0], [0], [0], [0], [0]]}