{"X": [[-188.029541015625], [-150.64410400390625], [-177.22262573242188], [-144.9363555908203], [-98.8425064086914], [-163.43399047851562], [76.68582153320312], [-177.1544647216797], [-177.47071838378906], [-194.3690185546875], [-175.52052307128906], [550.9942016601562]], "Y": [[0], [0], [0], [0], [0], [0], [0], [0], [0], [0], [0], [-1]]}