{"X": [[15.216886520385742], [-47.55794906616211], [7.040791988372803], [-43.63945770263672], [-230.88148498535156], [-21.643539428710938], [-1166.0938720703125], [9.863706588745117], [10.196117401123047], [20.758041381835938], [6.9834489822387695], [-48.2096061706543]], "Y": [[0], [0], [0], [0], [0], [0], [-1], [0], [0], [0], [0], [0]]}