{"X": [[-46.69881820678711], [-23.747821807861328], [-39.57086181640625], [-19.600360870361328], [16.610050201416016], [-32.13718795776367], [91.95980072021484], [-40.25510025024414], [-40.46643829345703], [-49.98624801635742], [-39.20353317260742], [222.7877960205078]], "Y": [[0], [0], [0], [0], [0], [0], [0], [0], [0], [0], [0], [-1]]}