{"X": [[0.03582877293229103], [0.02993929013609886], [0.029459286481142044], [0.021698467433452606], [0.10455863177776337], [0.027275456115603447], [0.8307573199272156], [0.024861887097358704], [0.025306034833192825], [0.03774459660053253], [0.025861602276563644], [0.24208244681358337]], "Y": [[0], [0], [0], [0], [0], [0], [-1], [0], [0], [0], [0], [0]]}