{"X": [[-0.17190970480442047], [-0.15254005789756775], [-0.17240242660045624], [-0.1550550013780594], [-0.0003963320341426879], [-0.16388937830924988], [0.5844786763191223], [-0.17907671630382538], [-0.17899377644062042], [-0.17172914743423462], [-0.17646931111812592], [-0.2625567317008972]], "Y": [[0], [0], [0], [0], [0], [0], [-1], [0], [0], [0], [0], [0]]}