{"X": [[22.10442543029785], [0.8754273653030396], [18.863245010375977], [2.403106689453125], [-63.10554504394531], [9.384334564208984], [-170.90548706054688], [20.144140243530273], [20.286455154418945], [23.753522872924805], [19.104673385620117], [41.751068115234375]], "Y": [[0], [0], [0], [0], [0], [0], [-1], [0], [0], [0], [0], [0]]}