{"X": [[2.030397415161133], [1.8430631160736084], [1.93014395236969], [1.8229495286941528], [2.272890567779541], [1.8653907775878906], [0.060907743871212006], [1.8829147815704346], [1.8864283561706543], [2.068812370300293], [1.8835136890411377], [-7.639501571655273]], "Y": [[0], [0], [0], [0], [0], [0], [0], [0], [0], [0], [0], [-1]]}