{"X": [[0.376884788274765], [0.3869737982749939], [0.3811807930469513], [0.3892689347267151], [0.3870275616645813], [0.3844655752182007], [0.6643174290657043], [0.38203170895576477], [0.3818073570728302], [0.37499693036079407], [0.3823665976524353], [1.1503300666809082]], "Y": [[0], [0], [0], [0], [0], [0], [0], [0], [0], [0], [0], [-1]]}