{"X": [[-4.925155162811279], [-4.564558506011963], [-4.726413726806641], [-4.382714748382568], [-4.526467800140381], [-4.578689098358154], [-9.291146278381348], [-4.698548793792725], [-4.7082600593566895], [-4.976840496063232], [-4.689501762390137], [9.768171310424805]], "Y": [[0], [0], [0], [0], [0], [0], [0], [0], [0], [0], [0], [-1]]}