{"X": [[0.1055067703127861], [0.10029980540275574], [0.10451142489910126], [0.09972970932722092], [0.06415079534053802], [0.10216018557548523], [-0.17978844046592712], [0.10600795596837997], [0.10601701587438583], [0.10561242699623108], [0.10540156811475754], [-0.21988393366336823]], "Y": [[0], [0], [0], [0], [0], [0], [1], [0], [0], [0], [0], [1]]}