{"X": [[-0.004845266696065664], [-0.0026563014835119247], [-0.004716123919934034], [-0.004153429996222258], [0.008623483590781689], [-0.004242833703756332], [-0.420114666223526], [-0.005438648629933596], [-0.005511709488928318], [-0.0048758829943835735], [-0.005228613968938589], [-0.7060906291007996]], "Y": [[0], [0], [0], [0], [0], [0], [-1], [0], [0], [0], [0], [-1]]}