{"X": [[-0.6998593211174011], [-0.6726641654968262], [-0.6881557703018188], [-0.667176365852356], [-0.5458101034164429], [-0.6765143275260925], [-0.2569342255592346], [-0.6931318640708923], [-0.6935138702392578], [-0.7015603184700012], [-0.6909847855567932], [0.7424049973487854]], "Y": [[0], [0], [0], [0], [0], [0], [0], [0], [0], [0], [0], [-1]]}