{"X": [[-45.845176696777344], [-9.876523971557617], [-37.609092712402344], [-5.968684196472168], [62.714778900146484], [-21.01788902282715], [390.8042907714844], [-38.15974044799805], [-38.40843963623047], [-50.13237380981445], [-36.91447830200195], [299.8495788574219]], "Y": [[0], [0], [0], [0], [0], [0], [1], [0], [0], [0], [0], [1]]}