{"X": [[-0.6475654244422913], [-0.24950939416885376], [-0.5397087335586548], [-0.18437036871910095], [0.40373656153678894], [-0.3906422555446625], [-0.6866004467010498], [-0.5386596918106079], [-0.5456418395042419], [-0.70023113489151], [-0.5219002962112427], [-3.4091286659240723]], "Y": [[0], [0], [0], [0], [0], [0], [0], [0], [0], [0], [0], [-1]]}