{"X": [[-64.1405029296875], [-68.9205551147461], [-62.13943862915039], [-62.84474182128906], [-116.11747741699219], [-64.57447052001953], [-387.7716979980469], [-60.69607162475586], [-60.74297332763672], [-64.49661254882812], [-60.99890899658203], [245.9547576904297]], "Y": [[0], [0], [0], [0], [0], [0], [-1], [0], [0], [0], [0], [-1]]}