{"X": [[-0.06403610110282898], [-0.07251445949077606], [-0.07161879539489746], [-0.08360151201486588], [-0.0387544184923172], [-0.07512570172548294], [0.0778200626373291], [-0.07419707626104355], [-0.07376720756292343], [-0.06224775314331055], [-0.07374303787946701], [-0.9159001111984253]], "Y": [[0], [0], [0], [0], [0], [0], [0], [0], [0], [0], [0], [-1]]}