{"X": [[-1.036245584487915], [-0.9594729542732239], [-1.0091437101364136], [-0.9473028779029846], [-0.6113206148147583], [-0.9767357707023621], [0.9849138259887695], [-1.0221285820007324], [-1.022992491722107], [-1.0414600372314453], [-1.0158758163452148], [3.0894558429718018]], "Y": [[0], [0], [0], [0], [0], [0], [-1], [0], [0], [0], [0], [-1]]}