{"X": [[-5.5325469970703125], [22.1658878326416], [-11.726378440856934], [6.3079118728637695], [192.49839782714844], [4.676723003387451], [1589.375], [-15.657527923583984], [-15.480423927307129], [-6.085132598876953], [-13.740880012512207], [147.38455200195312]], "Y": [[0], [0], [0], [0], [0], [0], [-1], [0], [0], [0], [0], [0]]}