{"X": [[0.11110372841358185], [0.08501942455768585], [0.10351911932229996], [0.08231062442064285], [0.024704307317733765], [0.09254390001296997], [0.20318067073822021], [0.10445494949817657], [0.1048254519701004], [0.11365249007940292], [0.1030125766992569], [0.10010092705488205]], "Y": [[0], [0], [0], [0], [0], [0], [-1], [0], [0], [0], [0], [0]]}