{"X": [[45.93484878540039], [66.12477111816406], [47.2835807800293], [62.466312408447266], [144.3867645263672], [57.96797561645508], [661.0784301757812], [45.602359771728516], [45.57735061645508], [44.82516860961914], [46.43387222290039], [20.944536209106445]], "Y": [[0], [0], [0], [0], [0], [0], [-1], [0], [0], [0], [0], [0]]}