{"X": [[0.06686323881149292], [0.07095665484666824], [0.07073184102773666], [0.07583778351545334], [0.1353415846824646], [0.07309524714946747], [0.7988731265068054], [0.06727904826402664], [0.06728743016719818], [0.06749265640974045], [0.06800948083400726], [1.5558565855026245]], "Y": [[0], [0], [0], [0], [0], [0], [-1], [0], [0], [0], [0], [-1]]}