{"X": [[43.63322448730469], [11.588187217712402], [37.424678802490234], [10.20232105255127], [-61.128665924072266], [22.321949005126953], [-334.2294006347656], [38.227169036865234], [38.435611724853516], [47.51658248901367], [36.86996841430664], [-180.52578735351562]], "Y": [[0], [0], [0], [0], [0], [0], [-1], [0], [0], [0], [0], [0]]}