{"X": [[-0.05479457974433899], [-0.060631945729255676], [-0.06184948608279228], [-0.06980302929878235], [0.0024376739747822285], [-0.06388276070356369], [0.44638198614120483], [-0.06574544310569763], [-0.06530331820249557], [-0.05286213010549545], [-0.06487303227186203], [-0.4161376357078552]], "Y": [[0], [0], [0], [0], [0], [0], [-1], [0], [0], [0], [0], [-1]]}