{"X": [[40.97166442871094], [65.4964828491211], [43.71051788330078], [62.75012969970703], [153.6970977783203], [53.279964447021484], [670.0523681640625], [41.66636276245117], [41.577842712402344], [38.664031982421875], [42.85574722290039], [9.215187072753906]], "Y": [[0], [0], [0], [0], [0], [0], [-1], [0], [0], [0], [0], [0]]}