{"X": [[46.246498107910156], [36.883453369140625], [53.026885986328125], [51.68086624145508], [-62.57963180541992], [45.81156539916992], [-917.0198364257812], [55.59389877319336], [55.34272003173828], [44.86210632324219], [54.41590118408203], [-58.749603271484375]], "Y": [[0], [0], [0], [0], [0], [0], [-1], [0], [0], [0], [0], [0]]}