{"X": [[-1.520132064819336], [-0.9664349555969238], [-1.3771473169326782], [-0.8684316277503967], [0.020984720438718796], [-1.154731273651123], [4.697954177856445], [-1.3764399290084839], [-1.3850563764572144], [-1.592328429222107], [-1.3498728275299072], [5.169569492340088]], "Y": [[0], [0], [0], [0], [0], [0], [1], [0], [0], [0], [0], [1]]}