{"X": [[-0.029999323189258575], [-0.03825204446911812], [-0.03644077852368355], [-0.04752743989229202], [-0.016399279236793518], [-0.03982754424214363], [-0.02733367495238781], [-0.03839554265141487], [-0.03804571554064751], [-0.028428342193365097], [-0.038145698606967926], [-0.8515840172767639]], "Y": [[0], [0], [0], [0], [0], [0], [0], [0], [0], [0], [0], [-1]]}