{"X": [[0.18134461343288422], [0.1669854372739792], [0.18306133151054382], [0.17073222994804382], [0.0505286380648613], [0.17686644196510315], [-0.2019389271736145], [0.18825200200080872], [0.18818137049674988], [0.18109692633152008], [0.1862182766199112], [0.7124091386795044]], "Y": [[0], [0], [0], [0], [0], [0], [0], [0], [0], [0], [0], [-1]]}