{"X": [[32.58018112182617], [7.166952610015869], [26.670068740844727], [4.41963529586792], [-42.53083801269531], [12.994843482971191], [-279.7327880859375], [26.91026496887207], [27.07030487060547], [35.87388610839844], [26.185514450073242], [-295.8653869628906]], "Y": [[0], [0], [0], [0], [0], [0], [1], [0], [0], [0], [0], [1]]}