{"X": [[17.57570457458496], [34.111732482910156], [21.562368392944336], [35.24506378173828], [74.28653717041016], [25.608516693115234], [223.54063415527344], [20.57110023498535], [20.443687438964844], [15.529837608337402], [21.468976974487305], [-5.897044658660889]], "Y": [[0], [0], [0], [0], [0], [0], [-1], [0], [0], [0], [0], [0]]}