{"X": [[0.04122116044163704], [0.03959600627422333], [0.0405881293118], [0.03923434019088745], [0.0315667986869812], [0.03978542238473892], [-0.01134590245783329], [0.04087487608194351], [0.04088297113776207], [0.04128891974687576], [0.04074367880821228], [-0.07309626787900925]], "Y": [[0], [0], [0], [0], [0], [0], [-1], [0], [0], [0], [0], [-1]]}