{"X": [[53.782569885253906], [55.58295440673828], [51.122615814208984], [49.604984283447266], [93.96405029296875], [52.34865951538086], [241.2607879638672], [49.70351791381836], [49.754520416259766], [54.820281982421875], [50.10054397583008], [-293.7210693359375]], "Y": [[0], [0], [0], [0], [0], [0], [0], [0], [0], [0], [0], [-1]]}