{"X": [[1.8048114776611328], [2.5263164043426514], [1.76496422290802], [2.2743730545043945], [5.9065260887146], [2.07273006439209], [28.6912784576416], [1.6609258651733398], [1.6626087427139282], [1.7377076148986816], [1.7381055355072021], [0.936131477355957]], "Y": [[0], [0], [0], [0], [0], [0], [-1], [0], [0], [0], [0], [0]]}