{"X": [[-0.25943800806999207], [0.8636672496795654], [-0.10172133147716522], [0.6623379588127136], [3.9877054691314697], [0.31929075717926025], [21.882953643798828], [-0.16027182340621948], [-0.16863316297531128], [-0.38890957832336426], [-0.07797559350728989], [0.5817283987998962]], "Y": [[0], [0], [0], [0], [0], [0], [-1], [0], [0], [0], [0], [0]]}