{"X": [[-0.24043245613574982], [-0.24243444204330444], [-0.24183785915374756], [-0.24211502075195312], [-0.2208641618490219], [-0.24170541763305664], [0.41156691312789917], [-0.24279408156871796], [-0.24259498715400696], [-0.2397165298461914], [-0.24257156252861023], [0.5027662515640259]], "Y": [[0], [0], [0], [0], [0], [0], [1], [0], [0], [0], [0], [1]]}