{"X": [[2.5338940620422363], [-30.766498565673828], [0.6551508903503418], [-24.330123901367188], [-159.5743408203125], [-16.415306091308594], [-791.7106323242188], [3.534917116165161], [3.579235076904297], [4.936596870422363], [1.8473395109176636], [20.151777267456055]], "Y": [[0], [0], [0], [0], [0], [0], [-1], [0], [0], [0], [0], [0]]}