{"X": [[3.6889357566833496], [3.474036455154419], [3.608502149581909], [3.382232666015625], [3.8016951084136963], [3.5272817611694336], [9.826056480407715], [3.5705041885375977], [3.577380418777466], [3.727081298828125], [3.5688507556915283], [6.497262954711914]], "Y": [[0], [0], [0], [0], [0], [0], [-1], [0], [0], [0], [0], [-1]]}