{"X": [[-2.5659942626953125], [25.339303970336914], [-0.9263392686843872], [20.681861877441406], [132.7138671875], [12.805146217346191], [909.5963134765625], [-2.9599995613098145], [-3.0462324619293213], [-4.568606376647949], [-1.6319807767868042], [248.56373596191406]], "Y": [[0], [0], [0], [0], [0], [0], [-1], [0], [0], [0], [0], [0]]}