{"X": [[-3.924847364425659], [-3.33852219581604], [-4.114284515380859], [-3.8153059482574463], [2.037384271621704], [-3.872753143310547], [24.426774978637695], [-4.353919982910156], [-4.34424352645874], [-3.9178109169006348], [-4.250673770904541], [-31.169334411621094]], "Y": [[0], [0], [0], [0], [0], [0], [-1], [0], [0], [0], [0], [-1]]}