{"X": [[-0.05177627131342888], [-0.04984581097960472], [-0.05124827101826668], [-0.05004608631134033], [-0.039795033633708954], [-0.05034911260008812], [0.0017957089003175497], [-0.05159652233123779], [-0.05159441754221916], [-0.051864851266145706], [-0.0514153428375721], [0.015142603777348995]], "Y": [[0], [0], [0], [0], [0], [0], [1], [0], [0], [0], [0], [1]]}