{"X": [[0.10138850659132004], [0.10394216328859329], [0.10222165286540985], [0.10618411004543304], [0.17976482212543488], [0.10392440110445023], [0.7784543037414551], [0.09804848581552505], [0.09814751893281937], [0.1024952232837677], [0.09896937012672424], [1.006975531578064]], "Y": [[0], [0], [0], [0], [0], [0], [1], [0], [0], [0], [0], [1]]}