{"X": [[66.65312194824219], [70.9671859741211], [54.813079833984375], [53.020633697509766], [193.0425262451172], [61.12887954711914], [1529.7156982421875], [51.46990966796875], [51.82908248901367], [69.74317932128906], [52.37736892700195], [70.28250122070312]], "Y": [[0], [0], [0], [0], [0], [0], [-1], [0], [0], [0], [0], [0]]}