{"X": [[52.68007278442383], [43.29879379272461], [49.98203659057617], [40.169158935546875], [34.9832649230957], [45.63859558105469], [-79.19718170166016], [49.56018829345703], [49.655391693115234], [54.72611999511719], [49.28749465942383], [-310.28271484375]], "Y": [[0], [0], [0], [0], [0], [0], [0], [0], [0], [0], [0], [-1]]}