{"X": [[0.04268859326839447], [0.04236075282096863], [0.04263845086097717], [0.041946254670619965], [0.0366753414273262], [0.04252632334828377], [0.0026478262152522802], [0.0429500937461853], [0.042951300740242004], [0.042617421597242355], [0.04287653788924217], [0.008390831761062145]], "Y": [[0], [0], [0], [0], [0], [0], [1], [0], [0], [0], [0], [1]]}