{"X": [[31.93960952758789], [30.348613739013672], [29.92816925048828], [27.261045455932617], [48.190032958984375], [30.289335250854492], [166.9368133544922], [29.29659080505371], [29.370269775390625], [32.71754837036133], [29.307279586791992], [-150.77407836914062]], "Y": [[0], [0], [0], [0], [0], [0], [-1], [0], [0], [0], [0], [-1]]}