{"X": [[6.476471424102783], [1.7865102291107178], [4.873006343841553], [0.12441536039113998], [5.240734577178955], [0.2479085773229599], [170.8562469482422], [4.262942790985107], [4.332624912261963], [6.728163242340088], [4.280429363250732], [-6.554867267608643]], "Y": [[0], [0], [0], [0], [0], [0], [-1], [0], [0], [0], [0], [0]]}