{"X": [[0.010200025513768196], [-0.7734449505805969], [0.0008335899328812957], [-0.5630514621734619], [-3.8888723850250244], [-0.3222896456718445], [-21.791383743286133], [0.08878649771213531], [0.08994185924530029], [0.08094871044158936], [0.015464374795556068], [4.019857883453369]], "Y": [[0], [0], [0], [0], [0], [0], [-1], [0], [0], [0], [0], [0]]}