{"X": [[-35.539390563964844], [-26.618499755859375], [-31.087814331054688], [-20.768728256225586], [-36.32355880737305], [-27.374832153320312], [-103.74496459960938], [-30.16887664794922], [-30.310211181640625], [-37.502197265625], [-30.070493698120117], [263.40374755859375]], "Y": [[0], [0], [0], [0], [0], [0], [0], [0], [0], [0], [0], [-1]]}