{"X": [[0.3227439820766449], [0.31830325722694397], [0.32058581709861755], [0.3162982165813446], [0.3435210585594177], [0.31901776790618896], [0.47800546884536743], [0.3186299204826355], [0.3187921643257141], [0.32388871908187866], [0.3188186287879944], [0.3306506276130676]], "Y": [[0], [0], [0], [0], [0], [0], [-1], [0], [0], [0], [0], [0]]}