{"X": [[-84.78409576416016], [-87.48754119873047], [-79.07215881347656], [-80.27310943603516], [-154.72625732421875], [-82.58345794677734], [-944.0765380859375], [-77.16659545898438], [-77.32573699951172], [-86.17617797851562], [-77.52494049072266], [-79.51394653320312]], "Y": [[0], [0], [0], [0], [0], [0], [-1], [0], [0], [0], [0], [0]]}