{"X": [[-1.0571677684783936], [-0.9607163667678833], [-1.0434556007385254], [-0.9670748114585876], [-0.3930205702781677], [-1.0009599924087524], [3.0288259983062744], [-1.0652978420257568], [-1.0652300119400024], [-1.060937523841858], [-1.054955244064331], [2.2304418087005615]], "Y": [[0], [0], [0], [0], [0], [0], [1], [0], [0], [0], [0], [1]]}