{"X": [[42.270450592041016], [22.226377487182617], [30.339414596557617], [11.455414772033691], [55.962615966796875], [22.6125545501709], [830.5452880859375], [28.07217788696289], [28.4102725982666], [46.00485610961914], [28.106969833374023], [336.1484680175781]], "Y": [[0], [0], [0], [0], [0], [0], [-1], [0], [0], [0], [0], [0]]}