{"X": [[-0.48527172207832336], [-0.4660272002220154], [-0.47454872727394104], [-0.4593042731285095], [-0.38899245858192444], [-0.4667053818702698], [-0.12037192285060883], [-0.47755885124206543], [-0.47793054580688477], [-0.48685193061828613], [-0.47627758979797363], [1.0606399774551392]], "Y": [[0], [0], [0], [0], [0], [0], [0], [0], [0], [0], [0], [-1]]}