{"X": [[46.43179702758789], [45.620094299316406], [40.51336669921875], [38.92293167114258], [97.0470199584961], [42.17879867553711], [904.6839599609375], [39.04186248779297], [39.21004104614258], [48.24168014526367], [39.37856674194336], [288.8604431152344]], "Y": [[0], [0], [0], [0], [0], [0], [-1], [0], [0], [0], [0], [0]]}