{"X": [[-0.027635924518108368], [-0.02884373813867569], [-0.02779385820031166], [-0.028998175635933876], [-0.03838267922401428], [-0.028514433652162552], [-0.10538871586322784], [-0.027430804446339607], [-0.027440808713436127], [-0.027656562626361847], [-0.027578232809901237], [-0.1172432154417038]], "Y": [[0], [0], [0], [0], [0], [0], [1], [0], [0], [0], [0], [1]]}