{"X": [[0.5580203533172607], [0.2657928466796875], [0.4196135699748993], [0.14824792742729187], [0.4011915326118469], [0.29988038539886475], [4.471399307250977], [0.3854539394378662], [0.3923800587654114], [0.5991271138191223], [0.37864750623703003], [-5.556764602661133]], "Y": [[0], [0], [0], [0], [0], [0], [-1], [0], [0], [0], [0], [-1]]}