{"X": [[-0.15888221561908722], [-0.1547982394695282], [-0.16259326040744781], [-0.16103258728981018], [-0.11072266101837158], [-0.16035139560699463], [0.583227276802063], [-0.1640508621931076], [-0.16375453770160675], [-0.158758282661438], [-0.16313424706459045], [-0.015231888741254807]], "Y": [[0], [0], [0], [0], [0], [0], [-1], [0], [0], [0], [0], [0]]}