{"X": [[-3.106027603149414], [-3.5491738319396973], [-2.900221109390259], [-3.106904983520508], [-7.53897762298584], [-3.1025748252868652], [-42.64833068847656], [-2.739227056503296], [-2.750457525253296], [-3.0842983722686768], [-2.821263313293457], [-3.1460378170013428]], "Y": [[0], [0], [0], [0], [0], [0], [-1], [0], [0], [0], [0], [0]]}