{"X": [[-0.11750306189060211], [-0.12923645973205566], [-0.12546181678771973], [-0.13770811259746552], [-0.09795980900526047], [-0.13013674318790436], [0.24729061126708984], [-0.12818291783332825], [-0.12774038314819336], [-0.11532306671142578], [-0.12787897884845734], [-0.529254674911499]], "Y": [[0], [0], [0], [0], [0], [0], [-1], [0], [0], [0], [0], [-1]]}