{"X": [[-193.83663940429688], [-192.61944580078125], [-189.63218688964844], [-192.08006286621094], [-224.32333374023438], [-192.14492797851562], [-519.8901977539062], [-188.57066345214844], [-188.6216278076172], [-195.2784881591797], [-188.3249969482422], [382.94854736328125]], "Y": [[0], [0], [0], [0], [0], [0], [0], [0], [0], [0], [0], [-1]]}