{"X": [[0.30363911390304565], [0.29486963152885437], [0.30627185106277466], [0.29579535126686096], [0.18574748933315277], [0.3018758296966553], [-0.07132091373205185], [0.3115008771419525], [0.31138086318969727], [0.3024740517139435], [0.3098296523094177], [0.79212486743927]], "Y": [[0], [0], [0], [0], [0], [0], [0], [0], [0], [0], [0], [-1]]}