{"X": [[-0.45655250549316406], [-0.43714696168899536], [-0.44536149501800537], [-0.42043787240982056], [-0.408762127161026], [-0.43683144450187683], [-0.6653609275817871], [-0.44544076919555664], [-0.4460436999797821], [-0.458262175321579], [-0.4449843466281891], [0.2769990563392639]], "Y": [[0], [0], [0], [0], [0], [0], [0], [0], [0], [0], [0], [-1]]}