{"X": [[-3.145883560180664], [-2.978706121444702], [-2.8857953548431396], [-2.6462290287017822], [-4.987648010253906], [-2.8334643840789795], [-23.095199584960938], [-2.768170118331909], [-2.7835607528686523], [-3.1975157260894775], [-2.7947959899902344], [10.080132484436035]], "Y": [[0], [0], [0], [0], [0], [0], [-1], [0], [0], [0], [0], [-1]]}