{"X": [[179.40203857421875], [114.37385559082031], [160.3295135498047], [105.50497436523438], [13.045613288879395], [134.58551025390625], [102.02546691894531], [160.7581329345703], [161.354736328125], [188.38775634765625], [158.20175170898438], [-215.0168914794922]], "Y": [[0], [0], [0], [0], [0], [0], [0], [0], [0], [0], [0], [-1]]}