{"X": [[48.369056701660156], [63.21656799316406], [48.19148635864258], [61.149810791015625], [128.2185516357422], [54.57817459106445], [716.6218872070312], [46.75416946411133], [46.72225570678711], [47.54941177368164], [47.51287078857422], [100.14373016357422]], "Y": [[0], [0], [0], [0], [0], [0], [-1], [0], [0], [0], [0], [0]]}