{"X": [[0.4302627146244049], [0.44981980323791504], [0.4373198449611664], [0.45242875814437866], [0.5028872489929199], [0.44545644521713257], [1.142395257949829], [0.4362435042858124], [0.4360625147819519], [0.42812636494636536], [0.43746471405029297], [1.7848953008651733]], "Y": [[0], [0], [0], [0], [0], [0], [-1], [0], [0], [0], [0], [-1]]}