{"X": [[-249.0896453857422], [-195.11819458007812], [-238.6237335205078], [-199.1365509033203], [-57.95806884765625], [-213.43228149414062], [539.3545532226562], [-240.6946258544922], [-240.8903350830078], [-255.57742309570312], [-238.1332244873047], [677.58837890625]], "Y": [[0], [0], [0], [0], [0], [0], [1], [0], [0], [0], [0], [1]]}