{"X": [[-35.804534912109375], [-51.8351936340332], [-36.73463821411133], [-46.111610412597656], [-126.46257019042969], [-44.12688064575195], [-339.21533203125], [-34.90760803222656], [-34.8144645690918], [-35.91990280151367], [-35.59793472290039], [288.79302978515625]], "Y": [[0], [0], [0], [0], [0], [0], [0], [0], [0], [0], [0], [-1]]}