{"X": [[-5.434863090515137], [-5.256982326507568], [-5.24897575378418], [-5.063048362731934], [-5.917910575866699], [-5.1731109619140625], [-14.904820442199707], [-5.200555801391602], [-5.209136009216309], [-5.473580837249756], [-5.206551551818848], [11.127469062805176]], "Y": [[0], [0], [0], [0], [0], [0], [0], [0], [0], [0], [0], [-1]]}