{"X": [[0.01719225011765957], [0.016595859080553055], [0.012286387383937836], [0.007848232053220272], [0.120803602039814], [0.012492017820477486], [1.0410687923431396], [0.00649280846118927], [0.006939738988876343], [0.018865671008825302], [0.008010526187717915], [0.5630887746810913]], "Y": [[0], [0], [0], [0], [0], [0], [-1], [0], [0], [0], [0], [-1]]}