{"X": [[0.09120841324329376], [0.07985617965459824], [0.08462055772542953], [0.07456386834383011], [0.08695154637098312], [0.07973471283912659], [0.03514149785041809], [0.08307882398366928], [0.08333717286586761], [0.09302470088005066], [0.0829843208193779], [-0.6758072972297668]], "Y": [[0], [0], [0], [0], [0], [0], [0], [0], [0], [0], [0], [-1]]}