{"X": [[-33.82144546508789], [-48.35747528076172], [-34.5540657043457], [-43.26958465576172], [-115.63998413085938], [-41.76894760131836], [-209.63954162597656], [-32.65515899658203], [-32.614418029785156], [-33.87764358520508], [-33.40618133544922], [345.8799743652344]], "Y": [[0], [0], [0], [0], [0], [0], [0], [0], [0], [0], [0], [-1]]}