{"X": [[-0.5398826599121094], [15.55292797088623], [3.4321179389953613], [18.525718688964844], [45.611610412597656], [9.942670822143555], [136.72702026367188], [3.174785614013672], [3.0240371227264404], [-2.960432767868042], [3.778903007507324], [97.33939361572266]], "Y": [[0], [0], [0], [0], [0], [0], [1], [0], [0], [0], [0], [1]]}