{"X": [[24.70102882385254], [17.545778274536133], [21.229413986206055], [12.585416793823242], [25.946882247924805], [18.19583511352539], [-0.2597476541996002], [20.53978157043457], [20.62101173400879], [26.633447647094727], [20.412565231323242], [-252.92221069335938]], "Y": [[0], [0], [0], [0], [0], [0], [0], [0], [0], [0], [0], [-1]]}