{"X": [[131.3946075439453], [120.66527557373047], [129.302001953125], [118.59481048583984], [116.66361236572266], [124.70075988769531], [-263.6518859863281], [128.34609985351562], [128.4068145751953], [133.97482299804688], [127.69445037841797], [-680.3724365234375]], "Y": [[0], [0], [0], [0], [0], [0], [-1], [0], [0], [0], [0], [-1]]}