{"X": [[-23.511857986450195], [15.02121639251709], [-17.4445858001709], [14.69149398803711], [116.36910247802734], [-0.334390789270401], [623.5562744140625], [-18.768882751464844], [-18.988876342773438], [-27.43174934387207], [-16.941015243530273], [128.3226318359375]], "Y": [[0], [0], [0], [0], [0], [0], [-1], [0], [0], [0], [0], [0]]}