{"X": [[42.68260192871094], [24.444992065429688], [44.3734016418457], [31.480785369873047], [-83.42473602294922], [34.863468170166016], [-789.763916015625], [47.17164993286133], [47.16291046142578], [42.36883544921875], [45.87938690185547], [-115.22181701660156]], "Y": [[0], [0], [0], [0], [0], [0], [-1], [0], [0], [0], [0], [0]]}