{"X": [[-70.12741088867188], [-64.45368957519531], [-70.07395935058594], [-64.00117492675781], [-55.01023483276367], [-64.62454986572266], [297.7292175292969], [-69.5345230102539], [-69.49853515625], [-70.90972137451172], [-69.4157485961914], [467.4539794921875]], "Y": [[0], [0], [0], [0], [0], [0], [1], [0], [0], [0], [0], [1]]}