{"X": [[-0.07076701521873474], [-0.08685646951198578], [-0.0812615156173706], [-0.09803922474384308], [-0.07832446694374084], [-0.08783697336912155], [0.0410722978413105], [-0.0829055979847908], [-0.08242622762918472], [-0.0685821995139122], [-0.08292637765407562], [-1.0380606651306152]], "Y": [[0], [0], [0], [0], [0], [0], [0], [0], [0], [0], [0], [-1]]}