{"X": [[-0.0361039936542511], [-0.034614622592926025], [-0.03578560799360275], [-0.0345282182097435], [-0.02377110905945301], [-0.03500540181994438], [0.046781402081251144], [-0.0362420454621315], [-0.03623521700501442], [-0.03609757870435715], [-0.036072056740522385], [0.06165486201643944]], "Y": [[0], [0], [0], [0], [0], [0], [1], [0], [0], [0], [0], [1]]}