{"X": [[69.08605194091797], [105.38044738769531], [62.45541000366211], [87.21851348876953], [325.8728332519531], [82.68250274658203], [2124.3291015625], [57.162967681884766], [57.29835510253906], [68.94348907470703], [59.50154113769531], [200.49737548828125]], "Y": [[0], [0], [0], [0], [0], [0], [-1], [0], [0], [0], [0], [0]]}