{"X": [[41.93216323852539], [38.16114044189453], [45.96955871582031], [45.97443389892578], [-11.432127952575684], [41.31492233276367], [-461.4925537109375], [47.04590606689453], [46.90530014038086], [40.383914947509766], [46.59825897216797], [-72.83882904052734]], "Y": [[0], [0], [0], [0], [0], [0], [-1], [0], [0], [0], [0], [0]]}