{"X": [[0.2521611154079437], [0.24322058260440826], [0.2528126537799835], [0.24834837019443512], [0.23026879131793976], [0.24940574169158936], [0.07223224639892578], [0.25222423672676086], [0.252201110124588], [0.2535267472267151], [0.25156182050704956], [0.5270593166351318]], "Y": [[0], [0], [0], [0], [0], [0], [0], [0], [0], [0], [0], [-1]]}