{"X": [[0.319202721118927], [0.281176894903183], [0.22765009105205536], [0.17673717439174652], [1.3411552906036377], [0.22208315134048462], [13.632918357849121], [0.16842171549797058], [0.17447486519813538], [0.34036609530448914], [0.18224811553955078], [5.030270099639893]], "Y": [[0], [0], [0], [0], [0], [0], [-1], [0], [0], [0], [0], [0]]}