{"X": [[1.176577091217041], [1.717786431312561], [1.0959481000900269], [1.4423643350601196], [3.563156843185425], [1.3088074922561646], [17.017478942871094], [1.0584139823913574], [1.0589317083358765], [1.1171915531158447], [1.1146512031555176], [-15.35166072845459]], "Y": [[0], [0], [0], [0], [0], [0], [-1], [0], [0], [0], [0], [-1]]}