{"X": [[0.7277464866638184], [-0.3688470423221588], [0.49607378244400024], [-0.29982611536979675], [-2.7535881996154785], [0.09631802141666412], [-13.264117240905762], [0.5206214189529419], [0.5329640507698059], [0.8553460240364075], [0.4543096423149109], [-1.111362099647522]], "Y": [[0], [0], [0], [0], [0], [0], [-1], [0], [0], [0], [0], [0]]}