{"X": [[-1.6388378143310547], [-2.4445526599884033], [-1.546396255493164], [-2.1137962341308594], [-6.676312446594238], [-1.9004368782043457], [-37.49171447753906], [-1.405122995376587], [-1.4090520143508911], [-1.575861930847168], [-1.5019967555999756], [-0.736519992351532]], "Y": [[0], [0], [0], [0], [0], [0], [-1], [0], [0], [0], [0], [0]]}