{"X": [[0.08905564993619919], [0.08773632347583771], [0.08850601315498352], [0.08653721958398819], [0.07455214858055115], [0.08804640173912048], [-0.006007957737892866], [0.08918485045433044], [0.08920537680387497], [0.08899018913507462], [0.08900675177574158], [-0.049987420439720154]], "Y": [[0], [0], [0], [0], [0], [0], [1], [0], [0], [0], [0], [1]]}