{"X": [[-0.3924527168273926], [-1.004830241203308], [-0.31080299615859985], [-0.7274746298789978], [-4.111950397491455], [-0.5789037942886353], [-29.91411018371582], [-0.21362243592739105], [-0.21683374047279358], [-0.3367938995361328], [-0.28705599904060364], [-1.8736205101013184]], "Y": [[0], [0], [0], [0], [0], [0], [-1], [0], [0], [0], [0], [0]]}