{"X": [[-7.545033931732178], [-41.940860748291016], [-11.216291427612305], [-39.20954895019531], [-151.23875427246094], [-28.239398956298828], [-561.7666625976562], [-9.338956832885742], [-9.178894996643066], [-4.785778522491455], [-10.776265144348145], [169.08290100097656]], "Y": [[0], [0], [0], [0], [0], [0], [-1], [0], [0], [0], [0], [0]]}