{"X": [[-56.854705810546875], [-37.341182708740234], [-58.427913665771484], [-43.882720947265625], [46.72721862792969], [-47.15837097167969], [831.4642944335938], [-59.823184967041016], [-59.76698684692383], [-58.15103530883789], [-58.73924255371094], [284.9087829589844]], "Y": [[0], [0], [0], [0], [0], [0], [-1], [0], [0], [0], [0], [0]]}