{"X": [[-31.3681697845459], [-20.845487594604492], [-30.39483070373535], [-22.409469604492188], [18.105453491210938], [-24.42832374572754], [164.9084930419922], [-31.00148582458496], [-31.062244415283203], [-31.650339126586914], [-30.66997528076172], [-51.34299850463867]], "Y": [[0], [0], [0], [0], [0], [0], [-1], [0], [0], [0], [0], [0]]}