{"X": [[1.9407771825790405], [7.9095001220703125], [0.5204188823699951], [5.286574840545654], [57.40379333496094], [4.7707200050354], [374.577392578125], [-0.82432621717453], [-0.8349901437759399], [2.8469133377075195], [-0.35821259021759033], [-13.490409851074219]], "Y": [[0], [0], [0], [0], [0], [0], [-1], [0], [0], [0], [0], [0]]}