{"X": [[0.2522895038127899], [0.25586822628974915], [0.25703009963035583], [0.25877752900123596], [0.2368173748254776], [0.2580633759498596], [0.5423010587692261], [0.2583736777305603], [0.2582646310329437], [0.25104427337646484], [0.25817161798477173], [1.334285855293274]], "Y": [[0], [0], [0], [0], [0], [0], [0], [0], [0], [0], [0], [-1]]}