{"X": [[3.3735642433166504], [2.9756083488464355], [3.1045989990234375], [2.7288129329681396], [4.454866886138916], [2.979590892791748], [19.086475372314453], [2.990020513534546], [3.0041608810424805], [3.4532744884490967], [3.0055956840515137], [-0.9252393245697021]], "Y": [[0], [0], [0], [0], [0], [0], [-1], [0], [0], [0], [0], [0]]}