{"X": [[0.1285933256149292], [0.11906452476978302], [0.12820446491241455], [0.12256085872650146], [0.09321030974388123], [0.12419992685317993], [-0.3411825895309448], [0.12830406427383423], [0.12826605141162872], [0.1297667771577835], [0.12751664221286774], [-0.19979755580425262]], "Y": [[0], [0], [0], [0], [0], [0], [1], [0], [0], [0], [0], [1]]}