{"X": [[-62.034751892089844], [-101.21493530273438], [-57.242332458496094], [-84.66470336914062], [-316.0126953125], [-79.5160903930664], [-1997.0477294921875], [-52.176090240478516], [-52.30949020385742], [-61.214603424072266], [-54.53854751586914], [-194.7547149658203]], "Y": [[0], [0], [0], [0], [0], [0], [-1], [0], [0], [0], [0], [0]]}