{"X": [[1.5178242921829224], [0.987581729888916], [1.417103886604309], [1.0633193254470825], [-0.5207945108413696], [1.2126474380493164], [-9.719430923461914], [1.4454882144927979], [1.4496649503707886], [1.5734485387802124], [1.4072915315628052], [-3.0601377487182617]], "Y": [[0], [0], [0], [0], [0], [0], [-1], [0], [0], [0], [0], [0]]}