{"X": [[62.069522857666016], [79.07240295410156], [61.18954086303711], [72.48316192626953], [170.2974395751953], [69.61888122558594], [740.3377075195312], [58.9587516784668], [58.944618225097656], [62.222259521484375], [59.698028564453125], [-109.34550476074219]], "Y": [[0], [0], [0], [0], [0], [0], [-1], [0], [0], [0], [0], [0]]}