{"X": [[3.2318739891052246], [3.4498813152313232], [2.9957332611083984], [2.983153820037842], [6.585451602935791], [3.099047899246216], [39.50364303588867], [2.8600056171417236], [2.8733603954315186], [3.231384515762329], [2.924158811569214], [4.052607536315918]], "Y": [[0], [0], [0], [0], [0], [0], [-1], [0], [0], [0], [0], [0]]}