{"X": [[3.4900925159454346], [4.056898593902588], [3.3720719814300537], [3.6996817588806152], [7.583950996398926], [3.6084206104278564], [32.326560974121094], [3.2409067153930664], [3.2458488941192627], [3.448791742324829], [3.320169448852539], [-4.264078140258789]], "Y": [[0], [0], [0], [0], [0], [0], [-1], [0], [0], [0], [0], [0]]}