{"X": [[0.06192246824502945], [0.060698941349983215], [0.06162339076399803], [0.06051713973283768], [0.050783466547727585], [0.06106476113200188], [0.0036235202569514513], [0.06206098571419716], [0.06206148490309715], [0.061910953372716904], [0.06190680339932442], [-0.002797970548272133]], "Y": [[0], [0], [0], [0], [0], [0], [1], [0], [0], [0], [0], [1]]}