{"X": [[88.72712707519531], [61.30010223388672], [79.85533142089844], [55.31120681762695], [26.72565269470215], [68.12468719482422], [14.066787719726562], [79.79661560058594], [80.06877899169922], [92.8896484375], [78.76924896240234], [-337.6712646484375]], "Y": [[0], [0], [0], [0], [0], [0], [0], [0], [0], [0], [0], [-1]]}