{"X": [[-0.08044800162315369], [-0.07799427956342697], [-0.07989198714494705], [-0.07782971113920212], [-0.06264809519052505], [-0.07864441722631454], [0.026498431339859962], [-0.08045264333486557], [-0.08045051246881485], [-0.08050806820392609], [-0.08019288629293442], [0.051136523485183716]], "Y": [[0], [0], [0], [0], [0], [0], [1], [0], [0], [0], [0], [1]]}