{"X": [[-1.838019847869873], [-2.455172061920166], [-1.7279002666473389], [-2.1226415634155273], [-6.059272289276123], [-1.992913842201233], [-34.242279052734375], [-1.600358247756958], [-1.6058443784713745], [-1.7934962511062622], [-1.6809484958648682], [-1.3320033550262451]], "Y": [[0], [0], [0], [0], [0], [0], [-1], [0], [0], [0], [0], [0]]}