{"X": [[-1.9236009120941162], [8.059479713439941], [-3.0701489448547363], [3.963665246963501], [62.153892517089844], [1.6856005191802979], [671.9190063476562], [-4.28518009185791], [-4.198202133178711], [-1.8466771841049194], [-3.688720464706421], [127.92681121826172]], "Y": [[0], [0], [0], [0], [0], [0], [-1], [0], [0], [0], [0], [0]]}