{"X": [[-0.44601181149482727], [-0.3906064033508301], [-0.43830496072769165], [-0.3978250026702881], [-0.15417468547821045], [-0.4158124029636383], [0.7735689878463745], [-0.44610148668289185], [-0.4463004767894745], [-0.449910968542099], [-0.44113782048225403], [-0.17753538489341736]], "Y": [[0], [0], [0], [0], [0], [0], [-1], [0], [0], [0], [0], [0]]}