{"X": [[-0.06341470777988434], [-0.06449391692876816], [-0.061569783836603165], [-0.06171626225113869], [-0.07054866850376129], [-0.0624769851565361], [-0.572784423828125], [-0.06183113157749176], [-0.06199197471141815], [-0.06319600343704224], [-0.06207653507590294], [-0.44006407260894775]], "Y": [[0], [0], [0], [0], [0], [0], [1], [0], [0], [0], [0], [1]]}