{"X": [[0.5061346292495728], [0.1406288892030716], [0.37294983863830566], [0.03278237581253052], [-0.039448440074920654], [0.24460916221141815], [4.219244003295898], [0.3505098521709442], [0.35905900597572327], [0.557608425617218], [0.3437354862689972], [3.9236819744110107]], "Y": [[0], [0], [0], [0], [0], [0], [1], [0], [0], [0], [0], [1]]}