{"X": [[0.21480993926525116], [0.22181878983974457], [0.22029082477092743], [0.2192876935005188], [0.18915404379367828], [0.22207364439964294], [0.259907990694046], [0.22264152765274048], [0.22248095273971558], [0.21255312860012054], [0.22250880300998688], [1.0301648378372192]], "Y": [[0], [0], [0], [0], [0], [0], [0], [0], [0], [0], [0], [-1]]}