{"X": [[0.411485880613327], [1.6200002431869507], [0.6597166061401367], [1.5281624794006348], [4.39154052734375], [1.1042112112045288], [12.566904067993164], [0.6205114722251892], [0.6068268418312073], [0.26634061336517334], [0.6958450078964233], [-0.7249711751937866]], "Y": [[0], [0], [0], [0], [0], [0], [-1], [0], [0], [0], [0], [0]]}