{"X": [[-116.28007507324219], [-123.54483795166016], [-100.34210968017578], [-101.34532928466797], [-295.8707275390625], [-110.273681640625], [-2264.64013671875], [-95.51797485351562], [-95.98139190673828], [-120.37129211425781], [-96.76302337646484], [-221.49375915527344]], "Y": [[0], [0], [0], [0], [0], [0], [-1], [0], [0], [0], [0], [0]]}