{"X": [[0.019976481795310974], [0.019263699650764465], [0.01959485001862049], [0.01845872960984707], [0.014248629100620747], [0.019265349954366684], [-0.02221733145415783], [0.01981544867157936], [0.019831489771604538], [0.019977526739239693], [0.01974913291633129], [-0.06895054876804352]], "Y": [[0], [0], [0], [0], [0], [0], [-1], [0], [0], [0], [0], [-1]]}