{"X": [[21.86556053161621], [47.72989273071289], [22.43844985961914], [42.61715316772461], [154.51132202148438], [34.85286331176758], [1007.9107055664062], [20.320724487304688], [20.248897552490234], [20.66278648376465], [21.68813705444336], [218.5281524658203]], "Y": [[0], [0], [0], [0], [0], [0], [-1], [0], [0], [0], [0], [0]]}