{"X": [[0.21081192791461945], [1.0783367156982422], [0.19675275683403015], [0.8122841715812683], [4.980600833892822], [0.5502568483352661], [28.94588279724121], [0.07128211855888367], [0.07164575159549713], [0.13433514535427094], [0.16111141443252563], [-2.256401538848877]], "Y": [[0], [0], [0], [0], [0], [0], [-1], [0], [0], [0], [0], [0]]}