{"X": [[173.7323760986328], [98.62347412109375], [156.2620849609375], [94.73033142089844], [-64.61654663085938], [122.52108764648438], [-393.7547912597656], [158.23773193359375], [158.7407684326172], [182.8919677734375], [155.312744140625], [-223.8152618408203]], "Y": [[0], [0], [0], [0], [0], [0], [0], [0], [0], [0], [0], [0]]}