{"X": [[-0.294308602809906], [-0.3306259512901306], [-0.3131459951400757], [-0.339092880487442], [-0.307166188955307], [-0.3256034851074219], [-0.5926780104637146], [-0.3174922466278076], [-0.3165377080440521], [-0.28745004534721375], [-0.31820136308670044], [-2.7455615997314453]], "Y": [[0], [0], [0], [0], [0], [0], [0], [0], [0], [0], [0], [-1]]}