{"X": [[-27.592966079711914], [-61.924774169921875], [-31.44381332397461], [-59.2989616394043], [-174.3782958984375], [-46.225860595703125], [-914.5552368164062], [-29.267803192138672], [-29.151039123535156], [-24.379384994506836], [-30.9803409576416], [-150.21707153320312]], "Y": [[0], [0], [0], [0], [0], [0], [-1], [0], [0], [0], [0], [0]]}