{"X": [[-8.03150463104248], [-26.966209411621094], [-7.349209785461426], [-19.077505111694336], [-110.26707458496094], [-17.9677677154541], [-522.86767578125], [-5.812925815582275], [-5.8508195877075195], [-7.478219032287598], [-6.731365203857422], [266.0921325683594]], "Y": [[0], [0], [0], [0], [0], [0], [-1], [0], [0], [0], [0], [0]]}