{"X": [[-37.37156677246094], [-33.36003112792969], [-35.67466354370117], [-30.923738479614258], [-37.540348052978516], [-33.5643310546875], [-15.34610652923584], [-35.13235855102539], [-35.183753967285156], [-38.11381530761719], [-35.161800384521484], [134.36642456054688]], "Y": [[0], [0], [0], [0], [0], [0], [0], [0], [0], [0], [0], [-1]]}