{"X": [[-54.84619903564453], [-21.558380126953125], [-48.03779602050781], [-19.531837463378906], [50.24314498901367], [-32.61920928955078], [401.74786376953125], [-48.68768310546875], [-48.87922668457031], [-58.784183502197266], [-47.235164642333984], [236.185546875]], "Y": [[0], [0], [0], [0], [0], [0], [1], [0], [0], [0], [0], [1]]}