{"X": [[89.3436050415039], [79.48047637939453], [87.69296264648438], [78.58943939208984], [58.83079528808594], [85.17173767089844], [-305.6038513183594], [87.8973388671875], [87.9332504272461], [91.69755554199219], [87.11431121826172], [-516.5310668945312]], "Y": [[0], [0], [0], [0], [0], [0], [1], [0], [0], [0], [0], [1]]}