{"X": [[14.872621536254883], [25.729480743408203], [17.238656997680664], [29.00197982788086], [38.88356399536133], [22.658597946166992], [133.8025360107422], [17.49465560913086], [17.39992332458496], [13.00484561920166], [17.860782623291016], [51.50197219848633]], "Y": [[0], [0], [0], [0], [0], [0], [-1], [0], [0], [0], [0], [0]]}