{"X": [[0.003944332245737314], [-0.0022730492055416107], [-0.00045247789239510894], [-0.009234524331986904], [0.026734264567494392], [-0.0030806425493210554], [0.08115601539611816], [-0.002751450752839446], [-0.0024749222211539745], [0.005354324355721474], [-0.0024269737768918276], [-0.44951769709587097]], "Y": [[0], [0], [0], [0], [0], [0], [0], [0], [0], [0], [0], [-1]]}