{"X": [[-65.10210418701172], [-86.36544799804688], [-68.45563507080078], [-89.82907104492188], [-146.21096801757812], [-77.66974639892578], [-766.6263427734375], [-67.72734832763672], [-67.59857177734375], [-62.558876037597656], [-68.38190460205078], [-320.0316162109375]], "Y": [[0], [0], [0], [0], [0], [0], [-1], [0], [0], [0], [0], [0]]}