{"X": [[27.457801818847656], [29.520538330078125], [25.0065975189209], [23.221181869506836], [74.46417236328125], [25.543699264526367], [208.7329864501953], [23.16781234741211], [23.235593795776367], [28.312353134155273], [23.629365921020508], [-300.6700744628906]], "Y": [[0], [0], [0], [0], [0], [0], [0], [0], [0], [0], [0], [-1]]}