{"X": [[-0.04645298048853874], [-0.04017901420593262], [-0.04158199578523636], [-0.035137902945280075], [-0.006585659924894571], [-0.03935631737112999], [-0.12688012421131134], [-0.04349002242088318], [-0.04371800273656845], [-0.046637967228889465], [-0.04304937273263931], [0.3721553683280945]], "Y": [[0], [0], [0], [0], [0], [0], [0], [0], [0], [0], [0], [-1]]}