{"X": [[-0.03528811037540436], [-0.039143431931734085], [-0.037931930273771286], [-0.03969022259116173], [-0.027161741629242897], [-0.03936424478888512], [-0.3673272430896759], [-0.03913545608520508], [-0.0390801802277565], [-0.03419001027941704], [-0.03912508115172386], [-0.8619935512542725]], "Y": [[0], [0], [0], [0], [0], [0], [-1], [0], [0], [0], [0], [-1]]}