{"X": [[0.060007404536008835], [0.0583188533782959], [0.059553273022174835], [0.05814283713698387], [0.047030311077833176], [0.05875662341713905], [-0.008224306628108025], [0.06001250445842743], [0.060013048350811005], [0.060032427310943604], [0.05982886627316475], [-0.024980440735816956]], "Y": [[0], [0], [0], [0], [0], [0], [1], [0], [0], [0], [0], [1]]}