{"X": [[-1.7831741571426392], [-1.736733078956604], [-1.6744507551193237], [-1.5476588010787964], [-3.3794405460357666], [-1.6720553636550903], [-17.548189163208008], [-1.579126000404358], [-1.5864840745925903], [-1.8130301237106323], [-1.6080368757247925], [-10.917391777038574]], "Y": [[0], [0], [0], [0], [0], [0], [-1], [0], [0], [0], [0], [-1]]}