{"X": [[-0.04395787790417671], [-0.045731790363788605], [-0.04396945983171463], [-0.045220158994197845], [-0.05917380750179291], [-0.04495896026492119], [-0.13379329442977905], [-0.0434427373111248], [-0.04346936196088791], [-0.043970294296741486], [-0.04367458075284958], [-0.07798700779676437]], "Y": [[0], [0], [0], [0], [0], [0], [-1], [0], [0], [0], [0], [0]]}