{"X": [[0.2910279929637909], [0.30121153593063354], [0.2966214418411255], [0.3066624104976654], [0.2986374497413635], [0.29958653450012207], [0.5946436524391174], [0.29742491245269775], [0.29712507128715515], [0.2891499102115631], [0.29763907194137573], [1.260884165763855]], "Y": [[0], [0], [0], [0], [0], [0], [0], [0], [0], [0], [0], [-1]]}