{"X": [[0.12191947549581528], [0.11380394548177719], [0.1192818209528923], [0.11440940201282501], [0.10737153142690659], [0.11601871252059937], [-0.25256213545799255], [0.11859828233718872], [0.11865882575511932], [0.12331546097993851], [0.11819915473461151], [-0.5587777495384216]], "Y": [[0], [0], [0], [0], [0], [0], [-1], [0], [0], [0], [0], [-1]]}