{"X": [[1.5449793338775635], [1.213527798652649], [1.136980414390564], [0.6840615272521973], [3.972578525543213], [1.0174732208251953], [26.794628143310547], [0.9655418395996094], [0.9878905415534973], [1.6386468410491943], [1.0033577680587769], [-27.572168350219727]], "Y": [[0], [0], [0], [0], [0], [0], [-1], [0], [0], [0], [0], [-1]]}