{"X": [[4.211195945739746], [3.999455213546753], [4.021749019622803], [3.7709364891052246], [4.575511932373047], [3.930536985397339], [12.288359642028809], [3.9722952842712402], [3.9806361198425293], [4.2509942054748535], [3.9781391620635986], [-11.769218444824219]], "Y": [[0], [0], [0], [0], [0], [0], [0], [0], [0], [0], [0], [-1]]}