{"X": [[-0.024995503947138786], [-0.028533514589071274], [-0.028299881145358086], [-0.030320938676595688], [-0.006071115378290415], [-0.029960475862026215], [-0.28442609310150146], [-0.030135778710246086], [-0.030047539621591568], [-0.023800641298294067], [-0.029937168583273888], [-0.9174348711967468]], "Y": [[0], [0], [0], [0], [0], [0], [0], [0], [0], [0], [0], [-1]]}