{"X": [[-0.15250873565673828], [-0.16852478682994843], [-0.15687961876392365], [-0.17306368052959442], [-0.2316126823425293], [-0.16353406012058258], [-0.9620055556297302], [-0.1549922227859497], [-0.1548701822757721], [-0.15124358236789703], [-0.15623007714748383], [-1.2529855966567993]], "Y": [[0], [0], [0], [0], [0], [0], [1], [0], [0], [0], [0], [1]]}