{"X": [[2.335803270339966], [1.1062953472137451], [1.9698867797851562], [1.0444620847702026], [-1.6653887033462524], [1.5313342809677124], [12.44279956817627], [2.0320775508880615], [2.0540382862091064], [2.4683890342712402], [1.9594731330871582], [12.826620101928711]], "Y": [[0], [0], [0], [0], [0], [0], [1], [0], [0], [0], [0], [1]]}