{"X": [[-21.092041015625], [-31.477293014526367], [-23.357574462890625], [-32.680259704589844], [-59.733848571777344], [-27.01266860961914], [-303.6792907714844], [-23.023683547973633], [-22.91142463684082], [-19.897689819335938], [-23.45059585571289], [-170.48873901367188]], "Y": [[0], [0], [0], [0], [0], [0], [-1], [0], [0], [0], [0], [-1]]}