{"X": [[-79.88733673095703], [-39.091217041015625], [-71.80781555175781], [-38.40150451660156], [69.19871520996094], [-53.51911926269531], [463.9031677246094], [-73.50851440429688], [-73.8223648071289], [-83.95213317871094], [-71.66956329345703], [331.657470703125]], "Y": [[0], [0], [0], [0], [0], [0], [1], [0], [0], [0], [0], [1]]}