{"X": [[-34.96439743041992], [60.98684310913086], [-24.051288604736328], [51.49732208251953], [366.3380126953125], [20.436155319213867], [1999.5750732421875], [-29.288917541503906], [-29.673038482666016], [-42.973731994628906], [-24.87605857849121], [88.91268157958984]], "Y": [[0], [0], [0], [0], [0], [0], [-1], [0], [0], [0], [0], [0]]}