{"X": [[13.97109317779541], [33.41828918457031], [18.16971778869629], [34.977291107177734], [78.52338409423828], [25.949993133544922], [312.26287841796875], [17.575870513916016], [17.41559600830078], [12.061259269714355], [18.318490982055664], [101.32354736328125]], "Y": [[0], [0], [0], [0], [0], [0], [-1], [0], [0], [0], [0], [0]]}