{"X": [[-16.913005828857422], [10.241303443908691], [-11.249197959899902], [13.377793312072754], [65.35466766357422], [1.9201115369796753], [370.5655822753906], [-11.491121292114258], [-11.662911415100098], [-20.567052841186523], [-10.549574851989746], [204.17189025878906]], "Y": [[0], [0], [0], [0], [0], [0], [-1], [0], [0], [0], [0], [0]]}