{"X": [[-0.48148706555366516], [-0.4937116205692291], [-0.4818979501724243], [-0.490998238325119], [-0.4943715035915375], [-0.48541757464408875], [-0.10535265505313873], [-0.4827984869480133], [-0.4825470447540283], [-0.4795472323894501], [-0.48337966203689575], [0.4931853115558624]], "Y": [[0], [0], [0], [0], [0], [0], [-1], [0], [0], [0], [0], [-1]]}