{"X": [[0.07829932868480682], [0.07654515653848648], [0.0781656876206398], [0.0766494944691658], [0.06430280953645706], [0.07734724879264832], [-0.0048575010150671005], [0.07866159081459045], [0.0786576047539711], [0.07831709086894989], [0.07845091074705124], [0.02564166486263275]], "Y": [[0], [0], [0], [0], [0], [0], [1], [0], [0], [0], [0], [1]]}