{"X": [[-1.7525569200515747], [-2.138211488723755], [-1.593082308769226], [-1.7504019737243652], [-5.157088279724121], [-1.7597070932388306], [-34.663841247558594], [-1.47745943069458], [-1.48610520362854], [-1.7286533117294312], [-1.5450992584228516], [-3.5703608989715576]], "Y": [[0], [0], [0], [0], [0], [0], [-1], [0], [0], [0], [0], [0]]}