{"X": [[90.50862121582031], [48.57753372192383], [91.3167953491211], [61.37025451660156], [-124.03712463378906], [68.62092590332031], [-1531.618896484375], [94.48734283447266], [94.4382553100586], [93.37759399414062], [92.15251159667969], [-542.8599853515625]], "Y": [[0], [0], [0], [0], [0], [0], [-1], [0], [0], [0], [0], [0]]}