{"X": [[1.0223628282546997], [0.8549976944923401], [0.8827811479568481], [0.7123412489891052], [1.8209114074707031], [0.8228386640548706], [14.732916831970215], [0.8151255249977112], [0.8223398327827454], [1.0615900754928589], [0.8276841640472412], [3.5384304523468018]], "Y": [[0], [0], [0], [0], [0], [0], [-1], [0], [0], [0], [0], [0]]}