{"X": [[26.404508590698242], [38.098350524902344], [27.920251846313477], [35.349117279052734], [88.25438690185547], [31.72809410095215], [169.0681915283203], [26.238117218017578], [26.218339920043945], [25.714805603027344], [26.8560791015625], [-292.2958068847656]], "Y": [[0], [0], [0], [0], [0], [0], [0], [0], [0], [0], [0], [-1]]}