{"X": [[-1.9253965616226196], [-1.709290862083435], [-1.5680153369903564], [-1.173811435699463], [-4.574657440185547], [-1.4958851337432861], [-37.70805358886719], [-1.4050779342651367], [-1.4265077114105225], [-1.9967929124832153], [-1.4481769800186157], [5.417433738708496]], "Y": [[0], [0], [0], [0], [0], [0], [-1], [0], [0], [0], [0], [0]]}