{"X": [[-1.4310438632965088], [-1.2559666633605957], [-1.1900830268859863], [-0.9884325861930847], [-3.5334458351135254], [-1.140397310256958], [-19.44774055480957], [-1.050628900527954], [-1.0618798732757568], [-1.4871900081634521], [-1.084240198135376], [6.312492847442627]], "Y": [[0], [0], [0], [0], [0], [0], [-1], [0], [0], [0], [0], [0]]}