{"X": [[-0.09683291614055634], [-0.07046486437320709], [-0.09204993396997452], [-0.07179384678602219], [0.0654982477426529], [-0.0821111649274826], [0.5505606532096863], [-0.0976037010550499], [-0.0977526307106018], [-0.09827305376529694], [-0.09501813352108002], [0.25901952385902405]], "Y": [[0], [0], [0], [0], [0], [0], [-1], [0], [0], [0], [0], [0]]}