{"X": [[-80.27792358398438], [-87.63180541992188], [-76.09020233154297], [-78.18954467773438], [-167.1195526123047], [-80.85997772216797], [-799.407470703125], [-73.69985961914062], [-73.84347534179688], [-81.72045135498047], [-74.31890869140625], [142.46078491210938]], "Y": [[0], [0], [0], [0], [0], [0], [-1], [0], [0], [0], [0], [0]]}