{"X": [[37.46614074707031], [31.810834884643555], [37.768585205078125], [33.98815155029297], [12.239486694335938], [34.74338912963867], [-213.0213623046875], [38.068721771240234], [38.024253845214844], [38.15251159667969], [37.80665969848633], [-233.3029327392578]], "Y": [[0], [0], [0], [0], [0], [0], [1], [0], [0], [0], [0], [1]]}