{"X": [[0.06584834307432175], [0.06230504810810089], [0.06511463969945908], [0.061785146594047546], [0.038761600852012634], [0.06336809694766998], [-0.12442892044782639], [0.06602280586957932], [0.06602161377668381], [0.06591615825891495], [0.06563116610050201], [-0.15531523525714874]], "Y": [[0], [0], [0], [0], [0], [0], [1], [0], [0], [0], [0], [1]]}