{"X": [[0.3638976514339447], [0.33147546648979187], [0.341002494096756], [0.30762797594070435], [0.24319660663604736], [0.32751476764678955], [-0.015330885536968708], [0.3439830243587494], [0.34501972794532776], [0.3671000599861145], [0.3426658511161804], [-3.009901523590088]], "Y": [[0], [0], [0], [0], [0], [0], [0], [0], [0], [0], [0], [-1]]}