{"X": [[0.1553492397069931], [0.12570279836654663], [0.1021961197257042], [0.0831005722284317], [0.9355248808860779], [0.09969383478164673], [10.576444625854492], [0.054874371737241745], [0.05854864791035652], [0.1779739260673523], [0.06522543728351593], [6.097067832946777]], "Y": [[0], [0], [0], [0], [0], [0], [-1], [0], [0], [0], [0], [-1]]}