{"X": [[-3.1245806217193604], [-3.6141276359558105], [-2.9427359104156494], [-3.2157840728759766], [-7.391099452972412], [-3.166598081588745], [-38.5730094909668], [-2.798551082611084], [-2.8084332942962646], [-3.095564603805542], [-2.8787221908569336], [0.7785078883171082]], "Y": [[0], [0], [0], [0], [0], [0], [-1], [0], [0], [0], [0], [0]]}