{"X": [[17.31135368347168], [40.089439392089844], [18.946319580078125], [36.113059997558594], [130.80255126953125], [28.899463653564453], [691.22900390625], [16.9601993560791], [16.87174415588379], [16.260366439819336], [18.147130966186523], [119.84355926513672]], "Y": [[0], [0], [0], [0], [0], [0], [-1], [0], [0], [0], [0], [0]]}