{"X": [[0.019058601930737495], [0.01882598176598549], [0.01879694312810898], [0.01818443275988102], [0.015590352937579155], [0.01873926632106304], [-0.0071822600439190865], [0.018982481211423874], [0.018998220562934875], [0.019041407853364944], [0.018947307020425797], [-0.05455213040113449]], "Y": [[0], [0], [0], [0], [0], [0], [0], [0], [0], [0], [0], [-1]]}