{"X": [[49.49903869628906], [45.445194244384766], [40.81156539916992], [33.198768615722656], [116.53718566894531], [41.71540451049805], [895.9158935546875], [38.33345413208008], [38.612003326416016], [52.48478698730469], [38.65700149536133], [-66.49174499511719]], "Y": [[0], [0], [0], [0], [0], [0], [-1], [0], [0], [0], [0], [0]]}