{"X": [[-0.006774082779884338], [-0.006311154458671808], [-0.0064182099886238575], [-0.0063425032421946526], [-0.004751244094222784], [-0.006421285681426525], [0.01683449186384678], [-0.006540664006024599], [-0.006548663135617971], [-0.006823481060564518], [-0.006514453794807196], [0.052856214344501495]], "Y": [[0], [0], [0], [0], [0], [0], [0], [0], [0], [0], [0], [-1]]}