{"X": [[-178.78927612304688], [-142.18724060058594], [-169.3242950439453], [-139.50466918945312], [-69.2608871459961], [-154.42520141601562], [98.52562713623047], [-170.2928009033203], [-170.55230712890625], [-184.2444610595703], [-168.690673828125], [471.27978515625]], "Y": [[0], [0], [0], [0], [0], [0], [0], [0], [0], [0], [0], [-1]]}