{"X": [[-105.88003540039062], [-120.87847137451172], [-104.53257751464844], [-112.44187927246094], [-216.78099060058594], [-111.9356918334961], [-505.7218322753906], [-101.5342025756836], [-101.55699157714844], [-106.236572265625], [-102.4842758178711], [544.8999633789062]], "Y": [[0], [0], [0], [0], [0], [0], [0], [0], [0], [0], [0], [-1]]}