{"X": [[-22.74386978149414], [-18.679954528808594], [-20.700450897216797], [-14.88618278503418], [-25.181652069091797], [-19.792400360107422], [0.5445214509963989], [-20.060619354248047], [-20.175437927246094], [-23.76447296142578], [-19.969093322753906], [208.98902893066406]], "Y": [[0], [0], [0], [0], [0], [0], [0], [0], [0], [0], [0], [-1]]}