{"X": [[45.026248931884766], [41.321937561035156], [40.071903228759766], [34.02690505981445], [76.37530517578125], [40.32402038574219], [367.1987609863281], [38.81950378417969], [38.962188720703125], [47.295654296875], [38.8379020690918], [-224.281005859375]], "Y": [[0], [0], [0], [0], [0], [0], [-1], [0], [0], [0], [0], [-1]]}