{"X": [[-6.9710187911987305], [-6.89359188079834], [-6.584388256072998], [-6.329294681549072], [-10.239667892456055], [-6.571012020111084], [-47.99050521850586], [-6.416594982147217], [-6.441110134124756], [-7.031819820404053], [-6.467164516448975], [12.484838485717773]], "Y": [[0], [0], [0], [0], [0], [0], [-1], [0], [0], [0], [0], [0]]}