{"X": [[16.55195426940918], [25.238697052001953], [19.375261306762695], [26.889545440673828], [47.62615966796875], [19.66525650024414], [128.6789093017578], [18.513412475585938], [18.393253326416016], [15.361910820007324], [19.109304428100586], [46.3708381652832]], "Y": [[0], [0], [0], [0], [0], [0], [-1], [0], [0], [0], [0], [0]]}