{"X": [[-60.70676040649414], [-41.566558837890625], [-56.13460922241211], [-42.11404037475586], [-6.11798620223999], [-47.59994888305664], [-142.3516845703125], [-56.5931396484375], [-56.705589294433594], [-62.84376525878906], [-55.8474006652832], [-218.589599609375]], "Y": [[0], [0], [0], [0], [0], [0], [1], [0], [0], [0], [0], [1]]}