{"X": [[-42.18939208984375], [-24.510700225830078], [-36.12215805053711], [-18.340171813964844], [-17.187538146972656], [-27.7644100189209], [-27.86064910888672], [-34.97947692871094], [-35.21106719970703], [-45.0256462097168], [-34.567108154296875], [237.7857666015625]], "Y": [[0], [0], [0], [0], [0], [0], [0], [0], [0], [0], [0], [-1]]}