{"X": [[-179.76463317871094], [-100.62261962890625], [-165.7834930419922], [-103.61514282226562], [111.22994232177734], [-131.61659240722656], [1063.342041015625], [-168.9088897705078], [-169.37806701660156], [-188.2073516845703], [-165.24942016601562], [488.96624755859375]], "Y": [[0], [0], [0], [0], [0], [0], [-1], [0], [0], [0], [0], [0]]}