{"X": [[45.029563903808594], [14.749324798583984], [47.305118560791016], [24.61110496520996], [-120.71879577636719], [28.532447814941406], [-1347.5277099609375], [49.68848419189453], [49.57793426513672], [46.513092041015625], [48.14250564575195], [-404.94708251953125]], "Y": [[0], [0], [0], [0], [0], [0], [-1], [0], [0], [0], [0], [0]]}