{"X": [[58.252445220947266], [84.15839385986328], [54.69930648803711], [71.83480072021484], [235.3119354248047], [67.12488555908203], [1411.21923828125], [50.90577697753906], [50.971500396728516], [58.098167419433594], [52.699127197265625], [106.40591430664062]], "Y": [[0], [0], [0], [0], [0], [0], [-1], [0], [0], [0], [0], [0]]}