{"X": [[-54.98378372192383], [-34.61396789550781], [-47.52105712890625], [-27.48118782043457], [-25.660648345947266], [-41.29583740234375], [-40.867252349853516], [-46.779720306396484], [-47.02665710449219], [-58.7704963684082], [-45.989646911621094], [270.7261047363281]], "Y": [[0], [0], [0], [0], [0], [0], [0], [0], [0], [0], [0], [-1]]}