{"X": [[26.59650230407715], [19.62432861328125], [23.141754150390625], [15.600668907165527], [27.420949935913086], [19.433950424194336], [179.958251953125], [22.33272933959961], [22.47241973876953], [28.058425903320312], [22.2491397857666], [-126.41094970703125]], "Y": [[0], [0], [0], [0], [0], [0], [-1], [0], [0], [0], [0], [-1]]}