{"X": [[-50.059959411621094], [-37.726707458496094], [-51.44180679321289], [-41.913291931152344], [11.85843276977539], [-42.35475158691406], [625.5328979492188], [-51.77403259277344], [-51.72984313964844], [-50.22386169433594], [-51.260074615478516], [321.368896484375]], "Y": [[0], [0], [0], [0], [0], [0], [-1], [0], [0], [0], [0], [-1]]}