{"X": [[29.110729217529297], [34.69921875], [31.812475204467773], [37.714996337890625], [40.77132034301758], [32.650543212890625], [23.06304168701172], [31.565017700195312], [31.479820251464844], [27.918800354003906], [31.71232795715332], [11.63891315460205]], "Y": [[0], [0], [0], [0], [0], [0], [0], [0], [0], [0], [0], [-1]]}