{"X": [[-39.74663162231445], [-48.37822341918945], [-39.28916549682617], [-46.26194381713867], [-94.06718444824219], [-44.315406799316406], [-447.686279296875], [-38.199607849121094], [-38.21466827392578], [-39.56441879272461], [-38.53992462158203], [63.64950180053711]], "Y": [[0], [0], [0], [0], [0], [0], [-1], [0], [0], [0], [0], [0]]}