{"X": [[-51.336936950683594], [-69.67967224121094], [-51.06070327758789], [-63.702327728271484], [-153.61572265625], [-62.47694778442383], [-701.1475219726562], [-49.305511474609375], [-49.32936477661133], [-50.74055862426758], [-50.03850173950195], [34.56106948852539]], "Y": [[0], [0], [0], [0], [0], [0], [-1], [0], [0], [0], [0], [0]]}