{"X": [[-0.04161419719457626], [-0.5453537702560425], [0.09263046085834503], [-0.21270857751369476], [-3.4258854389190674], [-0.1375778615474701], [-32.34128952026367], [0.182947039604187], [0.1771092712879181], [0.008216695860028267], [0.11284103244543076], [-3.0669186115264893]], "Y": [[0], [0], [0], [0], [0], [0], [-1], [0], [0], [0], [0], [0]]}