{"X": [[-0.18531997501850128], [0.048275068402290344], [-0.04603485018014908], [0.1702568531036377], [-0.6438531875610352], [0.036110859364271164], [-12.580310821533203], [0.01005916204303503], [0.0021536098793148994], [-0.22784189879894257], [0.006538592278957367], [-3.866609573364258]], "Y": [[0], [0], [0], [0], [0], [0], [-1], [0], [0], [0], [0], [0]]}