{"X": [[-0.12066980451345444], [-0.3401802182197571], [-0.23323823511600494], [-0.4153505563735962], [0.24533730745315552], [-0.3095620274543762], [11.97651195526123], [-0.28371065855026245], [-0.27620601654052734], [-0.08181647211313248], [-0.2798796594142914], [7.820461273193359]], "Y": [[0], [0], [0], [0], [0], [0], [1], [0], [0], [0], [0], [1]]}