{"X": [[-0.5297767519950867], [-0.5473966002464294], [-0.5349389910697937], [-0.5474053621292114], [-0.5859156847000122], [-0.5423794984817505], [-0.9540858268737793], [-0.5346340537071228], [-0.5345021486282349], [-0.527725338935852], [-0.5356766581535339], [-1.235890507698059]], "Y": [[0], [0], [0], [0], [0], [0], [-1], [0], [0], [0], [0], [-1]]}