{"X": [[0.10178729891777039], [0.07303868979215622], [0.09693039953708649], [0.07770028710365295], [0.02887265384197235], [0.08664628863334656], [0.37151220440864563], [0.09677404910326004], [0.09714652597904205], [0.10541079938411713], [0.0951346755027771], [0.9807280898094177]], "Y": [[0], [0], [0], [0], [0], [0], [0], [0], [0], [0], [0], [-1]]}