{"X": [[-43.83378982543945], [-12.444124221801758], [-37.07362365722656], [-13.467881202697754], [61.159854888916016], [-24.61540985107422], [107.17997741699219], [-38.15297317504883], [-38.35986328125], [-47.55977249145508], [-36.780555725097656], [-194.0435791015625]], "Y": [[0], [0], [0], [0], [0], [0], [0], [0], [0], [0], [0], [-1]]}