{"X": [[-0.03133108466863632], [-0.011996922083199024], [-0.029029522091150284], [-0.014699728228151798], [0.09671840816736221], [-0.02151942439377308], [0.31725168228149414], [-0.033552300184965134], [-0.03364148736000061], [-0.032235413789749146], [-0.03149537369608879], [-0.13113495707511902]], "Y": [[0], [0], [0], [0], [0], [0], [-1], [0], [0], [0], [0], [0]]}