{"X": [[-1.2846094369888306], [-1.8331018686294556], [-1.1507604122161865], [-1.4844388961791992], [-5.2187018394470215], [-1.3945401906967163], [-33.83018112182617], [-1.0321757793426514], [-1.038536548614502], [-1.2402926683425903], [-1.1117095947265625], [-0.9514214396476746]], "Y": [[0], [0], [0], [0], [0], [0], [-1], [0], [0], [0], [0], [0]]}