{"X": [[0.25374725461006165], [0.25211554765701294], [0.25909316539764404], [0.255692720413208], [0.17280414700508118], [0.257480651140213], [0.17800606787204742], [0.26322171092033386], [0.26300182938575745], [0.25209105014801025], [0.26209086179733276], [1.2852758169174194]], "Y": [[0], [0], [0], [0], [0], [0], [0], [0], [0], [0], [0], [-1]]}