{"X": [[0.09110347181558609], [0.09319864213466644], [0.09686582535505295], [0.1027577742934227], [0.03299617022275925], [0.09651956707239151], [-0.18741922080516815], [0.09999091923236847], [0.0995805487036705], [0.08960730582475662], [0.09908648580312729], [0.6732556223869324]], "Y": [[0], [0], [0], [0], [0], [0], [0], [0], [0], [0], [0], [-1]]}