{"X": [[29.221689224243164], [58.907447814941406], [28.243820190429688], [49.841896057128906], [195.5458221435547], [44.97239303588867], [1270.3212890625], [25.274532318115234], [25.303081512451172], [27.600749969482422], [26.718463897705078], [245.11119079589844]], "Y": [[0], [0], [0], [0], [0], [0], [-1], [0], [0], [0], [0], [0]]}