{"X": [[6.01499605178833], [5.9116106033325195], [5.8068647384643555], [5.673439979553223], [6.908350467681885], [5.760951042175293], [14.92765998840332], [5.750389099121094], [5.7589921951293945], [6.04359769821167], [5.763631343841553], [-20.452449798583984]], "Y": [[0], [0], [0], [0], [0], [0], [0], [0], [0], [0], [0], [-1]]}