{"X": [[31.13953399658203], [25.980533599853516], [30.821266174316406], [26.098237991333008], [14.862466812133789], [28.15530014038086], [-110.39822387695312], [30.642478942871094], [30.696636199951172], [31.595834732055664], [30.34645652770996], [-170.72361755371094]], "Y": [[0], [0], [0], [0], [0], [0], [1], [0], [0], [0], [0], [1]]}