{"X": [[0.4905286729335785], [0.504859447479248], [0.49866610765457153], [0.5092254877090454], [0.4990055561065674], [0.5042911767959595], [0.7817198038101196], [0.5002562999725342], [0.4999646246433258], [0.4880506694316864], [0.5005070567131042], [1.7655197381973267]], "Y": [[0], [0], [0], [0], [0], [0], [0], [0], [0], [0], [0], [-1]]}