{"X": [[54.472843170166016], [50.03152847290039], [58.137149810791016], [58.980037689208984], [-1.4618141651153564], [53.643089294433594], [-324.723388671875], [59.377540588378906], [59.260074615478516], [53.617958068847656], [58.834251403808594], [61.49983215332031]], "Y": [[0], [0], [0], [0], [0], [0], [-1], [0], [0], [0], [0], [0]]}