{"X": [[-100.96009063720703], [-83.53932189941406], [-86.61775970458984], [-69.7302017211914], [-138.4134063720703], [-83.07539367675781], [-1208.3463134765625], [-84.44254302978516], [-84.8386001586914], [-106.37335205078125], [-84.39318084716797], [-124.59024810791016]], "Y": [[0], [0], [0], [0], [0], [0], [-1], [0], [0], [0], [0], [0]]}