{"X": [[-1.992861270904541], [-1.1003073453903198], [-1.8773193359375], [-1.2117254734039307], [0.4719650149345398], [-1.5369906425476074], [8.819864273071289], [-1.8698451519012451], [-1.8782670497894287], [-2.1098363399505615], [-1.813459873199463], [-7.37601900100708]], "Y": [[0], [0], [0], [0], [0], [0], [-1], [0], [0], [0], [0], [0]]}