{"X": [[-0.2390078455209732], [0.1504632532596588], [-0.07275237888097763], [0.27038082480430603], [0.18699686229228973], [0.07434620708227158], [-6.602334976196289], [-0.04242178425192833], [-0.0518888421356678], [-0.29563799500465393], [-0.03227684646844864], [1.9187004566192627]], "Y": [[0], [0], [0], [0], [0], [0], [-1], [0], [0], [0], [0], [0]]}