{"X": [[0.429103285074234], [0.3904051184654236], [0.41949740052223206], [0.39045724272727966], [0.29295599460601807], [0.40449032187461853], [0.12738969922065735], [0.4213673770427704], [0.4218139350414276], [0.4330964982509613], [0.41890883445739746], [0.18700248003005981]], "Y": [[0], [0], [0], [0], [0], [0], [0], [0], [0], [0], [0], [0]]}