{"X": [[0.031893037259578705], [0.030591538175940514], [0.03129931539297104], [0.030013609677553177], [0.024022437632083893], [0.030570577830076218], [-0.007589596789330244], [0.03153267875313759], [0.03154166415333748], [0.031920433044433594], [0.03143908828496933], [-0.0635257214307785]], "Y": [[0], [0], [0], [0], [0], [0], [0], [0], [0], [0], [0], [-1]]}