{"X": [[3.1789987087249756], [3.581670045852661], [2.9736170768737793], [3.0846943855285645], [8.046375274658203], [3.1461617946624756], [39.77707290649414], [2.7731447219848633], [2.785104751586914], [3.171316623687744], [2.859835147857666], [-0.11386188864707947]], "Y": [[0], [0], [0], [0], [0], [0], [-1], [0], [0], [0], [0], [0]]}