{"X": [[15.50617504119873], [3.0610995292663574], [10.622629165649414], [0.07758579403162003], [-5.4326324462890625], [5.055243968963623], [350.7657165527344], [10.424449920654297], [10.60220718383789], [18.11233139038086], [10.041609764099121], [75.61883544921875]], "Y": [[0], [0], [0], [0], [0], [0], [-1], [0], [0], [0], [0], [0]]}