{"X": [[13.492311477661133], [25.89771270751953], [17.096900939941406], [29.270854949951172], [50.502525329589844], [20.52750015258789], [199.13931274414062], [16.65911865234375], [16.527320861816406], [11.330096244812012], [17.097745895385742], [132.521484375]], "Y": [[0], [0], [0], [0], [0], [0], [1], [0], [0], [0], [0], [1]]}