{"X": [[39.89143371582031], [29.906179428100586], [35.68185043334961], [26.53670883178711], [23.471561431884766], [33.81571578979492], [124.39470672607422], [35.644004821777344], [35.80441665649414], [42.23932647705078], [35.081016540527344], [-216.9739532470703]], "Y": [[0], [0], [0], [0], [0], [0], [0], [0], [0], [0], [0], [-1]]}