{"X": [[-13.48896598815918], [20.59490394592285], [-8.613580703735352], [18.710617065429688], [120.59388732910156], [6.067635536193848], [504.5530700683594], [-10.409409523010254], [-10.594620704650879], [-16.774703979492188], [-8.795540809631348], [-47.70097351074219]], "Y": [[0], [0], [0], [0], [0], [0], [-1], [0], [0], [0], [0], [0]]}