{"X": [[1.2648698091506958], [0.8833506107330322], [1.1368417739868164], [0.8370058536529541], [0.6172177195549011], [0.9957593083381653], [8.984575271606445], [1.1194130182266235], [1.1275315284729004], [1.3115181922912598], [1.1034590005874634], [8.860344886779785]], "Y": [[0], [0], [0], [0], [0], [0], [1], [0], [0], [0], [0], [1]]}