{"X": [[-0.6125542521476746], [-0.6330100893974304], [-0.6214631199836731], [-0.6295404434204102], [-0.5118280649185181], [-0.6263648867607117], [0.49463775753974915], [-0.6298598051071167], [-0.6291277408599854], [-0.6064141392707825], [-0.6292062401771545], [0.021725302562117577]], "Y": [[0], [0], [0], [0], [0], [0], [-1], [0], [0], [0], [0], [-1]]}