{"X": [[0.033233046531677246], [0.032492443919181824], [0.03318732976913452], [0.03216271474957466], [0.026541756466031075], [0.032745640724897385], [-0.008475719951093197], [0.033402785658836365], [0.03340316191315651], [0.03320644795894623], [0.033312566578388214], [0.0016136722406372428]], "Y": [[0], [0], [0], [0], [0], [0], [1], [0], [0], [0], [0], [1]]}