{"X": [[-133.78233337402344], [-108.08032989501953], [-117.9432373046875], [-94.45086669921875], [-142.72613525390625], [-110.11945343017578], [-1154.9791259765625], [-115.936767578125], [-116.38442993164062], [-139.44561767578125], [-115.42623901367188], [-112.63467407226562]], "Y": [[0], [0], [0], [0], [0], [0], [-1], [0], [0], [0], [0], [0]]}