{"X": [[43.06370162963867], [5.595646381378174], [36.452239990234375], [6.814548015594482], [-107.02145385742188], [20.0665340423584], [-587.2328491210938], [38.57880401611328], [38.83795166015625], [46.46685028076172], [36.80047607421875], [-255.09715270996094]], "Y": [[0], [0], [0], [0], [0], [0], [-1], [0], [0], [0], [0], [0]]}