{"X": [[-68.16134643554688], [-59.738304138183594], [-63.507930755615234], [-55.342369079589844], [-69.79586791992188], [-59.574398040771484], [-385.5321350097656], [-62.83293914794922], [-62.97940444946289], [-70.29553985595703], [-62.69377517700195], [150.11138916015625]], "Y": [[0], [0], [0], [0], [0], [0], [-1], [0], [0], [0], [0], [-1]]}