{"X": [[-0.1491406112909317], [-0.17260180413722992], [-0.15374591946601868], [-0.16674280166625977], [-0.14939908683300018], [-0.16053123772144318], [0.5862219929695129], [-0.15697026252746582], [-0.15647417306900024], [-0.14477457106113434], [-0.1576782613992691], [1.082298755645752]], "Y": [[0], [0], [0], [0], [0], [0], [-1], [0], [0], [0], [0], [-1]]}