{"X": [[-1.7047613859176636], [-0.5969145894050598], [-1.451133370399475], [-0.6742200255393982], [2.5593583583831787], [-1.0584752559661865], [-10.283811569213867], [-1.541813850402832], [-1.558498501777649], [-1.8116729259490967], [-1.4668877124786377], [-27.951730728149414]], "Y": [[0], [0], [0], [0], [0], [0], [0], [0], [0], [0], [0], [-1]]}