{"X": [[-14.009944915771484], [-4.474820137023926], [-10.247597694396973], [-0.10369985550642014], [-3.700496196746826], [-6.657155990600586], [-114.61316680908203], [-9.887423515319824], [-10.008491516113281], [-16.116689682006836], [-9.533552169799805], [86.48300170898438]], "Y": [[0], [0], [0], [0], [0], [0], [-1], [0], [0], [0], [0], [-1]]}