{"X": [[2.5091207027435303], [2.9154293537139893], [2.3032493591308594], [2.479358673095703], [6.733601093292236], [2.493821620941162], [42.05023193359375], [2.1478166580200195], [2.1589925289154053], [2.496385097503662], [2.227815866470337], [4.723448276519775]], "Y": [[0], [0], [0], [0], [0], [0], [-1], [0], [0], [0], [0], [0]]}