{"X": [[-43.04212188720703], [-34.87990188598633], [-41.48477554321289], [-33.63227844238281], [-16.406818389892578], [-36.10578155517578], [72.72828674316406], [-41.70406723022461], [-41.72379684448242], [-44.237281799316406], [-41.38405990600586], [191.06243896484375]], "Y": [[0], [0], [0], [0], [0], [0], [-1], [0], [0], [0], [0], [-1]]}