{"X": [[19.661230087280273], [28.79827880859375], [22.41301155090332], [31.621965408325195], [37.77321243286133], [24.43976402282715], [29.61553382873535], [22.34539222717285], [22.24631118774414], [17.76799201965332], [22.920774459838867], [59.91025161743164]], "Y": [[0], [0], [0], [0], [0], [0], [0], [0], [0], [0], [0], [-1]]}