{"X": [[-44.6356315612793], [-52.259437561035156], [-45.11090850830078], [-50.34903335571289], [-86.70825958251953], [-48.499881744384766], [-235.57113647460938], [-44.13579177856445], [-44.10623550415039], [-44.52231216430664], [-44.54193878173828], [84.3648681640625]], "Y": [[0], [0], [0], [0], [0], [0], [-1], [0], [0], [0], [0], [-1]]}