{"X": [[-0.48635679483413696], [-0.4356149137020111], [-0.48369482159614563], [-0.44423192739486694], [-0.11539807915687561], [-0.4621058404445648], [2.1134512424468994], [-0.4962349236011505], [-0.4959842562675476], [-0.48808854818344116], [-0.49028894305229187], [0.9639971256256104]], "Y": [[0], [0], [0], [0], [0], [0], [-1], [0], [0], [0], [0], [-1]]}