{"X": [[-28.049070358276367], [-42.74421691894531], [-22.928680419921875], [-33.53740310668945], [-151.10548400878906], [-32.52655792236328], [-1331.6953125], [-20.536640167236328], [-20.663799285888672], [-28.331605911254883], [-21.58580207824707], [-420.8309020996094]], "Y": [[0], [0], [0], [0], [0], [0], [-1], [0], [0], [0], [0], [0]]}