{"X": [[-0.21165449917316437], [0.5844075679779053], [-0.19980676472187042], [0.3835460841655731], [3.5351593494415283], [0.12977348268032074], [22.027002334594727], [-0.27556246519088745], [-0.27755436301231384], [-0.29668161273002625], [-0.20192618668079376], [-2.408160448074341]], "Y": [[0], [0], [0], [0], [0], [0], [-1], [0], [0], [0], [0], [0]]}