{"X": [[0.14312559366226196], [0.1369618922472], [0.1495426595211029], [0.14383353292942047], [-0.003519019577652216], [0.1455433964729309], [-0.8787735104560852], [0.15621539950370789], [0.1558183878660202], [0.14148710668087006], [0.15397413074970245], [0.13111230731010437]], "Y": [[0], [0], [0], [0], [0], [0], [-1], [0], [0], [0], [0], [0]]}