{"X": [[-265.29022216796875], [-184.1602783203125], [-252.76255798339844], [-191.47628784179688], [40.360782623291016], [-214.18458557128906], [1228.3321533203125], [-255.77735900878906], [-256.1342468261719], [-273.2507019042969], [-251.95913696289062], [736.253173828125]], "Y": [[0], [0], [0], [0], [0], [0], [1], [0], [0], [0], [0], [1]]}