{"X": [[1.1379190683364868], [0.9646751284599304], [0.9275997281074524], [0.6902048587799072], [2.9294490814208984], [0.8716893196105957], [12.636326789855957], [0.8044334053993225], [0.8160520195960999], [1.1952954530715942], [0.830478310585022], [-13.33961296081543]], "Y": [[0], [0], [0], [0], [0], [0], [-1], [0], [0], [0], [0], [-1]]}