{"X": [[192.8931884765625], [180.79074096679688], [184.41604614257812], [188.3740997314453], [144.6626739501953], [184.33518981933594], [848.7107543945312], [186.418701171875], [186.51971435546875], [193.1243438720703], [185.61924743652344], [609.768798828125]], "Y": [[0], [0], [0], [0], [0], [0], [1], [0], [0], [0], [0], [1]]}