{"X": [[180.48194885253906], [125.18526458740234], [171.65789794921875], [137.16627502441406], [-88.19064331054688], [146.50694274902344], [-1001.1180419921875], [176.6803741455078], [176.93370056152344], [182.99954223632812], [173.71615600585938], [-392.80279541015625]], "Y": [[0], [0], [0], [0], [0], [0], [-1], [0], [0], [0], [0], [0]]}