{"X": [[109.04827117919922], [-25.607633590698242], [89.64852142333984], [-34.98808670043945], [-369.1339416503906], [27.753511428833008], [-3471.195556640625], [93.5641860961914], [94.2948226928711], [125.4969253540039], [87.46942138671875], [-2439.20556640625]], "Y": [[0], [0], [0], [0], [0], [0], [1], [0], [0], [0], [0], [1]]}