{"X": [[-117.77395629882812], [-122.868408203125], [-100.11459350585938], [-103.51412963867188], [-265.5066223144531], [-109.52345275878906], [-2382.675537109375], [-96.64598083496094], [-97.18496704101562], [-120.08975982666016], [-97.95071411132812], [-596.8703002929688]], "Y": [[0], [0], [0], [0], [0], [0], [-1], [0], [0], [0], [0], [0]]}