{"X": [[-57.80339050292969], [-35.91888427734375], [-60.6282958984375], [-55.1002082824707], [132.03404235839844], [-47.114288330078125], [1111.75732421875], [-65.38935089111328], [-65.27345275878906], [-55.362327575683594], [-63.73895263671875], [-33.56568145751953]], "Y": [[0], [0], [0], [0], [0], [0], [-1], [0], [0], [0], [0], [0]]}