{"X": [[115.71263122558594], [53.93661117553711], [106.00235748291016], [62.62129592895508], [-165.73854064941406], [77.32545471191406], [-1128.2169189453125], [110.84809112548828], [111.17986297607422], [119.46502685546875], [107.73735046386719], [-412.595458984375]], "Y": [[0], [0], [0], [0], [0], [0], [-1], [0], [0], [0], [0], [0]]}