{"X": [[-65.55420684814453], [-0.8459470868110657], [-65.05369567871094], [-14.661121368408203], [267.0162048339844], [-34.49802780151367], [2816.669677734375], [-70.29093933105469], [-70.30538940429688], [-70.71932220458984], [-66.6469497680664], [1269.642578125]], "Y": [[0], [0], [0], [0], [0], [0], [-1], [0], [0], [0], [0], [0]]}