{"X": [[154.90261840820312], [198.56069946289062], [132.9879150390625], [179.8448028564453], [449.6199035644531], [169.52745056152344], [3810.347412109375], [129.9408416748047], [130.44717407226562], [152.8235321044922], [132.70606994628906], [994.7752685546875]], "Y": [[0], [0], [0], [0], [0], [0], [-1], [0], [0], [0], [0], [0]]}