{"X": [[-93.18294525146484], [-82.80355834960938], [-92.80841827392578], [-90.1084976196289], [-27.398469924926758], [-86.12336730957031], [38.990386962890625], [-94.10472106933594], [-94.12727355957031], [-92.48685455322266], [-93.41857147216797], [-137.22628784179688]], "Y": [[0], [0], [0], [0], [0], [0], [-1], [0], [0], [0], [0], [0]]}