{"X": [[97.26318359375], [56.14474868774414], [90.00916290283203], [62.517452239990234], [-80.53314971923828], [70.25453186035156], [-512.1094970703125], [92.7807388305664], [93.00428009033203], [100.2442398071289], [90.91968536376953], [-172.72708129882812]], "Y": [[0], [0], [0], [0], [0], [0], [-1], [0], [0], [0], [0], [0]]}