{"X": [[-209.0719451904297], [-158.41604614257812], [-197.6212921142578], [-163.54019165039062], [-19.56536102294922], [-175.0712432861328], [369.1358337402344], [-199.99485778808594], [-200.25758361816406], [-213.56983947753906], [-197.6713104248047], [181.83106994628906]], "Y": [[0], [0], [0], [0], [0], [0], [0], [0], [0], [0], [0], [0]]}