{"X": [[282.9629211425781], [290.42486572265625], [261.0119934082031], [287.7842712402344], [369.56292724609375], [284.29547119140625], [2521.732177734375], [262.41802978515625], [262.89227294921875], [284.16839599609375], [262.6391906738281], [487.90521240234375]], "Y": [[0], [0], [0], [0], [0], [0], [-1], [0], [0], [0], [0], [0]]}