{"X": [[2.0056028366088867], [-5.862020969390869], [2.650113582611084], [-10.368083000183105], [5.612560749053955], [-2.2204108238220215], [-191.68194580078125], [1.2413749694824219], [1.2718818187713623], [5.32138204574585], [1.0886917114257812], [-416.288818359375]], "Y": [[0], [0], [0], [0], [0], [0], [-1], [0], [0], [0], [0], [-1]]}