{"X": [[-104.12821960449219], [-79.51636505126953], [-95.17552947998047], [-76.4770736694336], [-30.327831268310547], [-82.30216979980469], [-359.2064514160156], [-95.98600769042969], [-96.25057220458984], [-106.31453704833984], [-95.13343811035156], [-69.91365814208984]], "Y": [[0], [0], [0], [0], [0], [0], [-1], [0], [0], [0], [0], [0]]}