{"X": [[284.26898193359375], [284.83624267578125], [264.9632873535156], [265.1119384765625], [446.0201721191406], [274.1646423339844], [2376.506591796875], [260.346923828125], [260.86700439453125], [289.485107421875], [261.2470703125], [-112.11317443847656]], "Y": [[0], [0], [0], [0], [0], [0], [-1], [0], [0], [0], [0], [0]]}