{"X": [[190.6355743408203], [186.1488494873047], [176.858154296875], [177.95387268066406], [260.7624206542969], [180.32150268554688], [1968.677734375], [175.67578125], [176.0662841796875], [194.05001831054688], [175.68341064453125], [204.75079345703125]], "Y": [[0], [0], [0], [0], [0], [0], [-1], [0], [0], [0], [0], [0]]}