{"X": [[134.66006469726562], [160.28076171875], [124.5921630859375], [167.10557556152344], [220.70333862304688], [150.11244201660156], [1850.9794921875], [126.8495864868164], [126.99169158935547], [130.4588165283203], [127.69857788085938], [817.3807373046875]], "Y": [[0], [0], [0], [0], [0], [0], [-1], [0], [0], [0], [0], [0]]}