{"X": [[60.29156494140625], [58.52571487426758], [50.546173095703125], [44.65705871582031], [138.984375], [52.61602020263672], [1075.25244140625], [47.953956604003906], [48.257606506347656], [62.89349365234375], [48.396263122558594], [-15.055182456970215]], "Y": [[0], [0], [0], [0], [0], [0], [-1], [0], [0], [0], [0], [0]]}