{"X": [[37.90241622924805], [7.714521408081055], [35.0733757019043], [-1.7468328475952148], [-16.843172073364258], [22.79447364807129], [-1079.177490234375], [33.29172897338867], [33.4286003112793], [45.559417724609375], [32.032142639160156], [-1262.9716796875]], "Y": [[0], [0], [0], [0], [0], [0], [1], [0], [0], [0], [0], [1]]}