{"X": [[-113.39704895019531], [-150.0581512451172], [-107.87831115722656], [-133.9300079345703], [-362.81243896484375], [-127.50076293945312], [-2384.609130859375], [-102.98362731933594], [-103.06877899169922], [-112.96598052978516], [-105.20117950439453], [-573.5136108398438]], "Y": [[0], [0], [0], [0], [0], [0], [-1], [0], [0], [0], [0], [0]]}