{"X": [[161.08006286621094], [126.65210723876953], [145.0711669921875], [119.78679656982422], [94.31095886230469], [137.51287841796875], [130.0057830810547], [144.7352752685547], [145.22427368164062], [165.60646057128906], [143.38912963867188], [-462.5170593261719]], "Y": [[0], [0], [0], [0], [0], [0], [0], [0], [0], [0], [0], [-1]]}