{"X": [[60.145328521728516], [119.71315002441406], [77.50874328613281], [124.75016784667969], [269.3474426269531], [96.05282592773438], [617.3697509765625], [74.14199829101562], [73.49736785888672], [53.46363830566406], [76.62274169921875], [131.23435974121094]], "Y": [[0], [0], [0], [0], [0], [0], [-1], [0], [0], [0], [0], [0]]}