{"X": [[23.486602783203125], [-41.11221694946289], [22.314443588256836], [-43.161128997802734], [-231.9391632080078], [-10.331363677978516], [-2686.575927734375], [24.186206817626953], [24.28175926208496], [31.987289428710938], [20.914329528808594], [-1567.9285888671875]], "Y": [[0], [0], [0], [0], [0], [0], [-1], [0], [0], [0], [0], [-1]]}