{"X": [[-140.61468505859375], [-115.03399658203125], [-131.94801330566406], [-115.26872253417969], [-49.05574035644531], [-120.6240005493164], [-314.6824951171875], [-133.50692749023438], [-133.78819274902344], [-142.81881713867188], [-132.37240600585938], [12.208854675292969]], "Y": [[0], [0], [0], [0], [0], [0], [-1], [0], [0], [0], [0], [0]]}