{"X": [[-128.53610229492188], [-167.4925079345703], [-123.3486328125], [-162.17550659179688], [-338.31317138671875], [-144.71946716308594], [-2606.638916015625], [-120.76346588134766], [-120.82038879394531], [-125.57732391357422], [-122.85033416748047], [-1061.1077880859375]], "Y": [[0], [0], [0], [0], [0], [0], [-1], [0], [0], [0], [0], [0]]}