{"X": [[197.7013702392578], [105.47630310058594], [175.79910278320312], [101.1405029296875], [-99.70460510253906], [137.22463989257812], [-1066.9053955078125], [178.0034942626953], [178.67816162109375], [208.32559204101562], [174.23886108398438], [-882.758544921875]], "Y": [[0], [0], [0], [0], [0], [0], [1], [0], [0], [0], [0], [1]]}