{"X": [[-198.6314697265625], [-175.16494750976562], [-188.7173614501953], [-172.9466094970703], [-146.73060607910156], [-178.2688446044922], [-600.7172241210938], [-188.72547912597656], [-189.0038299560547], [-200.9317626953125], [-187.74502563476562], [117.55973052978516]], "Y": [[0], [0], [0], [0], [0], [0], [-1], [0], [0], [0], [0], [0]]}