{"X": [[93.75741577148438], [57.22670364379883], [89.56510162353516], [69.03776550292969], [-95.84403991699219], [70.7303237915039], [-436.2621154785156], [93.47694396972656], [93.60735321044922], [95.63072204589844], [91.5466079711914], [33.403160095214844]], "Y": [[0], [0], [0], [0], [0], [0], [-1], [0], [0], [0], [0], [0]]}