{"X": [[184.98092651367188], [192.07809448242188], [165.62245178222656], [167.20977783203125], [376.500732421875], [183.95559692382812], [2041.40576171875], [161.034423828125], [161.5536651611328], [190.7308807373047], [161.98745727539062], [-282.1942443847656]], "Y": [[0], [0], [0], [0], [0], [0], [-1], [0], [0], [0], [0], [0]]}