{"X": [[-15.287808418273926], [12.84130573272705], [-7.779170036315918], [9.129456520080566], [117.54960632324219], [-1.2255581617355347], [204.84005737304688], [-11.699406623840332], [-11.96790599822998], [-18.034147262573242], [-9.843415260314941], [43.61186599731445]], "Y": [[0], [0], [0], [0], [0], [0], [-1], [0], [0], [0], [0], [0]]}