{"X": [[-106.36003875732422], [-130.90228271484375], [-86.66179656982422], [-108.18657684326172], [-318.1888732910156], [-113.0008544921875], [-2339.126220703125], [-84.04816436767578], [-84.60490417480469], [-107.49333953857422], [-85.65743255615234], [161.9456329345703]], "Y": [[0], [0], [0], [0], [0], [0], [-1], [0], [0], [0], [0], [0]]}