{"X": [[-8.44072437286377], [-2.92380428314209], [-13.662091255187988], [-5.952851295471191], [23.937763214111328], [-11.634432792663574], [987.7135009765625], [-13.522608757019043], [-13.376595497131348], [-10.079690933227539], [-12.809476852416992], [674.4063110351562]], "Y": [[0], [0], [0], [0], [0], [0], [1], [0], [0], [0], [0], [1]]}