{"X": [[75.63046264648438], [84.83724212646484], [74.9548568725586], [80.1175308227539], [149.17132568359375], [78.18220520019531], [644.7254028320312], [73.16413116455078], [73.0949478149414], [76.58271789550781], [73.76866912841797], [80.32917022705078]], "Y": [[0], [0], [0], [0], [0], [0], [-1], [0], [0], [0], [0], [0]]}