{"X": [[6.356237411499023], [-44.15202331542969], [-5.328864574432373], [-44.238563537597656], [-195.55860900878906], [-23.028825759887695], [-751.492431640625], [-1.7902477979660034], [-1.347941279411316], [11.013626098632812], [-4.277376651763916], [-329.06256103515625]], "Y": [[0], [0], [0], [0], [0], [0], [-1], [0], [0], [0], [0], [0]]}