{"X": [[74.70539855957031], [88.65687561035156], [67.3740463256836], [77.32368469238281], [206.20985412597656], [77.23713684082031], [1528.4110107421875], [64.59263610839844], [64.77279663085938], [75.54046630859375], [65.79850769042969], [345.9171142578125]], "Y": [[0], [0], [0], [0], [0], [0], [-1], [0], [0], [0], [0], [0]]}