{"X": [[-436.5429382324219], [-410.1177673339844], [-410.2140197753906], [-407.0932312011719], [-425.1238098144531], [-413.2988586425781], [-1803.3502197265625], [-410.4253234863281], [-411.0570373535156], [-440.9830627441406], [-409.2373352050781], [264.3248291015625]], "Y": [[0], [0], [0], [0], [0], [0], [-1], [0], [0], [0], [0], [0]]}