{"X": [[-87.3273696899414], [-134.21408081054688], [-74.67831420898438], [-108.45304107666016], [-437.212646484375], [-102.6759262084961], [-3335.01904296875], [-67.3325424194336], [-67.66324615478516], [-86.9026870727539], [-70.79698944091797], [-753.4483032226562]], "Y": [[0], [0], [0], [0], [0], [0], [-1], [0], [0], [0], [0], [0]]}