{"X": [[224.9556121826172], [175.66481018066406], [204.47219848632812], [155.903076171875], [159.41998291015625], [188.0738983154297], [-64.53585815429688], [202.49298095703125], [203.087158203125], [234.85243225097656], [200.9352569580078], [-1309.554931640625]], "Y": [[0], [0], [0], [0], [0], [0], [0], [0], [0], [0], [0], [-1]]}