{"X": [[22.938884735107422], [-11.338449478149414], [10.57851791381836], [-12.11313247680664], [-101.47428894042969], [2.4561991691589355], [-6.681904315948486], [13.351127624511719], [13.7259521484375], [26.03780174255371], [11.75484848022461], [233.0959930419922]], "Y": [[0], [0], [0], [0], [0], [0], [0], [0], [0], [0], [0], [-1]]}