{"X": [[-33.380035400390625], [40.747840881347656], [-19.74238395690918], [38.07423400878906], [261.43756103515625], [10.713260650634766], [1190.514404296875], [-24.13400650024414], [-24.6030216217041], [-40.41400909423828], [-20.763057708740234], [179.48446655273438]], "Y": [[0], [0], [0], [0], [0], [0], [-1], [0], [0], [0], [0], [0]]}