{"X": [[56.230594635009766], [14.1735258102417], [58.81151580810547], [20.075477600097656], [-113.52098846435547], [31.114521026611328], [-1343.923828125], [59.35090255737305], [59.28535461425781], [60.65251922607422], [57.39665985107422], [-490.3462219238281]], "Y": [[0], [0], [0], [0], [0], [0], [-1], [0], [0], [0], [0], [0]]}