{"X": [[127.62135314941406], [15.739228248596191], [106.46708679199219], [10.830967903137207], [-261.3554992675781], [55.563751220703125], [-1774.871826171875], [110.03252410888672], [110.72486877441406], [140.32644653320312], [105.38282012939453], [-941.2316284179688]], "Y": [[0], [0], [0], [0], [0], [0], [-1], [0], [0], [0], [0], [0]]}