{"X": [[34.43425750732422], [28.88048553466797], [35.43739318847656], [27.715435028076172], [27.451841354370117], [35.79530334472656], [-665.6118774414062], [34.61640930175781], [34.52745819091797], [36.413352966308594], [34.29231262207031], [-499.2740783691406]], "Y": [[0], [0], [0], [0], [0], [0], [1], [0], [0], [0], [0], [1]]}