{"X": [[-10.84661865234375], [-48.95357131958008], [-10.581985473632812], [-33.50449752807617], [-243.92958068847656], [-31.15282440185547], [-1061.7041015625], [-5.560638427734375], [-5.51551628112793], [-10.462865829467773], [-7.756784439086914], [233.13861083984375]], "Y": [[0], [0], [0], [0], [0], [0], [-1], [0], [0], [0], [0], [0]]}