{"X": [[-54.3635368347168], [-76.9376449584961], [-57.33119583129883], [-80.67906951904297], [-129.9756317138672], [-65.8813705444336], [-1139.6773681640625], [-57.105342864990234], [-57.05730056762695], [-50.85588836669922], [-57.93415832519531], [-551.8291015625]], "Y": [[0], [0], [0], [0], [0], [0], [-1], [0], [0], [0], [0], [-1]]}