{"X": [[0.24073633551597595], [40.03142166137695], [4.061363697052002], [40.37776565551758], [161.796875], [19.801528930664062], [1620.2227783203125], [2.1786444187164307], [2.105914354324341], [-4.3258585929870605], [4.0037922859191895], [784.8845825195312]], "Y": [[0], [0], [0], [0], [0], [0], [-1], [0], [0], [0], [0], [-1]]}