{"X": [[138.50537109375], [136.31703186035156], [112.10169982910156], [118.33366394042969], [262.3641052246094], [135.46792602539062], [2157.372802734375], [111.06298828125], [111.6732177734375], [144.1533660888672], [111.38968658447266], [235.04794311523438]], "Y": [[0], [0], [0], [0], [0], [0], [-1], [0], [0], [0], [0], [0]]}