{"X": [[-86.23003387451172], [-142.28102111816406], [-76.66667938232422], [-128.7896270751953], [-406.70306396484375], [-110.87619018554688], [-3395.321044921875], [-72.01896667480469], [-72.1767578125], [-82.74513244628906], [-75.3211898803711], [-1362.4808349609375]], "Y": [[0], [0], [0], [0], [0], [0], [-1], [0], [0], [0], [0], [0]]}