{"X": [[-512.5592651367188], [-348.0426940917969], [-495.2621765136719], [-349.09674072265625], [31.31268882751465], [-414.4784240722656], [3854.06103515625], [-495.993408203125], [-496.4747314453125], [-534.279541015625], [-488.49078369140625], [2999.434814453125]], "Y": [[0], [0], [0], [0], [0], [0], [1], [0], [0], [0], [0], [1]]}