{"X": [[-172.4002227783203], [-129.73403930664062], [-160.1907196044922], [-132.10533142089844], [-13.412337303161621], [-142.63497924804688], [-59.82063293457031], [-162.7810516357422], [-163.1456756591797], [-176.2429656982422], [-160.83987426757812], [182.50079345703125]], "Y": [[0], [0], [0], [0], [0], [0], [0], [0], [0], [0], [0], [-1]]}