{"X": [[-388.93731689453125], [-420.2457275390625], [-357.5966491699219], [-389.0440673828125], [-730.0639038085938], [-393.366455078125], [-4194.93408203125], [-351.599853515625], [-352.4068908691406], [-392.7391052246094], [-353.83563232421875], [124.35411071777344]], "Y": [[0], [0], [0], [0], [0], [0], [-1], [0], [0], [0], [0], [0]]}