{"X": [[-142.99411010742188], [-171.29832458496094], [-126.89044189453125], [-151.90142822265625], [-368.59912109375], [-150.40834045410156], [-2282.70166015625], [-123.3847427368164], [-123.7967758178711], [-143.57666015625], [-125.23468017578125], [189.43569946289062]], "Y": [[0], [0], [0], [0], [0], [0], [-1], [0], [0], [0], [0], [0]]}