{"X": [[-42.28819274902344], [-40.732139587402344], [-43.3748664855957], [-50.63832473754883], [4.503988742828369], [-42.963050842285156], [-33.616981506347656], [-45.54930114746094], [-45.44082260131836], [-40.84561538696289], [-45.15283203125], [-339.3965759277344]], "Y": [[0], [0], [0], [0], [0], [0], [0], [0], [0], [0], [0], [-1]]}