{"X": [[-66.60276794433594], [-22.046794891357422], [-72.5795669555664], [-33.96107864379883], [153.64300537109375], [-47.13615798950195], [2217.34228515625], [-74.62848663330078], [-74.48124694824219], [-70.7370834350586], [-72.11862182617188], [891.1428833007812]], "Y": [[0], [0], [0], [0], [0], [0], [-1], [0], [0], [0], [0], [0]]}