{"X": [[-45.09640121459961], [-74.91902160644531], [-48.38774490356445], [-65.4688491821289], [-204.81259155273438], [-64.54658508300781], [-195.6546630859375], [-44.7923698425293], [-44.64199447631836], [-44.440330505371094], [-46.049739837646484], [641.6503295898438]], "Y": [[0], [0], [0], [0], [0], [0], [0], [0], [0], [0], [0], [-1]]}