{"X": [[-54.69932174682617], [-22.479427337646484], [-39.702842712402344], [-5.418512344360352], [-36.91851043701172], [-30.53322982788086], [-360.67816162109375], [-37.6683464050293], [-38.17390441894531], [-61.78630447387695], [-36.79959487915039], [420.420654296875]], "Y": [[0], [0], [0], [0], [0], [0], [-1], [0], [0], [0], [0], [-1]]}