{"X": [[-221.30323791503906], [-172.1603546142578], [-202.43043518066406], [-160.05442810058594], [-133.86488342285156], [-186.41258239746094], [-373.2036437988281], [-201.59498596191406], [-202.0902557373047], [-229.78602600097656], [-199.7917022705078], [464.5462341308594]], "Y": [[0], [0], [0], [0], [0], [0], [0], [0], [0], [0], [0], [-1]]}