{"X": [[54.140907287597656], [44.14228820800781], [47.44814682006836], [50.879798889160156], [-6.613224506378174], [47.48484802246094], [379.9517517089844], [49.99767303466797], [50.175289154052734], [53.595314025878906], [49.31793212890625], [266.5020446777344]], "Y": [[0], [0], [0], [0], [0], [0], [1], [0], [0], [0], [0], [1]]}