{"X": [[131.5207061767578], [147.98382568359375], [132.9463348388672], [150.2464599609375], [208.28807067871094], [138.94007873535156], [673.5942993164062], [131.3662109375], [131.2185516357422], [129.71493530273438], [132.1957550048828], [170.31710815429688]], "Y": [[0], [0], [0], [0], [0], [0], [-1], [0], [0], [0], [0], [0]]}