{"X": [[96.13990020751953], [13.814932823181152], [79.19373321533203], [14.680668830871582], [-211.1968231201172], [41.99623107910156], [-801.8244018554688], [83.04634857177734], [83.63129425048828], [103.37321472167969], [79.58599090576172], [22.267000198364258]], "Y": [[0], [0], [0], [0], [0], [0], [-1], [0], [0], [0], [0], [0]]}