{"X": [[-17.623703002929688], [45.36967086791992], [-32.55631637573242], [10.615015029907227], [423.06024169921875], [8.62551212310791], [3957.22509765625], [-40.46398162841797], [-39.999908447265625], [-17.575607299804688], [-36.45099639892578], [891.7544555664062]], "Y": [[0], [0], [0], [0], [0], [0], [-1], [0], [0], [0], [0], [0]]}