{"X": [[-108.84630584716797], [-77.36540985107422], [-112.64285278320312], [-94.35250854492188], [86.84227752685547], [-92.7676010131836], [1297.48828125], [-115.87609100341797], [-115.71221160888672], [-109.31733703613281], [-114.00494384765625], [160.02174377441406]], "Y": [[0], [0], [0], [0], [0], [0], [-1], [0], [0], [0], [0], [0]]}