{"X": [[-187.408935546875], [-217.8920135498047], [-180.63092041015625], [-228.66815185546875], [-262.4214172363281], [-205.4911346435547], [-1534.0972900390625], [-183.28346252441406], [-183.35121154785156], [-181.76979064941406], [-184.20230102539062], [-352.8504943847656]], "Y": [[0], [0], [0], [0], [0], [0], [-1], [0], [0], [0], [0], [0]]}