{"X": [[-41.38331985473633], [-9.126176834106445], [-32.17338943481445], [-5.319869518280029], [69.99785614013672], [-22.206619262695312], [368.4490051269531], [-33.96848678588867], [-34.29304122924805], [-45.519596099853516], [-32.4523811340332], [413.7222900390625]], "Y": [[0], [0], [0], [0], [0], [0], [1], [0], [0], [0], [0], [1]]}