{"X": [[106.94181060791016], [80.9801254272461], [104.88483428955078], [79.95858764648438], [30.202220916748047], [94.90107727050781], [-930.5045776367188], [104.521240234375], [104.5684814453125], [111.66148376464844], [103.18759155273438], [-941.5827026367188]], "Y": [[0], [0], [0], [0], [0], [0], [1], [0], [0], [0], [0], [1]]}