{"X": [[175.2463836669922], [130.83816528320312], [159.2155303955078], [124.2125015258789], [59.825096130371094], [146.21456909179688], [153.5489959716797], [160.18356323242188], [160.67942810058594], [181.90501403808594], [158.25404357910156], [-377.7474365234375]], "Y": [[0], [0], [0], [0], [0], [0], [0], [0], [0], [0], [0], [-1]]}