{"X": [[129.4602813720703], [91.66715240478516], [115.02960205078125], [86.15245819091797], [40.45695495605469], [102.5146255493164], [233.27529907226562], [115.0599136352539], [115.4899673461914], [134.46865844726562], [113.74614715576172], [-32.5620002746582]], "Y": [[0], [0], [0], [0], [0], [0], [-1], [0], [0], [0], [0], [0]]}