{"X": [[243.53443908691406], [278.2535095214844], [246.82571411132812], [280.98236083984375], [401.9771423339844], [260.5104675292969], [1498.2047119140625], [244.05618286132812], [243.85162353515625], [240.32960510253906], [245.44664001464844], [228.95240783691406]], "Y": [[0], [0], [0], [0], [0], [0], [-1], [0], [0], [0], [0], [0]]}