{"X": [[82.76853942871094], [114.30949401855469], [68.18400573730469], [93.49317932128906], [348.9104919433594], [92.7190170288086], [2953.799072265625], [62.876441955566406], [63.272239685058594], [83.15238189697266], [65.2665023803711], [878.5533447265625]], "Y": [[0], [0], [0], [0], [0], [0], [-1], [0], [0], [0], [0], [0]]}