{"X": [[22.827558517456055], [26.60362434387207], [13.184560775756836], [10.610020637512207], [134.99110412597656], [20.087858200073242], [956.3345947265625], [9.817558288574219], [10.111000061035156], [25.741334915161133], [10.787593841552734], [-91.31079864501953]], "Y": [[0], [0], [0], [0], [0], [0], [-1], [0], [0], [0], [0], [0]]}