{"X": [[169.617919921875], [187.9202880859375], [154.69566345214844], [189.7484130859375], [249.2108612060547], [179.24819946289062], [1952.9918212890625], [156.80052185058594], [157.11045837402344], [167.34144592285156], [157.3894500732422], [531.457763671875]], "Y": [[0], [0], [0], [0], [0], [0], [-1], [0], [0], [0], [0], [0]]}