{"X": [[63.45655059814453], [47.8034553527832], [60.77505874633789], [60.071590423583984], [-50.22762680053711], [59.71962356567383], [-226.1528778076172], [64.36749267578125], [64.41914367675781], [63.33323287963867], [63.15335464477539], [368.2301330566406]], "Y": [[0], [0], [0], [0], [0], [0], [0], [0], [0], [0], [0], [-1]]}