{"X": [[18.769229888916016], [11.40189266204834], [16.54810333251953], [16.552207946777344], [-45.55646896362305], [9.770291328430176], [314.9195861816406], [18.538358688354492], [18.633176803588867], [16.808422088623047], [18.369157791137695], [500.4270324707031]], "Y": [[0], [0], [0], [0], [0], [0], [1], [0], [0], [0], [0], [1]]}