{"X": [[69.66594696044922], [87.57843780517578], [61.124595642089844], [77.30557250976562], [214.6573028564453], [69.90731048583984], [2217.86669921875], [58.545066833496094], [58.75502014160156], [68.92842102050781], [60.095420837402344], [896.6048583984375]], "Y": [[0], [0], [0], [0], [0], [0], [-1], [0], [0], [0], [0], [0]]}