{"X": [[-187.30447387695312], [-183.43667602539062], [-177.3628692626953], [-173.72369384765625], [-257.91729736328125], [-175.75], [-1176.94091796875], [-174.5989990234375], [-174.7970428466797], [-190.05227661132812], [-175.08792114257812], [132.4479522705078]], "Y": [[0], [0], [0], [0], [0], [0], [-1], [0], [0], [0], [0], [0]]}