{"X": [[87.75578308105469], [32.381935119628906], [68.50576782226562], [21.12424659729004], [-53.14849090576172], [47.707393646240234], [-336.4639587402344], [68.8958511352539], [69.4939956665039], [95.24507904052734], [67.04871368408203], [-670.9347534179688]], "Y": [[0], [0], [0], [0], [0], [0], [0], [0], [0], [0], [0], [-1]]}