{"X": [[149.5836944580078], [153.28050231933594], [133.74948120117188], [159.6328887939453], [152.04946899414062], [153.15811157226562], [1535.3707275390625], [137.536376953125], [137.89089965820312], [148.2135467529297], [137.2339630126953], [601.4359130859375]], "Y": [[0], [0], [0], [0], [0], [0], [-1], [0], [0], [0], [0], [0]]}