{"X": [[-397.8034973144531], [-389.3141784667969], [-356.40057373046875], [-359.48687744140625], [-612.5025634765625], [-380.306640625], [-4332.33203125], [-352.5439453125], [-353.58135986328125], [-407.0616455078125], [-352.9347839355469], [-492.0908203125]], "Y": [[0], [0], [0], [0], [0], [0], [-1], [0], [0], [0], [0], [0]]}