{"X": [[-191.5294952392578], [-171.7103271484375], [-175.92991638183594], [-153.43763732910156], [-244.80006408691406], [-171.8976593017578], [-884.9937133789062], [-172.4224853515625], [-172.8329315185547], [-197.92723083496094], [-172.2470245361328], [590.0513916015625]], "Y": [[0], [0], [0], [0], [0], [0], [-1], [0], [0], [0], [0], [-1]]}