{"X": [[-34.498756408691406], [-5.690878868103027], [-31.30115509033203], [-14.630232810974121], [123.37517547607422], [-16.8784122467041], [433.036865234375], [-34.79185485839844], [-34.92390060424805], [-34.917510986328125], [-33.13613510131836], [-82.33831787109375]], "Y": [[0], [0], [0], [0], [0], [0], [-1], [0], [0], [0], [0], [0]]}