{"X": [[53.04436492919922], [-33.199642181396484], [45.329986572265625], [-25.53685188293457], [-340.80535888671875], [9.36767578125], [-3219.398681640625], [51.24726486206055], [51.503746032714844], [61.354251861572266], [46.864959716796875], [-1605.6884765625]], "Y": [[0], [0], [0], [0], [0], [0], [-1], [0], [0], [0], [0], [-1]]}