{"X": [[-84.52067565917969], [-68.24433898925781], [-88.24940490722656], [-83.07843017578125], [62.51058578491211], [-77.421142578125], [1089.384033203125], [-91.62240600585938], [-91.49140167236328], [-82.289306640625], [-90.12149810791016], [320.909423828125]], "Y": [[0], [0], [0], [0], [0], [0], [-1], [0], [0], [0], [0], [0]]}