{"X": [[-151.5105743408203], [-124.97828674316406], [-159.5074462890625], [-148.0782928466797], [56.46844482421875], [-140.94717407226562], [1256.5511474609375], [-163.88624572753906], [-163.6115264892578], [-150.86062622070312], [-161.6701202392578], [232.11944580078125]], "Y": [[0], [0], [0], [0], [0], [0], [-1], [0], [0], [0], [0], [0]]}