{"X": [[-31.376895904541016], [-59.2842903137207], [-24.619888305664062], [-50.86982345581055], [-192.66183471679688], [-41.81772994995117], [-2072.493896484375], [-22.99032974243164], [-23.137615203857422], [-29.762367248535156], [-24.50542640686035], [-897.8679809570312]], "Y": [[0], [0], [0], [0], [0], [0], [-1], [0], [0], [0], [0], [0]]}