{"X": [[49.648746490478516], [78.48590850830078], [50.87702560424805], [77.51968383789062], [155.3811492919922], [62.432125091552734], [976.6884765625], [49.99917221069336], [49.9504508972168], [44.99614334106445], [51.28145217895508], [296.69384765625]], "Y": [[0], [0], [0], [0], [0], [0], [-1], [0], [0], [0], [0], [0]]}