{"X": [[-100.83051300048828], [-115.99607849121094], [-83.60647583007812], [-105.58036804199219], [-221.35743713378906], [-103.51599884033203], [-1965.0008544921875], [-83.31834411621094], [-83.77066802978516], [-99.8283920288086], [-84.25130462646484], [-355.6190490722656]], "Y": [[0], [0], [0], [0], [0], [0], [-1], [0], [0], [0], [0], [0]]}