{"X": [[106.55892181396484], [78.59848022460938], [91.50655364990234], [94.12421417236328], [-67.2471694946289], [94.12342834472656], [133.31439208984375], [98.23308563232422], [98.54994201660156], [106.52542877197266], [96.34758758544922], [459.561767578125]], "Y": [[0], [0], [0], [0], [0], [0], [0], [0], [0], [0], [0], [-1]]}