{"X": [[-313.5317687988281], [-325.65350341796875], [-283.3249816894531], [-302.986572265625], [-544.8446044921875], [-310.2724914550781], [-3500.7001953125], [-279.656005859375], [-280.3570861816406], [-318.18426513671875], [-280.98883056640625], [-196.2981719970703]], "Y": [[0], [0], [0], [0], [0], [0], [-1], [0], [0], [0], [0], [0]]}