{"X": [[42.37036895751953], [59.15188980102539], [40.916847229003906], [48.129608154296875], [174.3423614501953], [51.013404846191406], [620.4567260742188], [37.43572998046875], [37.4318962097168], [43.51719665527344], [38.509559631347656], [-214.6870574951172]], "Y": [[0], [0], [0], [0], [0], [0], [-1], [0], [0], [0], [0], [0]]}