{"X": [[-104.83183288574219], [-99.72659301757812], [-101.35943603515625], [-100.0403060913086], [-92.82359313964844], [-99.22290802001953], [67.50093841552734], [-101.24740600585938], [-101.27313995361328], [-104.81231689453125], [-101.04718780517578], [341.59930419921875]], "Y": [[0], [0], [0], [0], [0], [0], [0], [0], [0], [0], [0], [-1]]}