{"X": [[56.82741165161133], [118.96892547607422], [65.6675796508789], [120.9627685546875], [313.0615539550781], [89.23639678955078], [2365.20263671875], [62.28156661987305], [61.95723342895508], [49.9270133972168], [65.19916534423828], [1261.0653076171875]], "Y": [[0], [0], [0], [0], [0], [0], [-1], [0], [0], [0], [0], [-1]]}