{"X": [[235.16537475585938], [197.10084533691406], [224.7511749267578], [195.6319122314453], [127.40476989746094], [205.81378173828125], [34.008392333984375], [224.8827667236328], [225.178955078125], [239.71942138671875], [223.29844665527344], [-519.053955078125]], "Y": [[0], [0], [0], [0], [0], [0], [0], [0], [0], [0], [0], [-1]]}