{"X": [[-229.4566650390625], [-213.25717163085938], [-220.8690643310547], [-210.83204650878906], [-201.38357543945312], [-213.8121795654297], [-286.1933288574219], [-220.6295623779297], [-220.7450714111328], [-231.86407470703125], [-220.1298065185547], [473.5011901855469]], "Y": [[0], [0], [0], [0], [0], [0], [0], [0], [0], [0], [0], [-1]]}