{"X": [[-119.59025573730469], [-125.28472900390625], [-116.6430892944336], [-125.49805450439453], [-150.94320678710938], [-117.71648406982422], [-994.547607421875], [-116.51899719238281], [-116.59891510009766], [-118.31767272949219], [-116.7816162109375], [-341.7963562011719]], "Y": [[0], [0], [0], [0], [0], [0], [-1], [0], [0], [0], [0], [0]]}