{"X": [[74.1976547241211], [47.420631408691406], [67.26753997802734], [40.79523849487305], [4.4421210289001465], [56.671409606933594], [-201.24520874023438], [67.432861328125], [67.74272155761719], [78.49612426757812], [66.14307403564453], [-597.0133666992188]], "Y": [[0], [0], [0], [0], [0], [0], [0], [0], [0], [0], [0], [-1]]}