{"X": [[91.95170593261719], [51.65138244628906], [77.61101531982422], [43.9281005859375], [-3.196528196334839], [65.62108612060547], [-396.7503356933594], [77.67608642578125], [78.09314727783203], [97.9700927734375], [76.12456512451172], [-719.8882446289062]], "Y": [[0], [0], [0], [0], [0], [0], [-1], [0], [0], [0], [0], [-1]]}