{"X": [[161.7976837158203], [130.1674041748047], [160.2024383544922], [145.62965393066406], [-36.88536834716797], [148.58059692382812], [-1098.613037109375], [165.1781768798828], [165.14247131347656], [163.58383178710938], [162.86471557617188], [-570.8624267578125]], "Y": [[0], [0], [0], [0], [0], [0], [-1], [0], [0], [0], [0], [-1]]}