{"X": [[78.42716217041016], [-20.664400100708008], [73.68075561523438], [-0.9295626282691956], [-396.07196044921875], [19.946121215820312], [-2414.751220703125], [80.81168365478516], [81.07075500488281], [84.68907165527344], [75.84837341308594], [-323.5936584472656]], "Y": [[0], [0], [0], [0], [0], [0], [-1], [0], [0], [0], [0], [0]]}