{"X": [[406.73529052734375], [356.6631164550781], [385.6372375488281], [343.98406982421875], [347.2505798339844], [365.1103820800781], [858.6578979492188], [382.9947814941406], [383.53680419921875], [415.29852294921875], [381.45526123046875], [-712.502197265625]], "Y": [[0], [0], [0], [0], [0], [0], [0], [0], [0], [0], [0], [-1]]}