{"X": [[232.61373901367188], [196.5271453857422], [222.9983673095703], [196.65032958984375], [115.8016357421875], [207.93133544921875], [-323.5119934082031], [223.77940368652344], [224.03306579589844], [236.75106811523438], [222.0806121826172], [-775.692138671875]], "Y": [[0], [0], [0], [0], [0], [0], [-1], [0], [0], [0], [0], [-1]]}