{"X": [[165.23248291015625], [108.71199798583984], [151.2136993408203], [115.2897720336914], [-64.22368621826172], [129.88478088378906], [-444.98651123046875], [155.36231994628906], [155.73019409179688], [169.88699340820312], [152.59519958496094], [-139.590087890625]], "Y": [[0], [0], [0], [0], [0], [0], [-1], [0], [0], [0], [0], [0]]}