{"X": [[144.97959899902344], [125.8951416015625], [135.18988037109375], [121.91059875488281], [122.22300720214844], [126.99805450439453], [472.1910400390625], [134.3885498046875], [134.61924743652344], [147.87989807128906], [134.0653076171875], [-191.6591033935547]], "Y": [[0], [0], [0], [0], [0], [0], [-1], [0], [0], [0], [0], [-1]]}