{"X": [[-67.06354522705078], [-20.285234451293945], [-61.99021911621094], [-27.11952781677246], [155.01959228515625], [-38.88951873779297], [853.2100219726562], [-65.97766876220703], [-66.18766021728516], [-70.09539794921875], [-63.50104522705078], [166.7017059326172]], "Y": [[0], [0], [0], [0], [0], [0], [-1], [0], [0], [0], [0], [0]]}