{"X": [[82.28730010986328], [62.5815315246582], [74.8229751586914], [67.69072723388672], [-8.512210845947266], [65.74352264404297], [522.1220092773438], [77.2973403930664], [77.465087890625], [82.3541259765625], [76.49280548095703], [522.180908203125]], "Y": [[0], [0], [0], [0], [0], [0], [1], [0], [0], [0], [0], [1]]}