{"X": [[-159.52162170410156], [-154.03659057617188], [-165.74664306640625], [-158.9033966064453], [-118.79497528076172], [-162.31996154785156], [1471.2205810546875], [-165.29112243652344], [-165.0596160888672], [-161.00575256347656], [-164.30731201171875], [1509.4327392578125]], "Y": [[0], [0], [0], [0], [0], [0], [1], [0], [0], [0], [0], [1]]}