{"X": [[-51.42610168457031], [-46.72813034057617], [-51.59033966064453], [-41.720115661621094], [-67.97116088867188], [-49.331356048583984], [616.9080810546875], [-49.56914138793945], [-49.50731658935547], [-53.950504302978516], [-49.66703414916992], [764.1885986328125]], "Y": [[0], [0], [0], [0], [0], [0], [1], [0], [0], [0], [0], [1]]}