{"X": [[119.00152587890625], [156.33827209472656], [117.96987915039062], [150.9389190673828], [326.8401794433594], [137.28155517578125], [2143.607666015625], [114.56303405761719], [114.48794555664062], [117.22885131835938], [116.40750885009766], [823.3924560546875]], "Y": [[0], [0], [0], [0], [0], [0], [-1], [0], [0], [0], [0], [0]]}