{"X": [[-20.090700149536133], [-36.58644485473633], [-16.52914047241211], [-28.542041778564453], [-130.2080078125], [-23.875185012817383], [-1172.9822998046875], [-14.486784934997559], [-14.6281099319458], [-18.692819595336914], [-15.540873527526855], [-253.84909057617188]], "Y": [[0], [0], [0], [0], [0], [0], [-1], [0], [0], [0], [0], [0]]}