{"X": [[-57.562416076660156], [-48.3344841003418], [-61.579933166503906], [-56.42656707763672], [17.569292068481445], [-53.19120788574219], [625.3431396484375], [-62.943477630615234], [-62.77098083496094], [-56.97336959838867], [-62.23145294189453], [106.370361328125]], "Y": [[0], [0], [0], [0], [0], [0], [-1], [0], [0], [0], [0], [0]]}