{"X": [[-111.2624740600586], [-106.12914276123047], [-100.71270751953125], [-92.53343200683594], [-175.94451904296875], [-102.63026428222656], [-542.9965209960938], [-97.95592498779297], [-98.23078155517578], [-114.22463989257812], [-98.43643188476562], [471.5141906738281]], "Y": [[0], [0], [0], [0], [0], [0], [0], [0], [0], [0], [0], [-1]]}