{"X": [[2.346400260925293], [7.939101696014404], [6.637248516082764], [12.929387092590332], [-0.2948604226112366], [1.2679595947265625], [204.79916381835938], [6.824655532836914], [6.68479585647583], [-0.1962776631116867], [7.121644973754883], [304.2386779785156]], "Y": [[0], [0], [0], [0], [0], [0], [1], [0], [0], [0], [0], [1]]}