{"X": [[26.211843490600586], [74.44522094726562], [32.698570251464844], [65.56224060058594], [271.66778564453125], [52.39640808105469], [1451.963134765625], [27.96577262878418], [27.719511032104492], [24.542266845703125], [30.36411476135254], [149.58399963378906]], "Y": [[0], [0], [0], [0], [0], [0], [-1], [0], [0], [0], [0], [0]]}