{"X": [[-97.22154235839844], [-63.389163970947266], [-93.11213684082031], [-74.23014831542969], [96.59803771972656], [-74.28173065185547], [679.0794677734375], [-97.31101989746094], [-97.36425018310547], [-97.4808578491211], [-95.62735748291016], [47.733455657958984]], "Y": [[0], [0], [0], [0], [0], [0], [-1], [0], [0], [0], [0], [0]]}