{"X": [[-185.51002502441406], [-57.01728057861328], [-161.3633270263672], [-54.821617126464844], [284.076171875], [-105.5344467163086], [2664.58544921875], [-166.11460876464844], [-166.87075805664062], [-199.67210388183594], [-160.58584594726562], [1670.9769287109375]], "Y": [[0], [0], [0], [0], [0], [0], [1], [0], [0], [0], [0], [1]]}