{"X": [[-354.6781921386719], [-345.3904724121094], [-330.58953857421875], [-335.3675842285156], [-430.1929626464844], [-343.9358215332031], [-2186.808349609375], [-329.8169250488281], [-330.405029296875], [-359.5478515625], [-329.5077819824219], [168.42459106445312]], "Y": [[0], [0], [0], [0], [0], [0], [-1], [0], [0], [0], [0], [0]]}