{"X": [[-194.84193420410156], [-130.2816925048828], [-177.76214599609375], [-134.4249267578125], [53.00337219238281], [-153.47828674316406], [460.38311767578125], [-181.94712829589844], [-182.37937927246094], [-200.40525817871094], [-178.92135620117188], [130.92381286621094]], "Y": [[0], [0], [0], [0], [0], [0], [-1], [0], [0], [0], [0], [0]]}