{"X": [[-86.22178649902344], [-59.41712951660156], [-76.07791900634766], [-49.82695388793945], [-38.319786071777344], [-65.4046401977539], [-47.55021667480469], [-75.35260772705078], [-75.68382263183594], [-90.36280822753906], [-74.61528778076172], [386.70819091796875]], "Y": [[0], [0], [0], [0], [0], [0], [0], [0], [0], [0], [0], [-1]]}