{"X": [[-161.4192352294922], [-117.52902221679688], [-158.1012725830078], [-121.04451751708984], [3.467179298400879], [-132.2994384765625], [748.632080078125], [-159.12823486328125], [-159.2662811279297], [-166.49664306640625], [-156.99549865722656], [616.1192626953125]], "Y": [[0], [0], [0], [0], [0], [0], [1], [0], [0], [0], [0], [1]]}