{"X": [[12.798526763916016], [-97.57637023925781], [-2.3868136405944824], [-81.22552490234375], [-508.9601745605469], [-46.953433990478516], [-2723.983642578125], [7.254639148712158], [7.794811725616455], [20.627487182617188], [1.667707920074463], [-507.5951843261719]], "Y": [[0], [0], [0], [0], [0], [0], [-1], [0], [0], [0], [0], [0]]}