{"X": [[-105.42891693115234], [-96.89678955078125], [-109.05453491210938], [-105.70262145996094], [-38.5635871887207], [-99.61233520507812], [30.549318313598633], [-110.4141616821289], [-110.31226348876953], [-104.98104858398438], [-109.63981628417969], [-77.26025390625]], "Y": [[0], [0], [0], [0], [0], [0], [-1], [0], [0], [0], [0], [0]]}