{"X": [[85.84744262695312], [83.44268035888672], [86.90901184082031], [92.29375457763672], [30.371084213256836], [82.85692596435547], [-119.53010559082031], [88.50265502929688], [88.44084930419922], [83.18266296386719], [88.21429443359375], [104.93473815917969]], "Y": [[0], [0], [0], [0], [0], [0], [-1], [0], [0], [0], [0], [0]]}