{"X": [[-167.6811981201172], [-156.46572875976562], [-159.52671813964844], [-154.2831573486328], [-149.87142944335938], [-154.9939727783203], [-879.4912109375], [-159.81512451171875], [-160.0854034423828], [-168.73178100585938], [-159.41343688964844], [-63.616519927978516]], "Y": [[0], [0], [0], [0], [0], [0], [-1], [0], [0], [0], [0], [0]]}