{"X": [[-47.696556091308594], [-86.52590942382812], [-23.905664443969727], [-53.19606018066406], [-398.32879638671875], [-50.225914001464844], [-4585.07666015625], [-17.40944480895996], [-18.202930450439453], [-47.43484878540039], [-20.844350814819336], [-1517.1163330078125]], "Y": [[0], [0], [0], [0], [0], [0], [-1], [0], [0], [0], [0], [0]]}