{"X": [[18.659223556518555], [-30.002975463867188], [9.565338134765625], [-25.888690948486328], [-183.71311950683594], [-10.590825080871582], [-603.7423706054688], [12.822842597961426], [13.182374954223633], [22.414447784423828], [10.451118469238281], [26.607816696166992]], "Y": [[0], [0], [0], [0], [0], [0], [-1], [0], [0], [0], [0], [0]]}