{"X": [[-63.72990417480469], [9.754117012023926], [-51.07830047607422], [7.811131000518799], [225.45115661621094], [-22.13361167907715], [1551.843505859375], [-55.01912307739258], [-55.469146728515625], [-71.0653305053711], [-51.524959564208984], [725.4102783203125]], "Y": [[0], [0], [0], [0], [0], [0], [-1], [0], [0], [0], [0], [0]]}