{"X": [[22.44597816467285], [-2.4963037967681885], [24.35061264038086], [1.4216898679733276], [-98.06737518310547], [12.024831771850586], [-1481.6253662109375], [25.677722930908203], [25.57375717163086], [25.3209285736084], [24.312114715576172], [-775.3881225585938]], "Y": [[0], [0], [0], [0], [0], [0], [-1], [0], [0], [0], [0], [-1]]}