{"X": [[-115.6635513305664], [-144.86215209960938], [-101.65621948242188], [-146.63265991210938], [-237.1996612548828], [-133.31092834472656], [-2182.739990234375], [-103.60631561279297], [-103.91019439697266], [-111.83393859863281], [-104.56009674072266], [-727.2128295898438]], "Y": [[0], [0], [0], [0], [0], [0], [-1], [0], [0], [0], [0], [0]]}