{"X": [[112.25662231445312], [109.24535369873047], [109.09786987304688], [108.93431091308594], [115.6719741821289], [106.36579132080078], [677.4036865234375], [108.8905029296875], [109.02020263671875], [112.60089111328125], [108.7138671875], [63.783843994140625]], "Y": [[0], [0], [0], [0], [0], [0], [-1], [0], [0], [0], [0], [0]]}