{"X": [[-94.55648040771484], [-111.42413330078125], [-89.39374542236328], [-91.65564727783203], [-279.5403137207031], [-100.93466186523438], [-779.5993041992188], [-83.69548797607422], [-83.7917709350586], [-97.75157928466797], [-85.12613677978516], [696.409912109375]], "Y": [[0], [0], [0], [0], [0], [0], [0], [0], [0], [0], [0], [-1]]}