{"X": [[94.81246948242188], [127.5079116821289], [99.29608917236328], [131.09219360351562], [220.13568115234375], [110.82855987548828], [1110.4365234375], [97.73906707763672], [97.48387908935547], [90.91529846191406], [99.28202819824219], [459.1664733886719]], "Y": [[0], [0], [0], [0], [0], [0], [-1], [0], [0], [0], [0], [0]]}