{"X": [[121.47892761230469], [113.42244720458984], [123.33628845214844], [113.57897186279297], [104.84552764892578], [115.93170928955078], [-223.20779418945312], [122.30992126464844], [122.23687744140625], [123.1587142944336], [121.8711929321289], [-511.8594970703125]], "Y": [[0], [0], [0], [0], [0], [0], [-1], [0], [0], [0], [0], [-1]]}