{"X": [[-207.09768676757812], [-166.4551239013672], [-195.3468780517578], [-174.9702911376953], [-41.017948150634766], [-182.1320037841797], [191.754638671875], [-198.75347900390625], [-198.9679412841797], [-210.73182678222656], [-196.65650939941406], [167.94985961914062]], "Y": [[0], [0], [0], [0], [0], [0], [1], [0], [0], [0], [0], [1]]}