{"X": [[25.135482788085938], [2.549715757369995], [22.48447036743164], [8.54848861694336], [-87.2720718383789], [14.814125061035156], [-387.3428955078125], [24.81125259399414], [24.908477783203125], [26.89667510986328], [23.40414047241211], [140.99293518066406]], "Y": [[0], [0], [0], [0], [0], [0], [-1], [0], [0], [0], [0], [0]]}