{"X": [[-61.20781326293945], [-59.78609848022461], [-60.343013763427734], [-62.935787200927734], [-33.69871520996094], [-58.62990951538086], [-314.2098388671875], [-61.91355514526367], [-61.93471908569336], [-60.09809875488281], [-61.51329040527344], [-152.3102264404297]], "Y": [[0], [0], [0], [0], [0], [0], [-1], [0], [0], [0], [0], [0]]}