{"X": [[242.22850036621094], [167.2469482421875], [226.0010528564453], [169.94325256347656], [-30.262123107910156], [191.01768493652344], [-700.5114135742188], [229.13946533203125], [229.59156799316406], [249.5580291748047], [225.88232421875], [-583.5079956054688]], "Y": [[0], [0], [0], [0], [0], [0], [1], [0], [0], [0], [0], [1]]}