{"X": [[121.90835571289062], [85.2525405883789], [116.48075866699219], [94.1436767578125], [-49.15726852416992], [99.9222183227539], [-364.3866882324219], [119.61138916015625], [119.78883361816406], [124.16551971435547], [117.60865020751953], [-30.63958168029785]], "Y": [[0], [0], [0], [0], [0], [0], [-1], [0], [0], [0], [0], [0]]}