{"X": [[-28.835115432739258], [-1.9186031818389893], [-24.127086639404297], [-10.28404426574707], [128.21774291992188], [-9.842764854431152], [371.4203796386719], [-27.91674041748047], [-28.000553131103516], [-27.929750442504883], [-26.61709976196289], [-314.1266174316406]], "Y": [[0], [0], [0], [0], [0], [0], [0], [0], [0], [0], [0], [-1]]}