{"X": [[166.4202117919922], [137.8378143310547], [152.6731719970703], [143.7684326171875], [53.03705978393555], [147.2948760986328], [772.1235961914062], [156.2300262451172], [156.5633087158203], [168.56004333496094], [154.64312744140625], [522.1043701171875]], "Y": [[0], [0], [0], [0], [0], [0], [1], [0], [0], [0], [0], [1]]}