{"X": [[-44.314029693603516], [44.44826126098633], [-26.94931983947754], [47.958702087402344], [281.339111328125], [6.827728748321533], [1981.206298828125], [-30.81894874572754], [-31.400625228881836], [-54.430015563964844], [-26.747745513916016], [1034.12548828125]], "Y": [[0], [0], [0], [0], [0], [0], [-1], [0], [0], [0], [0], [0]]}