{"X": [[142.91893005371094], [56.300628662109375], [113.80218505859375], [39.095863342285156], [-77.2337875366211], [83.53624725341797], [-312.2452087402344], [114.72982788085938], [115.67257690429688], [155.1042938232422], [111.59249877929688], [-731.7054443359375]], "Y": [[0], [0], [0], [0], [0], [0], [0], [0], [0], [0], [0], [-1]]}