{"X": [[-399.6900329589844], [-367.44732666015625], [-347.0441589355469], [-320.23748779296875], [-623.9716186523438], [-361.5839538574219], [-4516.78759765625], [-340.2283630371094], [-341.7148742675781], [-414.9299011230469], [-340.5445861816406], [16.435630798339844]], "Y": [[0], [0], [0], [0], [0], [0], [-1], [0], [0], [0], [0], [0]]}