{"X": [[211.2294464111328], [123.7458267211914], [195.432861328125], [109.6766128540039], [0.976085364818573], [154.53086853027344], [-1070.51953125], [193.42306518554688], [193.98822021484375], [226.01121520996094], [190.0628204345703], [-1410.9180908203125]], "Y": [[0], [0], [0], [0], [0], [0], [1], [0], [0], [0], [0], [1]]}