{"X": [[-123.41007232666016], [-136.08070373535156], [-86.51943969726562], [-104.02030944824219], [-398.9595947265625], [-114.51972961425781], [-4741.12353515625], [-82.0989761352539], [-83.1186752319336], [-127.91288757324219], [-84.24227905273438], [-1643.2685546875]], "Y": [[0], [0], [0], [0], [0], [0], [-1], [0], [0], [0], [0], [0]]}