{"X": [[21.40999984741211], [-2.445262908935547], [17.491884231567383], [-15.712688446044922], [13.250360488891602], [9.553786277770996], [-627.0184936523438], [14.84298324584961], [15.039140701293945], [29.082216262817383], [13.931295394897461], [-1084.885986328125]], "Y": [[0], [0], [0], [0], [0], [0], [-1], [0], [0], [0], [0], [-1]]}