{"X": [[5.481889724731445], [10.603511810302734], [4.52659797668457], [18.57851219177246], [-16.5715274810791], [7.408786773681641], [630.0164794921875], [6.81636905670166], [6.871631622314453], [2.2007548809051514], [6.786747932434082], [706.9996948242188]], "Y": [[0], [0], [0], [0], [0], [0], [1], [0], [0], [0], [0], [1]]}