{"X": [[-66.49464416503906], [-44.34653091430664], [-79.73612213134766], [-60.52285385131836], [103.79325866699219], [-61.57362365722656], [2328.44970703125], [-81.57958221435547], [-81.13268280029297], [-66.75725555419922], [-79.97838592529297], [806.4612426757812]], "Y": [[0], [0], [0], [0], [0], [0], [-1], [0], [0], [0], [0], [0]]}