{"X": [[37.669639587402344], [49.11592102050781], [35.52873229980469], [37.8603401184082], [159.05917358398438], [45.3364372253418], [549.9483642578125], [32.154449462890625], [32.1982536315918], [40.823673248291016], [32.7846794128418], [-374.001220703125]], "Y": [[0], [0], [0], [0], [0], [0], [-1], [0], [0], [0], [0], [-1]]}