{"X": [[164.76686096191406], [159.90237426757812], [157.12908935546875], [156.97886657714844], [194.82211303710938], [154.53257751464844], [1240.6339111328125], [156.13446044921875], [156.3230743408203], [166.09121704101562], [156.2278289794922], [155.65969848632812]], "Y": [[0], [0], [0], [0], [0], [0], [-1], [0], [0], [0], [0], [0]]}