{"X": [[-361.04815673828125], [-331.2362365722656], [-326.7602844238281], [-316.519775390625], [-393.3224792480469], [-334.0989685058594], [-2751.894775390625], [-326.41607666015625], [-327.31097412109375], [-368.3499450683594], [-325.5652770996094], [-283.17474365234375]], "Y": [[0], [0], [0], [0], [0], [0], [-1], [0], [0], [0], [0], [0]]}