{"X": [[-300.1726379394531], [-314.44500732421875], [-277.7589416503906], [-297.07940673828125], [-501.91943359375], [-296.87200927734375], [-3025.656494140625], [-273.8407287597656], [-274.4122009277344], [-302.1133117675781], [-275.2054748535156], [-272.4773254394531]], "Y": [[0], [0], [0], [0], [0], [0], [-1], [0], [0], [0], [0], [0]]}