{"X": [[75.15518951416016], [7.140388488769531], [84.20153045654297], [22.828201293945312], [-256.150390625], [41.23798370361328], [-3095.50439453125], [87.19075012207031], [86.9742202758789], [81.26815032958984], [83.37935638427734], [-1219.897705078125]], "Y": [[0], [0], [0], [0], [0], [0], [-1], [0], [0], [0], [0], [0]]}