{"X": [[-1.5653327703475952], [7.8109259605407715], [-2.747532367706299], [9.50164794921875], [18.92499351501465], [1.3854962587356567], [662.046630859375], [-1.9630645513534546], [-1.8988784551620483], [-4.2125325202941895], [-1.4048322439193726], [481.5706481933594]], "Y": [[0], [0], [0], [0], [0], [0], [1], [0], [0], [0], [0], [1]]}