{"X": [[-284.48681640625], [-142.60838317871094], [-245.68801879882812], [-126.39035034179688], [140.8361358642578], [-192.0575714111328], [1623.81689453125], [-248.623779296875], [-249.84585571289062], [-302.9271240234375], [-242.85137939453125], [1792.8284912109375]], "Y": [[0], [0], [0], [0], [0], [0], [1], [0], [0], [0], [0], [1]]}