{"X": [[-187.67266845703125], [-118.45819854736328], [-177.20497131347656], [-126.0851821899414], [101.55924224853516], [-146.1562957763672], [1578.4117431640625], [-181.04441833496094], [-181.30953979492188], [-193.04034423828125], [-177.6135711669922], [777.2374267578125]], "Y": [[0], [0], [0], [0], [0], [0], [-1], [0], [0], [0], [0], [-1]]}