{"X": [[37.23716735839844], [71.81576538085938], [37.3568229675293], [72.0863037109375], [180.98361206054688], [54.98921585083008], [1484.0792236328125], [36.33412551879883], [36.29920959472656], [33.96381759643555], [37.998355865478516], [496.9031066894531]], "Y": [[0], [0], [0], [0], [0], [0], [-1], [0], [0], [0], [0], [0]]}