{"X": [[-236.2349853515625], [-218.856201171875], [-207.1603546142578], [-198.53448486328125], [-319.42840576171875], [-219.89654541015625], [-2096.16748046875], [-205.74781799316406], [-206.51071166992188], [-243.37527465820312], [-205.47645568847656], [220.41387939453125]], "Y": [[0], [0], [0], [0], [0], [0], [-1], [0], [0], [0], [0], [0]]}