{"X": [[-20.683900833129883], [-4.167478084564209], [-24.0649471282959], [-4.077781677246094], [27.33125114440918], [-15.657599449157715], [1136.885009765625], [-23.048982620239258], [-22.9577693939209], [-24.368898391723633], [-22.185983657836914], [842.7342529296875]], "Y": [[0], [0], [0], [0], [0], [0], [1], [0], [0], [0], [0], [1]]}