{"X": [[147.69110107421875], [104.6383056640625], [142.80294799804688], [103.32286834716797], [10.9738187789917], [123.7234878540039], [-1169.4892578125], [142.87623596191406], [142.98287963867188], [154.14752197265625], [140.96864318847656], [-976.1463623046875]], "Y": [[0], [0], [0], [0], [0], [0], [1], [0], [0], [0], [0], [1]]}