{"X": [[-36.12075424194336], [-26.145784378051758], [-40.42972946166992], [-24.251697540283203], [-28.17535400390625], [-33.341094970703125], [528.1212768554688], [-38.50002670288086], [-38.44057846069336], [-39.91103744506836], [-37.81269836425781], [590.4833984375]], "Y": [[0], [0], [0], [0], [0], [0], [1], [0], [0], [0], [0], [1]]}