{"X": [[139.11502075195312], [19.803693771362305], [118.74059295654297], [31.91182518005371], [-381.6690673828125], [75.23799896240234], [-2763.689208984375], [128.31396484375], [128.95384216308594], [150.380126953125], [121.7672348022461], [-1289.3316650390625]], "Y": [[0], [0], [0], [0], [0], [0], [-1], [0], [0], [0], [0], [0]]}