{"X": [[219.33677673339844], [210.77186584472656], [203.43190002441406], [211.5297088623047], [221.4451141357422], [206.6893310546875], [1457.9549560546875], [204.24005126953125], [204.55906677246094], [219.07508850097656], [204.2289581298828], [547.2570190429688]], "Y": [[0], [0], [0], [0], [0], [0], [-1], [0], [0], [0], [0], [0]]}