{"X": [[211.9211883544922], [185.48318481445312], [212.7970428466797], [191.2469024658203], [114.07247924804688], [194.79087829589844], [-931.99072265625], [212.3642578125], [212.2694854736328], [214.7930450439453], [210.89987182617188], [-988.7153930664062]], "Y": [[0], [0], [0], [0], [0], [0], [1], [0], [0], [0], [0], [1]]}