{"X": [[41.28585433959961], [-43.898704528808594], [50.12969970703125], [-10.188798904418945], [-467.7841491699219], [0.8746446967124939], [-3981.375], [59.044097900390625], [58.8193473815918], [44.940887451171875], [54.05267333984375], [-1058.6673583984375]], "Y": [[0], [0], [0], [0], [0], [0], [-1], [0], [0], [0], [0], [0]]}