{"X": [[103.8643569946289], [56.8386116027832], [95.24221801757812], [64.54756164550781], [-111.05175018310547], [73.34485626220703], [-504.39776611328125], [99.2666244506836], [99.53483581542969], [106.28441619873047], [96.84154510498047], [8.915535926818848]], "Y": [[0], [0], [0], [0], [0], [0], [-1], [0], [0], [0], [0], [0]]}