{"X": [[-42.843814849853516], [-120.89309692382812], [-52.24028396606445], [-115.74238586425781], [-384.6504211425781], [-83.64244842529297], [-2156.50146484375], [-46.77693557739258], [-46.37337112426758], [-35.73093795776367], [-50.77303695678711], [-629.390625]], "Y": [[0], [0], [0], [0], [0], [0], [-1], [0], [0], [0], [0], [0]]}