{"X": [[172.42440795898438], [137.08438110351562], [162.1473388671875], [133.0994415283203], [70.05146789550781], [146.43919372558594], [-40.60227966308594], [162.8397674560547], [163.13800048828125], [176.8658905029297], [161.2572479248047], [-530.2089233398438]], "Y": [[0], [0], [0], [0], [0], [0], [0], [0], [0], [0], [0], [-1]]}