{"X": [[-39.7939453125], [64.22899627685547], [-32.553035736083984], [43.56376266479492], [512.060791015625], [13.178831100463867], [3874.63037109375], [-43.433250427246094], [-43.73725891113281], [-46.197471618652344], [-37.465232849121094], [1614.2515869140625]], "Y": [[0], [0], [0], [0], [0], [0], [-1], [0], [0], [0], [0], [0]]}