{"X": [[-247.47503662109375], [-77.55540466308594], [-223.3673858642578], [-98.53544616699219], [499.1349182128906], [-158.1466522216797], [4638.91015625], [-235.68125915527344], [-236.36048889160156], [-264.1009826660156], [-226.85116577148438], [2284.4189453125]], "Y": [[0], [0], [0], [0], [0], [0], [-1], [0], [0], [0], [0], [0]]}