{"X": [[193.15914916992188], [152.49290466308594], [182.90415954589844], [148.61358642578125], [84.3047103881836], [165.95950317382812], [-195.30435180664062], [182.76419067382812], [183.12380981445312], [198.5915985107422], [181.0218048095703], [-585.8926391601562]], "Y": [[0], [0], [0], [0], [0], [0], [0], [0], [0], [0], [0], [-1]]}