{"X": [[-141.2888641357422], [-129.27951049804688], [-121.73783111572266], [-107.27228546142578], [-245.41270446777344], [-118.27999877929688], [-2327.314697265625], [-117.88186645507812], [-118.49386596679688], [-146.66957092285156], [-118.48090362548828], [-381.1434326171875]], "Y": [[0], [0], [0], [0], [0], [0], [-1], [0], [0], [0], [0], [0]]}