{"X": [[106.78450775146484], [88.33209228515625], [95.50918579101562], [80.88911437988281], [85.27645111083984], [89.62934875488281], [665.5335083007812], [95.33528137207031], [95.65299987792969], [109.65359497070312], [94.82203674316406], [-50.820091247558594]], "Y": [[0], [0], [0], [0], [0], [0], [-1], [0], [0], [0], [0], [0]]}