{"X": [[237.43252563476562], [185.80502319335938], [227.6792449951172], [194.30653381347656], [20.524192810058594], [202.17100524902344], [-530.0780639648438], [230.62261962890625], [230.88099670410156], [240.4840545654297], [228.10888671875], [-287.80682373046875]], "Y": [[0], [0], [0], [0], [0], [0], [1], [0], [0], [0], [0], [1]]}