{"X": [[-37.69272232055664], [-63.838653564453125], [-38.42498779296875], [-63.77102279663086], [-135.955078125], [-51.298770904541016], [-1005.4468994140625], [-38.19986343383789], [-38.16808319091797], [-34.79595947265625], [-39.21609115600586], [-167.86636352539062]], "Y": [[0], [0], [0], [0], [0], [0], [-1], [0], [0], [0], [0], [0]]}