{"X": [[236.1703643798828], [222.24586486816406], [228.7583465576172], [219.7640838623047], [231.9398651123047], [221.2103271484375], [734.621337890625], [227.56019592285156], [227.7282257080078], [238.66380310058594], [227.2057647705078], [-207.13966369628906]], "Y": [[0], [0], [0], [0], [0], [0], [-1], [0], [0], [0], [0], [-1]]}