{"X": [[68.75625610351562], [-2.903002977371216], [61.81105041503906], [6.423614978790283], [-247.55487060546875], [29.0255069732666], [-1850.91455078125], [66.32061767578125], [66.56304931640625], [75.49711608886719], [62.792640686035156], [-569.7796630859375]], "Y": [[0], [0], [0], [0], [0], [0], [-1], [0], [0], [0], [0], [0]]}