{"X": [[146.9254608154297], [103.4591293334961], [134.816650390625], [104.78885650634766], [-11.057135581970215], [116.63976287841797], [-46.75640869140625], [137.23065185546875], [137.56985473632812], [151.12245178222656], [135.33187866210938], [-55.21609115600586]], "Y": [[0], [0], [0], [0], [1], [0], [1], [0], [0], [0], [0], [1]]}