{"X": [[137.74639892578125], [91.43238830566406], [120.07896423339844], [77.90274047851562], [53.41822814941406], [103.63941955566406], [232.10000610351562], [119.2442855834961], [119.7532958984375], [145.2994842529297], [117.78372192382812], [-330.1802062988281]], "Y": [[0], [0], [0], [0], [0], [0], [0], [0], [0], [0], [0], [-1]]}