{"X": [[85.22797393798828], [85.82562255859375], [83.0385513305664], [92.93692779541016], [59.575374603271484], [86.33086395263672], [511.9306945800781], [85.04529571533203], [85.1019515991211], [83.71798706054688], [84.81987762451172], [360.2259826660156]], "Y": [[0], [0], [0], [0], [0], [0], [1], [0], [0], [0], [0], [1]]}