{"X": [[-146.01194763183594], [-97.94116973876953], [-138.3795623779297], [-102.88565063476562], [57.66864013671875], [-113.19852447509766], [515.6329956054688], [-141.1615447998047], [-141.41075134277344], [-149.14373779296875], [-138.99900817871094], [51.756656646728516]], "Y": [[0], [0], [0], [0], [0], [0], [-1], [0], [0], [0], [0], [0]]}