{"X": [[-54.30476760864258], [-16.830720901489258], [-55.173866271972656], [-33.42658233642578], [182.46791076660156], [-32.530967712402344], [1395.2874755859375], [-60.105987548828125], [-60.01070785522461], [-54.39127731323242], [-57.9717903137207], [127.27079010009766]], "Y": [[0], [0], [0], [0], [0], [0], [-1], [0], [0], [0], [0], [0]]}