{"X": [[-122.86357879638672], [-69.68375396728516], [-108.67929077148438], [-66.76445770263672], [56.200645446777344], [-89.10739135742188], [602.3431396484375], [-110.74005889892578], [-111.16951751708984], [-128.97463989257812], [-108.44476318359375], [546.7468872070312]], "Y": [[0], [0], [0], [0], [0], [0], [1], [0], [0], [0], [0], [1]]}