{"X": [[607.8163452148438], [525.003173828125], [575.06298828125], [522.2401733398438], [406.0655822753906], [551.8809204101562], [463.7131652832031], [575.9119262695312], [576.7332763671875], [620.1563720703125], [572.1766967773438], [-1416.741943359375]], "Y": [[0], [0], [0], [0], [0], [0], [0], [0], [0], [0], [0], [-1]]}