{"X": [[86.57611083984375], [88.7503662109375], [72.6788330078125], [83.90593719482422], [137.1298370361328], [89.22958374023438], [1204.252197265625], [73.48900604248047], [73.80775451660156], [88.29918670654297], [73.41866302490234], [330.22271728515625]], "Y": [[0], [0], [0], [0], [0], [0], [-1], [0], [0], [0], [0], [0]]}