{"X": [[120.98992156982422], [84.61823272705078], [117.07598876953125], [97.67170715332031], [-65.70000457763672], [100.21129608154297], [-547.63623046875], [120.78201293945312], [120.82771301269531], [123.12540435791016], [118.70526123046875], [170.6610870361328]], "Y": [[0], [0], [0], [0], [0], [0], [-1], [0], [0], [0], [0], [0]]}