{"X": [[-33.502227783203125], [-98.72418975830078], [-63.015380859375], [-109.75936126708984], [-235.37147521972656], [-81.6264877319336], [326.568359375], [-59.200164794921875], [-58.207244873046875], [-27.187532424926758], [-61.358909606933594], [281.81781005859375]], "Y": [[0], [0], [0], [0], [0], [0], [1], [0], [0], [0], [0], [1]]}