{"X": [[114.7940902709961], [116.18299102783203], [111.36246490478516], [111.69947052001953], [157.49685668945312], [107.82221984863281], [646.8303833007812], [109.36815643310547], [109.49478912353516], [114.28258514404297], [109.80496978759766], [-97.79570007324219]], "Y": [[0], [0], [0], [0], [0], [0], [-1], [0], [0], [0], [0], [0]]}