{"X": [[-87.03804779052734], [-46.65363693237305], [-83.02749633789062], [-59.05852508544922], [126.71578216552734], [-63.83913040161133], [916.305908203125], [-87.32452392578125], [-87.40516662597656], [-88.31925201416016], [-85.05040740966797], [106.33914947509766]], "Y": [[0], [0], [0], [0], [0], [0], [-1], [0], [0], [0], [0], [0]]}