{"X": [[-67.43927001953125], [-50.772220611572266], [-72.10712432861328], [-69.25719451904297], [111.80484008789062], [-57.66721725463867], [1176.528564453125], [-76.61659240722656], [-76.46015930175781], [-63.640533447265625], [-75.25379943847656], [117.22484588623047]], "Y": [[0], [0], [0], [0], [0], [0], [-1], [0], [0], [0], [0], [0]]}