{"X": [[101.72663116455078], [79.70814514160156], [93.62971496582031], [68.49710845947266], [82.81791687011719], [85.70374298095703], [-430.6007995605469], [91.53527069091797], [91.80300903320312], [105.92633056640625], [90.98469543457031], [-962.3477172851562]], "Y": [[0], [0], [0], [0], [0], [0], [-1], [0], [0], [0], [0], [-1]]}