{"X": [[-35.771297454833984], [31.400758743286133], [-27.126184463500977], [24.025426864624023], [268.5271911621094], [0.15537652373313904], [1871.1640625], [-32.2241325378418], [-32.56045150756836], [-41.04034423828125], [-28.663877487182617], [797.723388671875]], "Y": [[0], [0], [0], [0], [0], [0], [-1], [0], [0], [0], [0], [0]]}