{"X": [[-165.61204528808594], [-156.92918395996094], [-166.00860595703125], [-161.23709106445312], [-127.39946746826172], [-159.10513305664062], [-276.6090393066406], [-166.50904846191406], [-166.51515197753906], [-166.6689453125], [-165.80191040039062], [150.69503784179688]], "Y": [[0], [0], [0], [0], [0], [0], [0], [0], [0], [0], [0], [-1]]}