{"X": [[-63.74066925048828], [-130.05328369140625], [-68.71221923828125], [-123.1814956665039], [-379.9029235839844], [-99.79314422607422], [-2226.760498046875], [-63.74909210205078], [-63.44792175292969], [-59.248191833496094], [-66.9511947631836], [-719.5350341796875]], "Y": [[0], [0], [0], [0], [0], [0], [-1], [0], [0], [0], [0], [0]]}