{"X": [[-421.37274169921875], [-486.9519958496094], [-435.75567626953125], [-514.8809204101562], [-590.2247314453125], [-451.06890869140625], [-3465.858154296875], [-437.1298522949219], [-436.45849609375], [-410.8377380371094], [-438.93359375], [-1687.865478515625]], "Y": [[0], [0], [0], [0], [0], [0], [-1], [0], [0], [0], [0], [0]]}