{"X": [[-1934.3505859375], [-1651.7244873046875], [-1809.6842041015625], [-1647.80712890625], [-1130.75341796875], [-1730.151123046875], [-4045.701904296875], [-1822.32421875], [-1825.5748291015625], [-1968.5078125], [-1809.3184814453125], [2081.079345703125]], "Y": [[0], [0], [0], [0], [0], [0], [0], [0], [0], [0], [0], [-1]]}