{"X": [[-971.103271484375], [-946.0722045898438], [-950.1393432617188], [-1022.3182983398438], [-600.0020751953125], [-952.5966796875], [-4476.46875], [-970.9009399414062], [-971.0421752929688], [-962.0363159179688], [-966.0570068359375], [-2686.76513671875]], "Y": [[0], [0], [0], [0], [0], [0], [-1], [0], [0], [0], [0], [-1]]}