{"X": [[-33.815486907958984], [2.4995999336242676], [5.90256929397583], [32.91425704956055], [-44.80967330932617], [-3.05891752243042], [-953.7017211914062], [6.776302814483643], [5.535023212432861], [-40.070804595947266], [7.113461017608643], [771.23095703125]], "Y": [[0], [0], [0], [0], [0], [0], [-1], [0], [0], [0], [0], [-1]]}