{"X": [[-40.900882720947266], [55.12984085083008], [12.1179780960083], [96.02297973632812], [132.66180419921875], [9.113789558410645], [1754.2318115234375], [12.002469062805176], [10.3305025100708], [-58.109798431396484], [15.423748970031738], [2714.13134765625]], "Y": [[0], [0], [0], [0], [0], [0], [1], [0], [0], [0], [0], [1]]}