{"X": [[1648.4857177734375], [1407.0106201171875], [1570.523193359375], [1459.7218017578125], [657.0445556640625], [1482.4752197265625], [2241.702880859375], [1592.50439453125], [1594.4669189453125], [1666.364501953125], [1579.0670166015625], [-498.19293212890625]], "Y": [[0], [0], [0], [0], [0], [0], [0], [0], [0], [0], [0], [-1]]}