{"X": [[172.2806396484375], [80.38922882080078], [122.1236572265625], [61.76949691772461], [-90.81380462646484], [115.33214569091797], [-226.99551391601562], [127.38435363769531], [128.9745330810547], [183.1627655029297], [123.68231964111328], [-1241.0850830078125]], "Y": [[0], [0], [0], [0], [0], [0], [0], [0], [0], [0], [0], [-1]]}