{"X": [[-453.3170166015625], [-408.46990966796875], [-493.2406005859375], [-470.21319580078125], [-6.664365291595459], [-418.66473388671875], [2839.431396484375], [-499.83197021484375], [-498.3223876953125], [-446.6012878417969], [-496.30963134765625], [-46.73432540893555]], "Y": [[0], [0], [0], [0], [0], [0], [-1], [0], [0], [0], [0], [0]]}