{"X": [[-36.01532745361328], [-122.39796447753906], [-93.41447448730469], [-165.6909942626953], [-161.04356384277344], [-92.89942932128906], [168.19557189941406], [-92.84593963623047], [-90.9740982055664], [-21.56151580810547], [-95.16101837158203], [-1353.25439453125]], "Y": [[0], [0], [0], [0], [0], [0], [0], [0], [0], [0], [0], [-1]]}