{"X": [[-1571.47216796875], [-1378.776611328125], [-1507.05322265625], [-1416.74755859375], [-847.9161376953125], [-1447.07568359375], [-1485.142333984375], [-1522.1043701171875], [-1523.5428466796875], [-1592.257568359375], [-1511.0657958984375], [1910.3912353515625]], "Y": [[0], [0], [0], [0], [0], [0], [0], [0], [0], [0], [0], [-1]]}