{"X": [[417.7393493652344], [247.30801391601562], [355.322998046875], [271.8602294921875], [-333.2232971191406], [348.0208740234375], [-3509.525390625], [375.1617431640625], [376.89093017578125], [435.74639892578125], [364.7502136230469], [-3104.70703125]], "Y": [[0], [0], [0], [0], [0], [0], [1], [0], [0], [0], [0], [1]]}