{"X": [[-148.94635009765625], [-223.03271484375], [-177.42076110839844], [-239.68247985839844], [-390.8014831542969], [-195.63584899902344], [-1805.3204345703125], [-174.6299285888672], [-173.72344970703125], [-142.36073303222656], [-176.77406311035156], [-694.0851440429688]], "Y": [[0], [0], [0], [0], [0], [0], [-1], [0], [0], [0], [0], [0]]}