{"X": [[1173.78759765625], [1110.2606201171875], [1162.822998046875], [1196.5079345703125], [625.6668701171875], [1131.505126953125], [2323.77099609375], [1182.9317626953125], [1182.7156982421875], [1167.9757080078125], [1176.1126708984375], [1352.9310302734375]], "Y": [[0], [0], [0], [0], [0], [0], [-1], [0], [0], [0], [0], [0]]}