{"X": [[-277.24591064453125], [-234.30784606933594], [-234.78329467773438], [-203.0703887939453], [-322.0167236328125], [-236.95179748535156], [-2096.3330078125], [-231.33436584472656], [-232.6417694091797], [-285.9876403808594], [-230.92544555664062], [587.5806884765625]], "Y": [[0], [0], [0], [0], [0], [0], [-1], [0], [0], [0], [0], [0]]}