{"X": [[-324.927734375], [-375.44488525390625], [-343.6639709472656], [-385.88763427734375], [-540.4049072265625], [-351.58746337890625], [-1883.1422119140625], [-339.23431396484375], [-338.4176025390625], [-321.82342529296875], [-340.97149658203125], [-726.2115478515625]], "Y": [[0], [0], [0], [0], [0], [0], [-1], [0], [0], [0], [0], [0]]}