{"X": [[847.3189086914062], [838.2066040039062], [866.9656372070312], [892.8600463867188], [653.5242309570312], [840.0772094726562], [-468.9964904785156], [871.0604858398438], [869.8458251953125], [843.044921875], [868.7913208007812], [-561.2623291015625]], "Y": [[0], [0], [0], [0], [0], [0], [1], [0], [0], [0], [0], [1]]}