{"X": [[-845.5685424804688], [-869.633544921875], [-847.9059448242188], [-919.1235961914062], [-804.2662963867188], [-845.703125], [-4200.2490234375], [-854.8914794921875], [-854.4522094726562], [-836.3194580078125], [-854.0288696289062], [-1894.930419921875]], "Y": [[0], [0], [0], [0], [0], [0], [-1], [0], [0], [0], [0], [0]]}