{"X": [[-217.48199462890625], [-48.010948181152344], [-147.37806701660156], [-47.33631134033203], [425.8682861328125], [-111.2079849243164], [285.4764099121094], [-162.3486328125], [-164.57412719726562], [-231.3287811279297], [-154.65829467773438], [271.8435974121094]], "Y": [[0], [0], [0], [0], [1], [0], [1], [0], [0], [0], [0], [1]]}