{"X": [[1432.9715576171875], [1321.1488037109375], [1451.4444580078125], [1417.3819580078125], [741.2590942382812], [1366.5989990234375], [-1371.40478515625], [1463.832763671875], [1462.6209716796875], [1437.131591796875], [1455.0999755859375], [-955.115966796875]], "Y": [[0], [0], [0], [0], [0], [0], [1], [0], [0], [0], [0], [1]]}