{"X": [[135.20864868164062], [204.14735412597656], [201.15614318847656], [276.2154541015625], [28.690866470336914], [179.34385681152344], [-1458.1741943359375], [206.7469940185547], [204.50303649902344], [114.33304595947266], [207.5321807861328], [1553.2490234375]], "Y": [[0], [0], [0], [0], [0], [0], [-1], [0], [0], [0], [0], [-1]]}