{"X": [[807.7604370117188], [560.80712890625], [724.0238647460938], [569.54443359375], [-105.73336791992188], [642.2256469726562], [-1771.4510498046875], [739.227783203125], [741.434326171875], [827.3742065429688], [728.3370971679688], [-1774.838623046875]], "Y": [[0], [0], [0], [0], [0], [0], [1], [0], [0], [0], [0], [1]]}