{"X": [[-112.8824691772461], [-237.89630126953125], [-149.82029724121094], [-259.11383056640625], [-531.07958984375], [-181.4530792236328], [-3377.6240234375], [-145.1179962158203], [-143.79061889648438], [-97.57229614257812], [-150.2333526611328], [-2381.96337890625]], "Y": [[0], [0], [0], [0], [0], [0], [1], [0], [0], [0], [0], [1]]}