{"X": [[630.5164184570312], [499.78839111328125], [602.2210693359375], [529.6776123046875], [53.27867126464844], [557.6616821289062], [-3661.841796875], [610.9025268554688], [611.2642211914062], [638.7689208984375], [604.3005981445312], [-2255.672119140625]], "Y": [[0], [0], [0], [0], [0], [0], [1], [0], [0], [0], [0], [1]]}