{"X": [[-1265.70703125], [-1119.5771484375], [-1229.4111328125], [-1169.9844970703125], [-610.908935546875], [-1165.4580078125], [-1304.52099609375], [-1243.495849609375], [-1244.1781005859375], [-1274.8892822265625], [-1234.798095703125], [153.8325958251953]], "Y": [[0], [0], [0], [0], [0], [0], [0], [0], [0], [0], [0], [-1]]}