{"X": [[-660.3148803710938], [-606.4044189453125], [-640.86279296875], [-663.5242919921875], [-213.08282470703125], [-621.2750244140625], [-1684.9532470703125], [-658.4081420898438], [-658.6016235351562], [-654.3132934570312], [-653.576416015625], [-1417.14013671875]], "Y": [[0], [0], [0], [0], [0], [0], [1], [0], [0], [0], [0], [1]]}