{"X": [[-631.7471313476562], [-661.5245971679688], [-628.4429321289062], [-708.243896484375], [-576.0759887695312], [-647.4315795898438], [-2469.864990234375], [-638.0684814453125], [-637.5869750976562], [-621.1829833984375], [-637.3209228515625], [-1262.1343994140625]], "Y": [[0], [0], [0], [0], [0], [0], [-1], [0], [0], [0], [0], [0]]}