{"X": [[199.01071166992188], [44.47719192504883], [166.10464477539062], [75.32254028320312], [-579.2659912109375], [98.68878173828125], [-2817.91943359375], [181.84507751464844], [182.87142944335938], [201.55079650878906], [174.64862060546875], [-209.58045959472656]], "Y": [[0], [0], [0], [0], [0], [0], [-1], [0], [0], [0], [0], [0]]}