{"X": [[-1034.538330078125], [-977.0230712890625], [-1047.73828125], [-1064.203125], [-507.6145324707031], [-1010.37158203125], [806.993896484375], [-1062.521240234375], [-1061.6475830078125], [-1030.6239013671875], [-1056.048095703125], [206.0352020263672]], "Y": [[0], [0], [0], [0], [0], [0], [1], [0], [0], [0], [0], [1]]}