{"X": [[-896.4441528320312], [-766.1752319335938], [-767.7196655273438], [-710.9343872070312], [-809.2249145507812], [-815.809814453125], [-3298.221923828125], [-771.4107666015625], [-774.6419067382812], [-923.6173706054688], [-766.7861938476562], [2741.017822265625]], "Y": [[0], [0], [0], [0], [0], [0], [-1], [0], [0], [0], [0], [-1]]}