{"X": [[-977.8046875], [-885.977294921875], [-960.2028198242188], [-925.7645874023438], [-532.7389526367188], [-913.1633911132812], [392.3541259765625], [-969.3010864257812], [-969.2745361328125], [-982.7431640625], [-963.585693359375], [1150.069091796875]], "Y": [[0], [0], [0], [0], [0], [0], [1], [0], [0], [0], [0], [1]]}