{"X": [[-792.7443237304688], [-686.8832397460938], [-739.3711547851562], [-714.5691528320312], [-336.7003173828125], [-722.7196044921875], [-1778.2293701171875], [-753.7684936523438], [-755.0181274414062], [-799.3772583007812], [-747.5453491210938], [112.3685073852539]], "Y": [[0], [0], [0], [0], [0], [0], [-1], [0], [0], [0], [0], [0]]}