{"X": [[-1483.7801513671875], [-1182.109375], [-1354.9383544921875], [-1169.953125], [-556.7096557617188], [-1285.0953369140625], [-984.1448974609375], [-1371.2916259765625], [-1374.8560791015625], [-1520.3885498046875], [-1357.080810546875], [3666.59912109375]], "Y": [[0], [0], [0], [0], [0], [0], [0], [0], [0], [0], [0], [-1]]}