{"X": [[180.03146362304688], [114.98435974121094], [126.84354400634766], [78.0877685546875], [157.8679962158203], [123.43032836914062], [2015.4698486328125], [124.61880493164062], [126.20996856689453], [190.39443969726562], [123.67233276367188], [-145.2408447265625]], "Y": [[0], [0], [0], [0], [0], [0], [-1], [0], [0], [0], [0], [0]]}