{"X": [[-84.8708724975586], [53.935359954833984], [-45.662025451660156], [63.99909591674805], [414.40582275390625], [14.07541561126709], [1460.9095458984375], [-52.122779846191406], [-53.550750732421875], [-95.24254608154297], [-46.57870101928711], [992.447021484375]], "Y": [[0], [0], [0], [0], [0], [0], [1], [0], [0], [0], [0], [1]]}