{"X": [[-565.544921875], [-348.1947326660156], [-533.600341796875], [-403.43780517578125], [533.246826171875], [-435.4178771972656], [4098.88232421875], [-555.11376953125], [-556.1359252929688], [-574.3505249023438], [-543.2156982421875], [1202.2066650390625]], "Y": [[0], [0], [0], [0], [0], [0], [-1], [0], [0], [0], [0], [0]]}