{"X": [[186.17742919921875], [81.69988250732422], [145.99490356445312], [76.20807647705078], [-189.28929138183594], [125.9893798828125], [-1856.927978515625], [153.1304473876953], [154.26524353027344], [196.9031219482422], [148.2395477294922], [-1860.0948486328125]], "Y": [[0], [0], [0], [0], [0], [0], [1], [0], [0], [0], [0], [1]]}