{"X": [[-238.7542724609375], [-284.76904296875], [-271.04388427734375], [-311.318115234375], [-333.5788269042969], [-268.278076171875], [147.1215057373047], [-269.1460266113281], [-267.8278503417969], [-233.5319061279297], [-270.41387939453125], [-246.8664093017578]], "Y": [[0], [0], [0], [0], [0], [0], [-1], [0], [0], [0], [0], [0]]}