{"X": [[-560.5209350585938], [-377.2433776855469], [-532.6770629882812], [-409.2987976074219], [260.2419128417969], [-468.0624694824219], [7088.72998046875], [-544.4390258789062], [-544.7777709960938], [-576.1785278320312], [-534.9878540039062], [4306.46533203125]], "Y": [[0], [0], [0], [0], [0], [0], [1], [0], [0], [0], [0], [1]]}