{"X": [[384.6205139160156], [476.2377624511719], [412.6310729980469], [493.8331298828125], [723.7830200195312], [438.72613525390625], [1868.9263916015625], [406.85919189453125], [405.6544494628906], [375.7501220703125], [410.1676330566406], [398.0993957519531]], "Y": [[0], [0], [0], [0], [0], [0], [-1], [0], [0], [0], [0], [0]]}