{"X": [[168.69461059570312], [247.09481811523438], [207.31117248535156], [286.6881408691406], [291.3773193359375], [221.12921142578125], [596.4473266601562], [209.02886962890625], [207.61819458007812], [155.55908203125], [210.677001953125], [1017.6439208984375]], "Y": [[0], [0], [0], [0], [0], [0], [0], [0], [0], [0], [0], [-1]]}