{"X": [[-26.621564865112305], [42.647727966308594], [12.302963256835938], [55.97294616699219], [190.49746704101562], [17.91086769104004], [130.31158447265625], [7.045368194580078], [5.820136070251465], [-33.464874267578125], [9.69329833984375], [669.6387329101562]], "Y": [[0], [0], [0], [0], [0], [0], [0], [0], [0], [0], [0], [-1]]}