{"X": [[-387.70611572265625], [-217.552978515625], [-310.0624694824219], [-176.2847900390625], [14.59068489074707], [-289.9222412109375], [2841.661376953125], [-313.0018615722656], [-315.0783996582031], [-415.4053649902344], [-306.4308776855469], [4401.24951171875]], "Y": [[0], [0], [0], [0], [0], [0], [1], [0], [0], [0], [0], [1]]}