{"X": [[-1203.24365234375], [-896.7379150390625], [-1126.5418701171875], [-936.9573974609375], [51.28059005737305], [-1019.7056274414062], [3705.569580078125], [-1148.3687744140625], [-1150.440673828125], [-1229.784912109375], [-1132.51123046875], [3357.328369140625]], "Y": [[0], [0], [0], [0], [0], [0], [1], [0], [0], [0], [0], [1]]}