{"X": [[-177.89002990722656], [-191.9561309814453], [-197.26939392089844], [-210.10231018066406], [-175.0301055908203], [-183.07542419433594], [-298.31402587890625], [-196.9914093017578], [-196.32533264160156], [-175.18218994140625], [-196.99537658691406], [-437.15155029296875]], "Y": [[0], [0], [0], [0], [0], [0], [0], [0], [0], [0], [0], [-1]]}