{"X": [[-448.0845031738281], [-522.4937133789062], [-455.1190490722656], [-557.4840087890625], [-608.84130859375], [-479.9741516113281], [-5294.7890625], [-461.0090637207031], [-460.64947509765625], [-433.9911193847656], [-462.4156188964844], [-2788.889892578125]], "Y": [[0], [0], [0], [0], [0], [0], [-1], [0], [0], [0], [0], [-1]]}