{"X": [[-99.94216918945312], [32.08202362060547], [-51.3360595703125], [27.878639221191406], [459.04718017578125], [-16.174179077148438], [1335.0794677734375], [-64.16812896728516], [-65.65895080566406], [-107.60588073730469], [-58.18473815917969], [392.9864501953125]], "Y": [[0], [0], [0], [0], [0], [0], [-1], [0], [0], [0], [0], [0]]}