{"X": [[214.21200561523438], [26.972732543945312], [170.32559204101562], [38.616004943847656], [-604.922119140625], [99.22267150878906], [-4349.322265625], [184.54090881347656], [185.97918701171875], [226.16708374023438], [175.7772674560547], [-2443.965087890625]], "Y": [[0], [0], [0], [0], [0], [0], [-1], [0], [0], [0], [0], [-1]]}