{"X": [[-552.5205688476562], [-354.6527404785156], [-499.3669738769531], [-380.21148681640625], [322.1568298339844], [-427.96075439453125], [3242.691162109375], [-515.9426879882812], [-517.3472290039062], [-563.1295166015625], [-506.5482482910156], [1616.9642333984375]], "Y": [[0], [0], [0], [0], [0], [0], [-1], [0], [0], [0], [0], [0]]}