{"X": [[424.793701171875], [581.2154541015625], [473.14630126953125], [637.9559326171875], [831.1258544921875], [526.8350219726562], [3609.480712890625], [473.7506103515625], [471.82269287109375], [404.7433166503906], [478.1087646484375], [2073.25732421875]], "Y": [[0], [0], [0], [0], [0], [0], [-1], [0], [0], [0], [0], [-1]]}