{"X": [[406.2339782714844], [493.2719421386719], [446.0399475097656], [532.4801635742188], [619.4661254882812], [457.50787353515625], [1578.523193359375], [444.175048828125], [442.5708312988281], [393.4061584472656], [446.5076599121094], [1146.61767578125]], "Y": [[0], [0], [0], [0], [0], [0], [1], [0], [0], [0], [0], [1]]}