{"X": [[-491.25213623046875], [-263.829833984375], [-430.3760681152344], [-291.8886413574219], [490.4214782714844], [-363.5292053222656], [4291.2890625], [-449.8595886230469], [-451.5042419433594], [-509.11761474609375], [-438.283203125], [2435.49169921875]], "Y": [[0], [0], [0], [0], [0], [0], [-1], [0], [0], [0], [0], [-1]]}