{"X": [[-307.8176574707031], [-114.99947357177734], [-227.8347930908203], [-89.45999908447266], [283.31573486328125], [-196.78274536132812], [2827.431884765625], [-237.13909912109375], [-239.3201446533203], [-332.8681640625], [-228.960205078125], [3056.538330078125]], "Y": [[0], [0], [0], [0], [0], [0], [1], [0], [0], [0], [0], [1]]}