{"X": [[941.1084594726562], [927.8272094726562], [946.8316650390625], [1011.080322265625], [585.0984497070312], [944.7835083007812], [1831.267822265625], [964.1868286132812], [963.5889892578125], [935.1226196289062], [959.0399780273438], [753.3566284179688]], "Y": [[0], [0], [0], [0], [0], [0], [-1], [0], [0], [0], [0], [0]]}