{"X": [[-42.20218276977539], [-240.0657501220703], [-63.9877815246582], [-215.9602813720703], [-980.4794311523438], [-155.4763641357422], [-5942.06298828125], [-48.984519958496094], [-48.05552291870117], [-30.775089263916016], [-58.59992599487305], [-1716.2659912109375]], "Y": [[0], [0], [0], [0], [0], [0], [-1], [0], [0], [0], [0], [0]]}