{"X": [[761.884521484375], [591.8204956054688], [675.9444580078125], [589.2008666992188], [196.46292114257812], [651.5239868164062], [524.4640502929688], [688.3920288085938], [690.764892578125], [777.5657348632812], [680.504638671875], [-1684.5693359375]], "Y": [[0], [0], [0], [0], [0], [0], [0], [0], [0], [0], [0], [-1]]}