{"X": [[13.51633358001709], [143.97186279296875], [61.798500061035156], [150.36720275878906], [511.3692321777344], [91.87354278564453], [1278.928955078125], [51.43968963623047], [49.73944854736328], [2.614531993865967], [57.286521911621094], [729.4136352539062]], "Y": [[0], [0], [0], [0], [0], [0], [-1], [0], [0], [0], [0], [0]]}