{"X": [[43.58244705200195], [-17.366008758544922], [6.965512275695801], [-5.822772026062012], [-273.32293701171875], [1.6331984996795654], [901.9078979492188], [17.909069061279297], [19.133365631103516], [41.077213287353516], [14.848370552062988], [1118.931396484375]], "Y": [[0], [0], [0], [0], [0], [0], [1], [0], [0], [0], [0], [1]]}