{"X": [[386.38775634765625], [386.4903564453125], [394.5502624511719], [407.00665283203125], [347.20196533203125], [383.27532958984375], [602.1566162109375], [395.29461669921875], [394.7850341796875], [385.09954833984375], [394.6661682128906], [249.47889709472656]], "Y": [[0], [0], [0], [0], [0], [0], [-1], [0], [0], [0], [0], [0]]}