{"X": [[-68.0338134765625], [79.80216217041016], [-20.88691520690918], [83.27288055419922], [495.5727844238281], [24.118741989135742], [1644.37890625], [-31.009408950805664], [-32.61467742919922], [-80.71324157714844], [-24.618864059448242], [839.9228515625]], "Y": [[0], [0], [0], [0], [0], [0], [-1], [0], [0], [0], [0], [0]]}