{"X": [[-133.69525146484375], [24.35577964782715], [-68.04113006591797], [35.947998046875], [433.63702392578125], [-48.406463623046875], [3072.193359375], [-79.96354675292969], [-81.73169708251953], [-150.0659942626953], [-72.85901641845703], [2330.293212890625]], "Y": [[0], [0], [0], [0], [0], [0], [1], [0], [0], [0], [0], [1]]}