{"X": [[125.74330139160156], [-16.914817810058594], [64.89616394042969], [-26.12753677368164], [-418.4013977050781], [31.719982147216797], [-1311.5301513671875], [76.62435913085938], [78.49414825439453], [135.3182830810547], [70.66343688964844], [-999.2813720703125]], "Y": [[0], [0], [0], [0], [0], [0], [1], [0], [0], [0], [0], [1]]}