{"X": [[1334.1478271484375], [1179.2740478515625], [1336.82421875], [1277.382568359375], [419.9443664550781], [1256.7459716796875], [-3892.607177734375], [1354.7271728515625], [1354.0322265625], [1340.8187255859375], [1343.631103515625], [-2285.15673828125]], "Y": [[0], [0], [0], [0], [0], [0], [1], [0], [0], [0], [0], [1]]}