{"X": [[246.04534912109375], [350.7187805175781], [292.0552062988281], [352.9132385253906], [692.2423095703125], [303.9012451171875], [1096.63232421875], [279.9327087402344], [278.3341369628906], [239.72763061523438], [284.5826721191406], [-264.8687438964844]], "Y": [[0], [0], [0], [0], [0], [0], [0], [0], [0], [0], [0], [-1]]}