{"X": [[-836.9871826171875], [-539.1522827148438], [-749.8231811523438], [-566.1023559570312], [369.6440124511719], [-661.5707397460938], [3986.315185546875], [-772.9452514648438], [-775.275390625], [-862.8973388671875], [-758.197509765625], [2765.089599609375]], "Y": [[0], [0], [0], [0], [0], [0], [1], [0], [0], [0], [0], [1]]}