{"X": [[-827.6054077148438], [-569.9453735351562], [-742.4281005859375], [-589.6065063476562], [222.18344116210938], [-663.4313354492188], [2352.6396484375], [-763.5559692382812], [-765.9285888671875], [-846.4246215820312], [-751.0169067382812], [2169.947021484375]], "Y": [[0], [0], [0], [0], [0], [0], [1], [0], [0], [0], [0], [1]]}