{"X": [[202.0462188720703], [3.6406869888305664], [147.3764190673828], [12.048127174377441], [-625.85791015625], [78.14103698730469], [-3050.74609375], [162.53753662109375], [164.30514526367188], [215.28378295898438], [153.3277587890625], [-1354.741455078125]], "Y": [[0], [0], [0], [0], [0], [0], [-1], [0], [0], [0], [0], [0]]}