{"X": [[434.768310546875], [238.7239990234375], [381.0652770996094], [258.7439270019531], [-384.5612487792969], [324.25054931640625], [-4150.669921875], [396.0420227050781], [397.3695983886719], [450.5481262207031], [386.4043273925781], [-2327.661865234375]], "Y": [[0], [0], [0], [0], [0], [0], [-1], [0], [0], [0], [0], [-1]]}