{"X": [[11.910441398620605], [99.48397827148438], [49.86679458618164], [106.26768493652344], [337.2298278808594], [68.39938354492188], [906.13134765625], [43.38679122924805], [42.17208480834961], [6.3424177169799805], [46.73404312133789], [354.0204772949219]], "Y": [[0], [0], [0], [0], [0], [0], [-1], [0], [0], [0], [0], [0]]}