{"X": [[757.2637939453125], [569.2655029296875], [662.2886962890625], [531.385009765625], [332.5809326171875], [636.662841796875], [-471.9211730957031], [666.5027465820312], [668.9296264648438], [785.749755859375], [659.0718994140625], [-3478.257080078125]], "Y": [[0], [0], [0], [0], [0], [0], [0], [0], [0], [0], [0], [-1]]}