{"X": [[-219.57196044921875], [-202.80929565429688], [-250.95559692382812], [-251.40249633789062], [72.61687469482422], [-209.48434448242188], [1430.1773681640625], [-257.42926025390625], [-256.39312744140625], [-213.20401000976562], [-255.07131958007812], [-605.5169677734375]], "Y": [[0], [0], [0], [0], [0], [0], [-1], [0], [0], [0], [0], [0]]}