{"X": [[-154.7588653564453], [-194.13609313964844], [-193.5037078857422], [-218.15780639648438], [-214.49082946777344], [-183.39892578125], [892.5368041992188], [-190.83482360839844], [-189.52528381347656], [-149.99684143066406], [-191.71963500976562], [16.504684448242188]], "Y": [[0], [0], [0], [0], [0], [0], [-1], [0], [0], [0], [0], [0]]}