{"X": [[89.6893081665039], [161.21507263183594], [124.45404052734375], [176.68731689453125], [327.3641662597656], [135.03903198242188], [535.7945556640625], [119.6985855102539], [118.33187103271484], [83.4114990234375], [122.4679946899414], [787.0576782226562]], "Y": [[0], [0], [0], [0], [0], [0], [0], [0], [0], [0], [0], [0]]}