{"X": [[55.226715087890625], [-1.971314549446106], [0.9199207425117493], [-35.876861572265625], [49.656219482421875], [51.19952392578125], [-1906.24365234375], [0.8633869290351868], [2.2426745891571045], [73.98802185058594], [-1.7978984117507935], [-3386.478271484375]], "Y": [[0], [0], [0], [0], [0], [0], [-1], [0], [0], [0], [0], [-1]]}