{"X": [[1424.2225341796875], [1255.4984130859375], [1330.041748046875], [1279.6351318359375], [837.511474609375], [1297.59521484375], [6168.79541015625], [1348.83837890625], [1351.2711181640625], [1439.7906494140625], [1339.6011962890625], [1094.53662109375]], "Y": [[0], [0], [0], [0], [0], [0], [-1], [0], [0], [0], [0], [0]]}