{"X": [[-527.944091796875], [-348.16064453125], [-449.6505432128906], [-324.6649169921875], [-11.941474914550781], [-421.91241455078125], [1889.8277587890625], [-457.5736389160156], [-459.58197021484375], [-553.1748046875], [-449.8310241699219], [3148.457763671875]], "Y": [[0], [0], [0], [0], [0], [0], [1], [0], [0], [0], [0], [1]]}