{"X": [[253.56944274902344], [320.59100341796875], [283.6564025878906], [355.30804443359375], [380.8122863769531], [292.2631530761719], [957.2205200195312], [284.3067932128906], [282.9335021972656], [242.28550720214844], [286.28265380859375], [1204.63134765625]], "Y": [[0], [0], [0], [0], [0], [0], [1], [0], [0], [0], [0], [1]]}