{"X": [[316.3493957519531], [361.63555908203125], [328.7479553222656], [384.0088195800781], [435.8551330566406], [344.3758239746094], [1834.8111572265625], [329.8462829589844], [329.168212890625], [310.8926086425781], [330.57366943359375], [892.6115112304688]], "Y": [[0], [0], [0], [0], [0], [0], [-1], [0], [0], [0], [0], [0]]}