{"X": [[56.60527038574219], [-59.70768737792969], [-3.230997085571289], [-84.67227172851562], [-266.78875732421875], [-17.93375587463379], [-12.46330451965332], [2.660207748413086], [4.63679313659668], [70.61990356445312], [-1.617303729057312], [-982.304931640625]], "Y": [[0], [0], [0], [0], [0], [0], [0], [0], [0], [0], [0], [-1]]}