{"X": [[-356.6399230957031], [-381.26708984375], [-361.5180358886719], [-395.8007507324219], [-441.38397216796875], [-372.2769470214844], [-1164.9561767578125], [-361.9188537597656], [-361.4006042480469], [-356.30328369140625], [-361.9244384765625], [84.3486099243164]], "Y": [[0], [0], [0], [0], [0], [0], [-1], [0], [0], [0], [0], [0]]}