{"X": [[718.9813842773438], [483.9410400390625], [667.566650390625], [486.24285888671875], [-101.64826965332031], [574.3549194335938], [-4452.4326171875], [675.0977172851562], [676.4525146484375], [745.4216918945312], [664.5958862304688], [-3878.2939453125]], "Y": [[0], [0], [0], [0], [0], [0], [1], [0], [0], [0], [0], [1]]}