{"X": [[-100.56815338134766], [50.3838005065918], [-59.30281066894531], [54.45509338378906], [478.3311462402344], [-4.405210494995117], [2208.638671875], [-68.05204772949219], [-69.45153045654297], [-113.12627410888672], [-61.741119384765625], [1003.5732421875]], "Y": [[0], [0], [0], [0], [0], [0], [-1], [0], [0], [0], [0], [0]]}