{"X": [[484.885009765625], [452.4416809082031], [520.3543090820312], [532.0026245117188], [3.62587833404541], [459.6480407714844], [-759.4603881835938], [533.5100708007812], [532.1380615234375], [473.812744140625], [529.3189697265625], [1855.0858154296875]], "Y": [[0], [0], [0], [0], [0], [0], [0], [0], [0], [0], [0], [-1]]}