{"X": [[-95.20552825927734], [-32.34193420410156], [-58.24753952026367], [-13.338127136230469], [47.386985778808594], [-52.490150451660156], [-31.577770233154297], [-60.12053298950195], [-61.22927474975586], [-103.52754974365234], [-58.12065505981445], [882.0005493164062]], "Y": [[0], [0], [0], [0], [0], [0], [0], [0], [0], [0], [0], [-1]]}