{"X": [[527.7584228515625], [466.2907409667969], [532.5265502929688], [509.3975524902344], [138.707763671875], [489.0839538574219], [-879.59375], [540.8991088867188], [540.4015502929688], [528.5333251953125], [536.5968627929688], [207.19078063964844]], "Y": [[0], [0], [0], [0], [0], [0], [-1], [0], [0], [0], [0], [0]]}