{"X": [[-459.0161437988281], [-428.4118347167969], [-456.77288818359375], [-468.41156005859375], [-217.97146606445312], [-442.8894958496094], [-756.0066528320312], [-465.2282409667969], [-464.9549560546875], [-458.2796936035156], [-462.1318359375], [-852.383544921875]], "Y": [[0], [0], [0], [0], [0], [0], [1], [0], [0], [0], [0], [1]]}