{"X": [[-328.3302001953125], [-226.3706512451172], [-255.58535766601562], [-223.37429809570312], [14.83548355102539], [-274.6259765625], [-530.484375], [-267.9859619140625], [-269.8463134765625], [-339.4347839355469], [-262.9562072753906], [880.2127685546875]], "Y": [[0], [0], [0], [0], [0], [0], [0], [0], [0], [0], [0], [-1]]}