{"X": [[-1375.177734375], [-1261.66796875], [-1360.749755859375], [-1340.7166748046875], [-727.304443359375], [-1315.4407958984375], [589.654052734375], [-1376.5802001953125], [-1376.415283203125], [-1380.99267578125], [-1367.720947265625], [1496.1295166015625]], "Y": [[0], [0], [0], [0], [0], [0], [1], [0], [0], [0], [0], [1]]}