{"X": [[470.5410461425781], [523.5773315429688], [480.1103210449219], [533.1075439453125], [725.3860473632812], [498.8729248046875], [2798.53173828125], [476.17498779296875], [475.5742492675781], [469.3188781738281], [477.8200378417969], [433.4801330566406]], "Y": [[0], [0], [0], [0], [0], [0], [-1], [0], [0], [0], [0], [0]]}