{"X": [[-116.83317565917969], [-114.00273895263672], [-181.89219665527344], [-192.55043029785156], [270.1286926269531], [-119.3105697631836], [3090.5859375], [-189.5021514892578], [-187.40806579589844], [-103.71847534179688], [-187.07379150390625], [-1376.88330078125]], "Y": [[0], [0], [0], [0], [0], [0], [-1], [0], [0], [0], [0], [0]]}