{"X": [[271.9737243652344], [116.29930877685547], [194.8560028076172], [98.69485473632812], [-231.9407501220703], [180.9091033935547], [-1375.116455078125], [205.65782165527344], [207.89064025878906], [289.0001525878906], [198.90968322753906], [-2202.017822265625]], "Y": [[0], [0], [0], [0], [0], [0], [1], [0], [0], [0], [0], [1]]}