{"X": [[438.58782958984375], [309.58306884765625], [372.0743408203125], [282.2269287109375], [119.37147521972656], [355.4875183105469], [-1373.8511962890625], [375.5855407714844], [377.1885681152344], [456.23333740234375], [370.9852600097656], [-2754.47607421875]], "Y": [[0], [0], [0], [0], [0], [0], [-1], [0], [0], [0], [0], [-1]]}