{"X": [[119.89908599853516], [39.61685562133789], [81.11554718017578], [20.926408767700195], [-98.7973403930664], [53.91218566894531], [506.93170166015625], [83.49424743652344], [84.72026062011719], [126.41487884521484], [81.1738052368164], [-191.4853973388672]], "Y": [[0], [0], [0], [0], [0], [0], [-1], [0], [0], [0], [0], [0]]}