{"X": [[109.34041595458984], [-15.524496078491211], [48.45682907104492], [-51.87407302856445], [-165.7850341796875], [22.567102432250977], [592.1194458007812], [50.483646392822266], [52.573917388916016], [126.2696304321289], [46.30392074584961], [-867.9815673828125]], "Y": [[0], [0], [0], [0], [0], [0], [0], [0], [0], [0], [0], [-1]]}