{"X": [[1069.194091796875], [821.0325927734375], [1004.0723876953125], [854.3349609375], [55.648033142089844], [912.062744140625], [-2793.90576171875], [1022.342529296875], [1023.8360595703125], [1090.2410888671875], [1009.7777099609375], [-2677.8134765625]], "Y": [[0], [0], [0], [0], [0], [0], [1], [0], [0], [0], [0], [1]]}