{"X": [[1117.390380859375], [868.134521484375], [1003.4139404296875], [872.4281005859375], [247.75384521484375], [946.3441772460938], [1351.614013671875], [1022.5223388671875], [1025.488525390625], [1138.921142578125], [1011.240478515625], [-1025.125244140625]], "Y": [[0], [0], [0], [0], [0], [0], [0], [0], [0], [0], [0], [-1]]}