{"X": [[-551.704345703125], [-356.08544921875], [-492.63519287109375], [-366.8371887207031], [208.4497833251953], [-423.5156555175781], [1430.2691650390625], [-505.7921447753906], [-507.52667236328125], [-566.5636596679688], [-496.73248291015625], [1158.4581298828125]], "Y": [[0], [0], [0], [0], [0], [0], [1], [0], [0], [0], [0], [1]]}