{"X": [[-1343.3743896484375], [-1124.723388671875], [-1292.271484375], [-1209.2552490234375], [-226.7839813232422], [-1222.703857421875], [2417.415771484375], [-1318.8812255859375], [-1319.8792724609375], [-1354.8707275390625], [-1305.2440185546875], [1971.0330810546875]], "Y": [[0], [0], [0], [0], [0], [0], [1], [0], [0], [0], [0], [1]]}