{"X": [[-148.53785705566406], [-224.18478393554688], [-200.20936584472656], [-254.28932189941406], [-339.8381042480469], [-194.03709411621094], [148.28721618652344], [-194.95973205566406], [-193.09690856933594], [-139.16488647460938], [-197.62623596191406], [-761.458740234375]], "Y": [[0], [0], [0], [0], [0], [0], [0], [0], [0], [0], [0], [-1]]}