{"X": [[1006.4142456054688], [833.4923706054688], [970.532958984375], [879.1431884765625], [215.06919860839844], [887.5322875976562], [218.68170166015625], [987.2595825195312], [988.1591796875], [1017.4899291992188], [977.3042602539062], [-388.7510986328125]], "Y": [[0], [0], [0], [0], [1], [0], [1], [0], [0], [0], [0], [-1]]}