{"X": [[-183.3522491455078], [-84.33512878417969], [-118.56954193115234], [-58.6080207824707], [48.0350227355957], [-123.85643005371094], [-591.29638671875], [-123.75462341308594], [-125.75700378417969], [-196.91233825683594], [-119.94490051269531], [1088.0230712890625]], "Y": [[0], [0], [0], [0], [0], [0], [0], [0], [0], [0], [0], [-1]]}