{"X": [[1745.1746826171875], [1493.1551513671875], [1668.6279296875], [1558.6107177734375], [668.6758422851562], [1598.9964599609375], [-1790.7557373046875], [1691.218505859375], [1692.7430419921875], [1766.4647216796875], [1676.7281494140625], [-3432.640380859375]], "Y": [[0], [0], [0], [0], [0], [0], [1], [0], [0], [0], [0], [1]]}