{"X": [[-703.5758666992188], [-486.156005859375], [-637.4556274414062], [-510.5048522949219], [198.05421447753906], [-571.2318115234375], [2546.284423828125], [-656.1358032226562], [-657.7976684570312], [-721.7779541015625], [-645.0745239257812], [2190.689697265625]], "Y": [[0], [0], [0], [0], [0], [0], [1], [0], [0], [0], [0], [1]]}