{"X": [[-255.05303955078125], [-341.7235107421875], [-285.3336181640625], [-373.98248291015625], [-461.87872314453125], [-310.4264221191406], [-977.17041015625], [-285.3028869628906], [-283.9781799316406], [-242.66693115234375], [-287.9424133300781], [-670.2157592773438]], "Y": [[0], [0], [0], [0], [0], [0], [-1], [0], [0], [0], [0], [0]]}