{"X": [[1529.8583984375], [1287.7733154296875], [1444.1944580078125], [1354.7103271484375], [425.2978515625], [1388.7445068359375], [-439.3491516113281], [1472.62744140625], [1474.5517578125], [1546.436279296875], [1458.238525390625], [-1889.31201171875]], "Y": [[0], [0], [0], [0], [0], [0], [0], [0], [0], [0], [0], [-1]]}