{"X": [[16.98483657836914], [86.2926025390625], [52.659080505371094], [111.5109634399414], [157.74085998535156], [65.36421966552734], [57.1757926940918], [52.31583786010742], [51.09160232543945], [7.420947551727295], [54.1485710144043], [747.8177490234375]], "Y": [[0], [0], [0], [0], [0], [0], [0], [0], [0], [0], [0], [-1]]}