{"X": [[649.3411254882812], [459.38885498046875], [592.4308471679688], [500.48529052734375], [-206.71571350097656], [553.84228515625], [-2550.31494140625], [612.3963623046875], [613.8945922851562], [664.7520141601562], [601.3955078125], [-1712.716552734375]], "Y": [[0], [0], [0], [0], [0], [0], [1], [0], [0], [0], [0], [1]]}