{"X": [[-776.889404296875], [-697.7290649414062], [-779.4314575195312], [-757.7645874023438], [-281.21099853515625], [-724.218994140625], [-226.55116271972656], [-790.6998901367188], [-790.3355102539062], [-777.044921875], [-785.0147094726562], [-816.0611572265625]], "Y": [[0], [0], [0], [0], [1], [0], [1], [0], [0], [0], [0], [0]]}