{"X": [[-71.47801208496094], [44.96011734008789], [-25.713838577270508], [37.49345779418945], [448.4089050292969], [1.573392391204834], [554.539306640625], [-39.02316665649414], [-40.566837310791016], [-76.82969665527344], [-33.37312698364258], [-122.38162231445312]], "Y": [[0], [0], [0], [0], [1], [0], [1], [0], [0], [0], [0], [0]]}