{"X": [[242.45913696289062], [91.29224395751953], [189.1846923828125], [84.70499420166016], [-318.4407043457031], [140.28277587890625], [-1356.126220703125], [198.87757873535156], [200.56190490722656], [253.76568603515625], [192.65089416503906], [-1074.815673828125]], "Y": [[0], [0], [0], [0], [0], [0], [1], [0], [0], [0], [0], [1]]}