{"X": [[1012.9882202148438], [978.2127075195312], [996.3583374023438], [1011.4620971679688], [856.7506103515625], [981.1373901367188], [2855.151123046875], [1001.3458251953125], [1001.438720703125], [1014.8416748046875], [998.2228393554688], [138.2628173828125]], "Y": [[0], [0], [0], [0], [0], [0], [-1], [0], [0], [0], [0], [0]]}