{"X": [[-1088.2332763671875], [-841.4678955078125], [-1003.921630859375], [-887.2687377929688], [5.859165191650391], [-924.7012939453125], [1154.6988525390625], [-1029.22265625], [-1031.2239990234375], [-1100.8843994140625], [-1016.7979736328125], [938.24169921875]], "Y": [[0], [0], [0], [0], [-1], [0], [1], [0], [0], [0], [0], [1]]}