{"X": [[693.595703125], [562.587890625], [614.6976318359375], [557.4813232421875], [298.8659362792969], [605.9227294921875], [528.6146850585938], [624.05419921875], [625.87451171875], [706.5381469726562], [618.724609375], [-1496.8663330078125]], "Y": [[0], [0], [0], [0], [0], [0], [0], [0], [0], [0], [0], [-1]]}