{"X": [[-560.30517578125], [-343.68829345703125], [-467.5259704589844], [-347.34454345703125], [244.06675720214844], [-437.3365783691406], [1099.16650390625], [-486.7800598144531], [-489.4778747558594], [-582.308837890625], [-475.7990417480469], [2085.697998046875]], "Y": [[0], [0], [0], [0], [0], [0], [0], [0], [0], [0], [0], [0]]}