{"X": [[44.86797332763672], [-70.66860961914062], [-0.6951063871383667], [-94.52894592285156], [-285.3970642089844], [-35.368202209472656], [-627.2026977539062], [2.5267257690429688], [4.1543121337890625], [57.58024597167969], [-1.552657961845398], [-1086.1243896484375]], "Y": [[0], [0], [0], [0], [0], [0], [0], [0], [0], [0], [0], [-1]]}