{"X": [[-89.46798706054688], [-181.15573120117188], [-126.66082763671875], [-209.8916473388672], [-328.9808044433594], [-146.8567657470703], [-1503.2080078125], [-125.16922760009766], [-123.74259185791016], [-77.38471984863281], [-128.4026641845703], [-1704.5814208984375]], "Y": [[0], [0], [0], [0], [0], [0], [1], [0], [0], [0], [0], [1]]}