{"X": [[-45.61052703857422], [130.88706970214844], [1.7178733348846436], [153.8992156982422], [515.2207641601562], [45.36692810058594], [5171.3037109375], [-3.334876298904419], [-4.782217979431152], [-70.87801361083984], [4.437554359436035], [4083.55322265625]], "Y": [[0], [0], [0], [0], [0], [0], [1], [0], [0], [0], [0], [1]]}