{"X": [[120.13945770263672], [-74.08772277832031], [59.71908187866211], [-69.01329803466797], [-674.7318115234375], [-4.620227813720703], [-1520.123291015625], [75.85356903076172], [77.93669891357422], [133.1840362548828], [66.8368911743164], [-318.5528259277344]], "Y": [[0], [0], [0], [0], [0], [0], [-1], [0], [0], [0], [0], [0]]}