{"X": [[-383.31292724609375], [-398.50262451171875], [-403.7841491699219], [-444.06536865234375], [-248.76417541503906], [-396.861328125], [151.9359893798828], [-410.2895812988281], [-409.3174133300781], [-375.818115234375], [-409.0836181640625], [-480.46441650390625]], "Y": [[0], [0], [0], [0], [0], [0], [-1], [0], [0], [0], [0], [0]]}