{"X": [[264.66229248046875], [143.58384704589844], [207.8613739013672], [102.04347229003906], [60.838218688964844], [174.70603942871094], [297.44061279296875], [205.42214965820312], [207.1904754638672], [283.34942626953125], [201.9986114501953], [-1519.2509765625]], "Y": [[0], [0], [0], [0], [0], [0], [0], [0], [0], [0], [0], [-1]]}