{"X": [[-798.4849243164062], [-565.3318481445312], [-699.7578125], [-568.4285888671875], [49.84320068359375], [-642.181396484375], [-267.8291015625], [-718.6478881835938], [-721.29052734375], [-818.3313598632812], [-707.97802734375], [981.192626953125]], "Y": [[0], [0], [0], [0], [0], [0], [0], [0], [0], [0], [0], [-1]]}