{"X": [[1234.779296875], [987.5885620117188], [1151.6160888671875], [1039.6396484375], [160.9376220703125], [1077.96533203125], [257.9198913574219], [1176.711181640625], [1178.899658203125], [1251.0869140625], [1163.278564453125], [-668.0169067382812]], "Y": [[0], [0], [0], [0], [1], [0], [1], [0], [0], [0], [0], [-1]]}