{"X": [[-395.814453125], [-429.9979553222656], [-407.9442138671875], [-449.49493408203125], [-519.8590698242188], [-415.01983642578125], [-2004.299560546875], [-406.8686218261719], [-406.1636657714844], [-393.5373229980469], [-407.507568359375], [-853.8286743164062]], "Y": [[0], [0], [0], [0], [0], [0], [-1], [0], [0], [0], [0], [0]]}