{"X": [[-1177.7625732421875], [-1023.4244384765625], [-1098.4249267578125], [-1024.3602294921875], [-726.4664916992188], [-1074.21142578125], [-2352.21484375], [-1108.67724609375], [-1110.7374267578125], [-1197.8797607421875], [-1100.5872802734375], [2040.89404296875]], "Y": [[0], [0], [0], [0], [0], [0], [0], [0], [0], [0], [0], [-1]]}