{"X": [[517.197998046875], [378.1270751953125], [451.8907470703125], [397.28021240234375], [-75.25334930419922], [434.6736145019531], [-1093.302734375], [467.745849609375], [469.24725341796875], [525.7053833007812], [460.8645324707031], [-1028.0247802734375]], "Y": [[0], [0], [0], [0], [0], [0], [1], [0], [0], [0], [0], [1]]}