{"X": [[742.2344970703125], [556.6992797851562], [657.817138671875], [532.5416870117188], [261.1993103027344], [626.2807006835938], [-871.6849975585938], [663.6548461914062], [665.7678833007812], [768.8538208007812], [655.959228515625], [-3132.865478515625]], "Y": [[0], [0], [0], [0], [0], [0], [0], [0], [0], [0], [0], [-1]]}