{"X": [[-81.51238250732422], [49.28694152832031], [-43.265235900878906], [57.80377960205078], [404.7344055175781], [-0.20012801885604858], [2465.26123046875], [-50.1793212890625], [-51.52496337890625], [-92.81027221679688], [-44.52490997314453], [1752.1484375]], "Y": [[0], [0], [0], [0], [0], [0], [1], [0], [0], [0], [0], [1]]}