{"X": [[-1398.616455078125], [-1241.3037109375], [-1390.548583984375], [-1344.2261962890625], [-455.4447021484375], [-1296.0855712890625], [-171.2996368408203], [-1412.7547607421875], [-1412.5113525390625], [-1400.489013671875], [-1401.7655029296875], [-843.029541015625]], "Y": [[0], [0], [0], [0], [0], [0], [0], [0], [0], [0], [0], [0]]}