{"X": [[319.3334655761719], [399.4361877441406], [391.57171630859375], [476.3655700683594], [291.9460754394531], [388.8868408203125], [-1587.8853759765625], [396.007080078125], [393.5774230957031], [305.281494140625], [395.8753356933594], [63.44645690917969]], "Y": [[0], [0], [0], [0], [0], [0], [-1], [0], [0], [0], [0], [0]]}