{"X": [[-1360.6005859375], [-1195.8680419921875], [-1336.935791015625], [-1294.90869140625], [-379.4344177246094], [-1251.8428955078125], [-531.8995971679688], [-1362.2470703125], [-1362.497802734375], [-1361.616943359375], [-1350.9798583984375], [-776.276123046875]], "Y": [[0], [0], [0], [0], [1], [0], [1], [0], [0], [0], [0], [1]]}