{"X": [[156.14114379882812], [-4.54406213760376], [103.25822448730469], [-25.84928321838379], [-355.779296875], [53.94987869262695], [-1962.0760498046875], [109.29483032226562], [111.10250091552734], [174.26193237304688], [102.75021362304688], [-1979.3482666015625]], "Y": [[0], [0], [0], [0], [0], [0], [1], [0], [0], [0], [0], [1]]}