{"X": [[-153.78897094726562], [-224.47962951660156], [-180.92250061035156], [-235.93482971191406], [-401.3721618652344], [-191.42970275878906], [-1812.64111328125], [-176.90121459960938], [-175.93019104003906], [-146.69529724121094], [-179.75897216796875], [-1084.276123046875]], "Y": [[0], [0], [0], [0], [0], [0], [-1], [0], [0], [0], [0], [-1]]}