{"X": [[-44.160430908203125], [147.75428771972656], [-5.691558837890625], [134.17410278320312], [797.0027465820312], [65.82894134521484], [4455.2919921875], [-20.347244262695312], [-21.760223388671875], [-58.10273742675781], [-11.056350708007812], [1780.88671875]], "Y": [[0], [0], [0], [0], [0], [0], [-1], [0], [0], [0], [0], [0]]}