{"X": [[-50.60663604736328], [-122.1097640991211], [-86.01558685302734], [-133.76612854003906], [-290.2071838378906], [-103.79527282714844], [260.6033630371094], [-81.42401885986328], [-80.07847595214844], [-46.435394287109375], [-83.8048324584961], [52.66063690185547]], "Y": [[0], [0], [0], [0], [0], [0], [-1], [0], [0], [0], [0], [0]]}