{"X": [[-244.1267852783203], [-95.50263977050781], [-186.85552978515625], [-86.54729461669922], [260.246826171875], [-145.56903076171875], [477.9134521484375], [-195.55911254882812], [-197.35719299316406], [-257.8125305175781], [-189.4190216064453], [666.5523681640625]], "Y": [[0], [0], [0], [0], [1], [0], [1], [0], [0], [0], [0], [1]]}