{"X": [[-13.215917587280273], [-169.52099609375], [-20.557254791259766], [-144.34783935546875], [-779.240966796875], [-106.53809356689453], [-4206.42626953125], [-9.333016395568848], [-8.717360496520996], [-5.936000347137451], [-17.10870361328125], [-688.3759765625]], "Y": [[0], [0], [0], [0], [0], [0], [-1], [0], [0], [0], [0], [0]]}