{"X": [[338.4441223144531], [189.09799194335938], [278.0947570800781], [199.035400390625], [-285.09765625], [254.08197021484375], [-2424.653564453125], [293.23223876953125], [294.7361145019531], [350.0685729980469], [285.8732604980469], [-1913.7337646484375]], "Y": [[0], [0], [0], [0], [0], [0], [1], [0], [0], [0], [0], [1]]}