{"X": [[-22.45879554748535], [158.04933166503906], [18.92061424255371], [158.4833221435547], [711.7351684570312], [82.92876434326172], [3583.989990234375], [6.921300888061523], [5.311979293823242], [-38.04198455810547], [15.524412155151367], [1774.949951171875]], "Y": [[0], [0], [0], [0], [0], [0], [-1], [0], [0], [0], [0], [0]]}