{"X": [[1177.96240234375], [1043.90673828125], [1165.2408447265625], [1128.0977783203125], [362.759765625], [1071.017822265625], [2173.03515625], [1185.431884765625], [1185.63134765625], [1174.571044921875], [1176.48291015625], [2093.33740234375]], "Y": [[0], [0], [0], [0], [-1], [0], [1], [0], [0], [0], [0], [1]]}