{"X": [[-214.5096893310547], [-60.30557632446289], [-174.14926147460938], [-52.91434097290039], [321.99530029296875], [-134.1904754638672], [4896.32470703125], [-179.77088928222656], [-180.78150939941406], [-233.78956604003906], [-172.7492218017578], [3684.460205078125]], "Y": [[0], [0], [0], [0], [0], [0], [1], [0], [0], [0], [0], [1]]}