{"X": [[-1283.2489013671875], [-939.8806762695312], [-1206.82958984375], [-1017.5759887695312], [309.60723876953125], [-1080.68701171875], [5331.19140625], [-1238.31982421875], [-1240.1846923828125], [-1303.9102783203125], [-1220.046875], [2752.583984375]], "Y": [[0], [0], [0], [0], [0], [0], [-1], [0], [0], [0], [0], [0]]}