{"X": [[-1108.3612060546875], [-919.622802734375], [-1046.858642578125], [-962.1317749023438], [-277.2931213378906], [-996.8296508789062], [373.98138427734375], [-1067.7237548828125], [-1069.292236328125], [-1123.9801025390625], [-1056.2064208984375], [2035.2899169921875]], "Y": [[0], [0], [0], [0], [0], [0], [0], [0], [0], [0], [0], [-1]]}