{"X": [[-986.4530029296875], [-730.333740234375], [-915.3112182617188], [-731.7049560546875], [-113.40609741210938], [-824.3536376953125], [2823.880615234375], [-926.3111572265625], [-928.1576538085938], [-1016.2079467773438], [-914.3218383789062], [3782.85595703125]], "Y": [[0], [0], [0], [0], [0], [0], [1], [0], [0], [0], [0], [1]]}