{"X": [[1183.629150390625], [1069.1138916015625], [1143.6229248046875], [1100.843017578125], [742.8013916015625], [1104.8973388671875], [1220.9447021484375], [1152.62255859375], [1153.26171875], [1193.8284912109375], [1146.085205078125], [-919.0202026367188]], "Y": [[0], [0], [0], [0], [0], [0], [0], [0], [0], [0], [0], [-1]]}