{"X": [[499.5352783203125], [380.1134338378906], [448.8902282714844], [382.64471435546875], [103.77366638183594], [407.79443359375], [874.4238891601562], [454.91741943359375], [456.2142333984375], [507.16522216796875], [450.55291748046875], [239.7393035888672]], "Y": [[0], [0], [0], [0], [0], [0], [-1], [0], [0], [0], [0], [0]]}