{"X": [[110.46842193603516], [198.580322265625], [157.7633056640625], [250.2112579345703], [192.2873077392578], [163.98141479492188], [1227.5606689453125], [161.855224609375], [160.2606658935547], [92.59881591796875], [163.9129638671875], [2238.6591796875]], "Y": [[0], [0], [0], [0], [0], [0], [-1], [0], [0], [0], [0], [-1]]}