{"X": [[325.4326477050781], [129.0029754638672], [276.4770202636719], [141.88482666015625], [-459.1239013671875], [203.43194580078125], [-3042.388916015625], [288.67156982421875], [290.2135314941406], [340.88519287109375], [279.80767822265625], [-1540.5657958984375]], "Y": [[0], [0], [0], [0], [0], [0], [-1], [0], [0], [0], [0], [0]]}