{"X": [[1596.613037109375], [1426.9267578125], [1524.625732421875], [1468.5966796875], [958.3984985351562], [1473.1248779296875], [3923.01953125], [1540.2940673828125], [1541.925537109375], [1610.57373046875], [1530.786376953125], [-118.61943817138672]], "Y": [[0], [0], [0], [0], [0], [0], [-1], [0], [0], [0], [0], [0]]}