{"X": [[634.7717895507812], [593.9296264648438], [684.052978515625], [686.7605590820312], [72.40708923339844], [612.5228271484375], [-3803.959716796875], [695.046630859375], [693.1866455078125], [623.290771484375], [690.387939453125], [-356.31988525390625]], "Y": [[0], [0], [0], [0], [0], [0], [-1], [0], [0], [0], [0], [0]]}