{"X": [[727.0354614257812], [569.613037109375], [659.1739501953125], [568.5370483398438], [195.4813232421875], [612.8438720703125], [928.5728149414062], [669.006103515625], [670.9048461914062], [740.0560913085938], [662.0478515625], [-952.9828491210938]], "Y": [[0], [0], [0], [0], [0], [0], [0], [0], [0], [0], [0], [-1]]}