{"X": [[-55.992103576660156], [-143.95419311523438], [-107.64448547363281], [-190.37803649902344], [-165.7679901123047], [-108.5269546508789], [-404.978271484375], [-108.88440704345703], [-107.10283660888672], [-38.853214263916016], [-111.45682525634766], [-1816.60205078125]], "Y": [[0], [0], [0], [0], [0], [0], [0], [0], [0], [0], [0], [-1]]}