{"X": [[1544.671875], [1276.796875], [1465.2430419921875], [1338.919921875], [385.1757507324219], [1375.2362060546875], [609.4288940429688], [1492.010498046875], [1494.0238037109375], [1565.3492431640625], [1476.636474609375], [-1097.7330322265625]], "Y": [[0], [0], [0], [0], [0], [0], [0], [0], [0], [0], [0], [-1]]}