{"X": [[413.93389892578125], [257.3931884765625], [331.5672607421875], [246.99037170410156], [-132.99688720703125], [299.969482421875], [1172.1041259765625], [344.9299011230469], [347.3669128417969], [424.3694152832031], [338.65740966796875], [-260.1933288574219]], "Y": [[0], [0], [0], [0], [0], [0], [-1], [0], [0], [0], [0], [0]]}