{"X": [[294.1180114746094], [73.9957046508789], [240.8601531982422], [89.53656768798828], [-648.6465454101562], [155.0656280517578], [-3282.677490234375], [257.8207702636719], [259.6162109375], [307.9253845214844], [247.42213439941406], [-1259.742431640625]], "Y": [[0], [0], [0], [0], [0], [0], [-1], [0], [0], [0], [0], [0]]}