{"X": [[-441.71014404296875], [-489.1680603027344], [-466.633056640625], [-523.050537109375], [-520.4719848632812], [-464.2732849121094], [-1507.3570556640625], [-466.82958984375], [-465.761962890625], [-432.8125], [-467.88055419921875], [-880.929443359375]], "Y": [[0], [0], [0], [0], [0], [0], [-1], [0], [0], [0], [0], [0]]}