{"X": [[-473.0891418457031], [-265.8578796386719], [-411.50897216796875], [-275.5209655761719], [380.08740234375], [-341.9491882324219], [3473.406494140625], [-426.7406311035156], [-428.5429382324219], [-486.751708984375], [-416.95892333984375], [2543.7744140625]], "Y": [[0], [0], [0], [0], [0], [0], [1], [0], [0], [0], [0], [1]]}