{"X": [[753.7322387695312], [619.0240478515625], [674.7964477539062], [583.6463623046875], [534.8275756835938], [683.1921997070312], [-1783.1895751953125], [674.233154296875], [676.0458984375], [780.1317749023438], [668.9515380859375], [-4754.01611328125]], "Y": [[0], [0], [0], [0], [0], [0], [-1], [0], [0], [0], [0], [-1]]}