{"X": [[415.75946044921875], [241.11050415039062], [358.9607849121094], [239.52554321289062], [-219.60409545898438], [304.59320068359375], [-2038.8828125], [368.6689758300781], [370.3060607910156], [431.2212219238281], [361.0576477050781], [-1645.1640625]], "Y": [[0], [0], [0], [0], [0], [0], [1], [0], [0], [0], [0], [1]]}