{"X": [[37.286563873291016], [125.23072052001953], [69.5399169921875], [122.63265991210938], [436.1679992675781], [92.79483795166016], [1031.3465576171875], [60.297489166259766], [59.1625862121582], [34.177127838134766], [64.17008972167969], [22.192907333374023]], "Y": [[0], [0], [0], [0], [0], [0], [-1], [0], [0], [0], [0], [0]]}