{"X": [[-323.6022644042969], [-305.3641357421875], [-349.0654296875], [-355.6895751953125], [-33.43051528930664], [-309.8264465332031], [471.7156982421875], [-356.4563293457031], [-355.58837890625], [-316.9244384765625], [-353.7957763671875], [-1018.059814453125]], "Y": [[0], [0], [0], [0], [0], [0], [0], [0], [0], [0], [0], [-1]]}