{"X": [[-234.66397094726562], [-225.8586883544922], [-261.0741882324219], [-272.9433898925781], [-4.306105613708496], [-240.17742919921875], [1206.9560546875], [-267.67474365234375], [-266.69854736328125], [-231.1013641357422], [-265.3890380859375], [-416.3448181152344]], "Y": [[0], [0], [0], [0], [0], [0], [-1], [0], [0], [0], [0], [0]]}