{"X": [[3393.62060546875], [2354.087158203125], [3081.437255859375], [2508.9306640625], [-1171.3818359375], [2714.6162109375], [-4323.99365234375], [3181.552001953125], [3190.74072265625], [3453.84228515625], [3128.48095703125], [-2655.04345703125]], "Y": [[0], [0], [0], [0], [1], [0], [1], [0], [0], [0], [0], [1]]}