{"X": [[-6378.853515625], [-6112.1845703125], [-6356.0029296875], [-6448.8115234375], [-4540.501953125], [-6203.54833984375], [-6569.99365234375], [-6411.390625], [-6408.13671875], [-6382.05810546875], [-6384.51123046875], [774.114013671875]], "Y": [[0], [0], [0], [0], [0], [0], [0], [0], [0], [0], [0], [-1]]}