{"X": [[-7264.9033203125], [-6092.00341796875], [-6898.8310546875], [-6369.81884765625], [-2243.531982421875], [-6576.8671875], [7543.7900390625], [-7011.4677734375], [-7018.6171875], [-7364.1826171875], [-6943.98046875], [12787.951171875]], "Y": [[0], [0], [0], [0], [0], [0], [1], [0], [0], [0], [0], [1]]}