{"X": [[-155.02896118164062], [214.172607421875], [-18.37537384033203], [250.15200805664062], [1171.9674072265625], [98.21359252929688], [-1112.78466796875], [-45.72417449951172], [-51.085899353027344], [-187.10679626464844], [-29.37212371826172], [164.85511779785156]], "Y": [[0], [0], [0], [0], [-1], [0], [-1], [0], [0], [0], [0], [0]]}