{"X": [[1563.671142578125], [1868.109130859375], [1706.833251953125], [2004.0072021484375], [2412.30615234375], [1818.953857421875], [-2474.48291015625], [1695.4686279296875], [1688.6435546875], [1543.4498291015625], [1702.491943359375], [-2868.161865234375]], "Y": [[0], [0], [0], [0], [0], [0], [1], [0], [0], [0], [0], [1]]}