{"X": [[-2920.02001953125], [-2760.249755859375], [-2863.98681640625], [-2868.27587890625], [-2234.834716796875], [-2886.658447265625], [4282.23486328125], [-2883.06494140625], [-2881.948486328125], [-2951.627685546875], [-2868.674072265625], [8171.8896484375]], "Y": [[0], [0], [0], [0], [0], [0], [1], [0], [0], [0], [0], [1]]}