{"X": [[-7695.50830078125], [-7421.54638671875], [-7752.45556640625], [-7916.0888671875], [-5231.41357421875], [-7551.07470703125], [-2892.52392578125], [-7826.89892578125], [-7820.29345703125], [-7687.27490234375], [-7792.04736328125], [1700.892578125]], "Y": [[0], [0], [0], [0], [0], [0], [0], [0], [0], [0], [0], [-1]]}