{"X": [[-3779.989990234375], [-3635.553466796875], [-3747.804931640625], [-3809.751708984375], [-2955.609619140625], [-3753.60498046875], [2519.922607421875], [-3772.565185546875], [-3770.41796875], [-3802.435302734375], [-3756.55517578125], [7163.0029296875]], "Y": [[0], [0], [0], [0], [0], [0], [-1], [0], [0], [0], [0], [-1]]}