{"X": [[-1560.4229736328125], [-850.1563720703125], [-1332.6015625], [-897.2882080078125], [1379.5517578125], [-1095.6611328125], [1855.43896484375], [-1395.1510009765625], [-1402.962890625], [-1608.1324462890625], [-1360.352294921875], [1849.9566650390625]], "Y": [[0], [0], [0], [0], [1], [0], [1], [0], [0], [0], [0], [1]]}