{"X": [[7399.97119140625], [6050.1328125], [6990.41748046875], [6301.7373046875], [1809.61328125], [6604.24853515625], [-10691.7646484375], [7104.45556640625], [7113.908203125], [7518.3271484375], [7030.2744140625], [-15996.7421875]], "Y": [[0], [0], [0], [0], [0], [0], [1], [0], [0], [0], [0], [1]]}