{"X": [[1960.039794921875], [1848.973876953125], [1826.1644287109375], [1812.265869140625], [2085.235595703125], [1940.193359375], [5616.5966796875], [1830.2349853515625], [1833.11767578125], [2009.1156005859375], [1821.6888427734375], [-5491.00537109375]], "Y": [[0], [0], [0], [0], [0], [0], [0], [0], [0], [0], [0], [-1]]}