{"X": [[3269.58251953125], [2938.56982421875], [3137.234130859375], [3028.4375], [1991.3148193359375], [3113.071533203125], [-4996.0419921875], [3167.8935546875], [3168.9189453125], [3314.44970703125], [3146.912109375], [-9212.2001953125]], "Y": [[0], [0], [0], [0], [0], [0], [1], [0], [0], [0], [0], [1]]}