{"X": [[-5363.744140625], [-4735.1298828125], [-5159.98828125], [-4916.171875], [-2789.01318359375], [-5022.93017578125], [5626.58447265625], [-5216.32763671875], [-5218.79052734375], [-5431.49267578125], [-5177.8701171875], [11594.052734375]], "Y": [[0], [0], [0], [0], [0], [0], [1], [0], [0], [0], [0], [1]]}