{"X": [[-1630.7305908203125], [-1632.2926025390625], [-1626.3626708984375], [-1668.8126220703125], [-1794.243896484375], [-1679.4510498046875], [4066.79541015625], [-1620.08203125], [-1617.9669189453125], [-1651.857666015625], [-1617.451416015625], [6758.0947265625]], "Y": [[0], [0], [0], [0], [0], [0], [1], [0], [0], [0], [0], [1]]}