{"X": [[-566.32763671875], [-732.6376342773438], [-727.7890014648438], [-807.827392578125], [-996.8704223632812], [-661.4403686523438], [3682.149658203125], [-707.9090576171875], [-701.8611450195312], [-551.3671264648438], [-713.9185180664062], [145.5495147705078]], "Y": [[0], [0], [0], [0], [0], [0], [-1], [0], [0], [0], [0], [0]]}