{"X": [[-1219.9241943359375], [-1372.6793212890625], [-1299.1258544921875], [-1422.46728515625], [-1861.0408935546875], [-1357.19970703125], [4717.5068359375], [-1278.4315185546875], [-1274.05078125], [-1220.8865966796875], [-1283.43505859375], [5276.75634765625]], "Y": [[0], [0], [0], [0], [0], [0], [1], [0], [0], [0], [0], [1]]}