{"X": [[-6239.166015625], [-5512.2890625], [-6035.75341796875], [-5791.55712890625], [-2842.62890625], [-5819.02587890625], [2518.1171875], [-6117.8330078125], [-6120.44189453125], [-6295.03515625], [-6071.19384765625], [7755.7900390625]], "Y": [[0], [0], [0], [0], [0], [0], [-1], [0], [0], [0], [0], [-1]]}