{"X": [[-5026.84521484375], [-4127.38623046875], [-4672.95751953125], [-4248.48486328125], [-1564.8834228515625], [-4525.6376953125], [5469.03125], [-4753.72314453125], [-4761.611328125], [-5122.94580078125], [-4703.8427734375], [12803.0166015625]], "Y": [[0], [0], [0], [0], [0], [0], [-1], [0], [0], [0], [0], [-1]]}