{"X": [[1201.8226318359375], [1302.3179931640625], [1275.5357666015625], [1387.4710693359375], [1444.332275390625], [1311.81640625], [-2704.48291015625], [1270.4017333984375], [1266.7763671875], [1202.212890625], [1270.254638671875], [-3022.5849609375]], "Y": [[0], [0], [0], [0], [0], [0], [1], [0], [0], [0], [0], [1]]}