{"X": [[4397.0947265625], [4156.65869140625], [4364.14794921875], [4381.5869140625], [3006.600830078125], [4289.31103515625], [-1464.329833984375], [4400.81787109375], [4398.708984375], [4417.55908203125], [4379.2275390625], [-5530.94482421875]], "Y": [[0], [0], [0], [0], [0], [0], [-1], [0], [0], [0], [0], [-1]]}