{"X": [[-2541.093017578125], [-1640.3011474609375], [-2268.577392578125], [-1750.4368896484375], [1338.484130859375], [-1972.8037109375], [5814.71826171875], [-2352.608154296875], [-2360.885986328125], [-2601.1474609375], [-2306.621337890625], [4139.21826171875]], "Y": [[0], [0], [0], [0], [0], [0], [0], [0], [0], [0], [0], [0]]}