{"X": [[4363.25537109375], [4063.81201171875], [4355.31884765625], [4321.08837890625], [2583.044189453125], [4243.39111328125], [-6820.02978515625], [4396.0888671875], [4393.24951171875], [4387.33251953125], [4370.31591796875], [-7430.39208984375]], "Y": [[0], [0], [0], [0], [0], [0], [1], [0], [0], [0], [0], [1]]}