{"X": [[3834.584228515625], [3424.51513671875], [3711.28515625], [3569.09765625], [2072.06591796875], [3626.189453125], [-7163.89208984375], [3748.933837890625], [3749.31005859375], [3877.687744140625], [3723.556640625], [-9366.2744140625]], "Y": [[0], [0], [0], [0], [0], [0], [1], [0], [0], [0], [0], [1]]}