{"X": [[362.41314697265625], [740.2161254882812], [472.7837219238281], [735.1950073242188], [2026.357666015625], [590.5172119140625], [4430.4345703125], [439.0572509765625], [433.9320068359375], [343.1689147949219], [456.599853515625], [884.4912109375]], "Y": [[0], [0], [0], [0], [0], [0], [-1], [0], [0], [0], [0], [0]]}