{"X": [[-3023.956298828125], [-3286.6796875], [-3116.47021484375], [-3427.72412109375], [-3879.01806640625], [-3218.146484375], [-8860.62109375], [-3112.341552734375], [-3107.21630859375], [-3015.035400390625], [-3114.86474609375], [328.5189208984375]], "Y": [[0], [0], [0], [0], [0], [0], [-1], [0], [0], [0], [0], [0]]}