{"X": [[-1286.7713623046875], [-1477.6463623046875], [-1368.2313232421875], [-1500.5208740234375], [-2187.794189453125], [-1409.6063232421875], [1699.25341796875], [-1342.6358642578125], [-1337.7274169921875], [-1285.7850341796875], [-1350.7659912109375], [3764.822509765625]], "Y": [[0], [0], [0], [0], [0], [0], [1], [0], [0], [0], [0], [1]]}