{"X": [[-2482.70068359375], [-2196.56103515625], [-2394.6015625], [-2274.747314453125], [-1359.2200927734375], [-2351.6025390625], [7443.328125], [-2416.161865234375], [-2416.29833984375], [-2520.728271484375], [-2398.67333984375], [8537.40625]], "Y": [[0], [0], [0], [0], [0], [0], [1], [0], [0], [0], [0], [1]]}