{"X": [[-3140.780517578125], [-2348.69873046875], [-2870.2001953125], [-2453.57421875], [173.71958923339844], [-2644.08837890625], [2590.95654296875], [-2945.16552734375], [-2952.651123046875], [-3198.846923828125], [-2903.86962890625], [4583.1494140625]], "Y": [[0], [0], [0], [0], [0], [0], [0], [0], [0], [0], [0], [0]]}