{"X": [[-1897.9725341796875], [-1523.6026611328125], [-1669.443359375], [-1472.857666015625], [-988.1467895507812], [-1732.6724853515625], [-338.4474792480469], [-1694.189453125], [-1700.4088134765625], [-1970.119873046875], [-1673.599365234375], [9320.478515625]], "Y": [[0], [0], [0], [0], [0], [0], [0], [0], [0], [0], [0], [-1]]}