{"X": [[2453.235107421875], [2087.54931640625], [2421.966552734375], [2190.837158203125], [883.1847534179688], [2222.11376953125], [-8737.53125], [2438.786865234375], [2437.9638671875], [2484.5498046875], [2419.774169921875], [-6375.77490234375]], "Y": [[0], [0], [0], [0], [0], [0], [1], [0], [0], [0], [0], [1]]}