{"X": [[-4402.46826171875], [-3398.4501953125], [-4073.789794921875], [-3517.47314453125], [-363.38543701171875], [-3785.79150390625], [5909.81884765625], [-4157.6552734375], [-4166.29052734375], [-4488.75341796875], [-4105.21630859375], [9435.2236328125]], "Y": [[0], [0], [0], [0], [0], [0], [1], [0], [0], [0], [0], [1]]}