{"X": [[-3866.421875], [-3755.63818359375], [-3913.078369140625], [-4008.881591796875], [-2806.286376953125], [-3854.791748046875], [4993.9033203125], [-3940.096923828125], [-3935.3662109375], [-3869.607177734375], [-3924.34765625], [4922.4423828125]], "Y": [[0], [0], [0], [0], [0], [0], [1], [0], [0], [0], [0], [1]]}