{"X": [[-99.13972473144531], [151.3425750732422], [-65.89082336425781], [69.54486083984375], [1351.2967529296875], [95.28532409667969], [-2571.077392578125], [-100.98213195800781], [-103.42086791992188], [-91.04484558105469], [-87.79585266113281], [-6204.87060546875]], "Y": [[0], [0], [0], [0], [0], [0], [0], [0], [0], [0], [0], [-1]]}