{"X": [[-1503.4873046875], [-1474.990966796875], [-1482.40966796875], [-1482.21337890625], [-1633.30712890625], [-1512.529541015625], [3726.0224609375], [-1475.163330078125], [-1473.5081787109375], [-1527.052001953125], [-1472.77490234375], [6337.77099609375]], "Y": [[0], [0], [0], [0], [0], [0], [1], [0], [0], [0], [0], [1]]}