{"X": [[-5034.26806640625], [-4722.72802734375], [-4952.74951171875], [-4953.97900390625], [-3419.690673828125], [-4887.7236328125], [615.9523315429688], [-4996.65087890625], [-4995.61962890625], [-5063.0048828125], [-4970.91943359375], [6671.61962890625]], "Y": [[0], [0], [0], [0], [0], [0], [0], [0], [0], [0], [0], [-1]]}