{"X": [[-2289.15185546875], [-1408.8270263671875], [-2060.50390625], [-1541.6109619140625], [1680.629150390625], [-1705.3519287109375], [6724.84521484375], [-2141.6376953125], [-2148.834716796875], [-2332.27685546875], [-2098.0478515625], [1905.18994140625]], "Y": [[0], [0], [0], [0], [0], [0], [-1], [0], [0], [0], [0], [0]]}