{"X": [[696.6473999023438], [1216.0618896484375], [887.0089111328125], [1313.4957275390625], [2431.17529296875], [1062.4786376953125], [2082.889404296875], [861.178466796875], [853.449951171875], [655.15673828125], [879.7759399414062], [246.20919799804688]], "Y": [[0], [0], [0], [0], [0], [0], [0], [0], [0], [0], [0], [0]]}