{"X": [[2038.67529296875], [2109.24658203125], [2048.3359375], [2168.62548828125], [2402.319091796875], [2130.990478515625], [-1770.3511962890625], [2042.6480712890625], [2039.8006591796875], [2052.7060546875], [2041.732421875], [-6124.78759765625]], "Y": [[0], [0], [0], [0], [0], [0], [-1], [0], [0], [0], [0], [-1]]}