{"X": [[1537.6597900390625], [1352.606201171875], [1513.725341796875], [1396.805419921875], [842.1818237304688], [1422.5677490234375], [-5971.7734375], [1517.2149658203125], [1516.280517578125], [1557.190673828125], [1508.4102783203125], [-4801.54345703125]], "Y": [[0], [0], [0], [0], [0], [0], [1], [0], [0], [0], [0], [1]]}