{"X": [[-1385.584228515625], [-597.8692016601562], [-1206.2222900390625], [-714.098876953125], [2230.50048828125], [-867.990966796875], [5833.66650390625], [-1279.59033203125], [-1286.253173828125], [-1423.785888671875], [-1240.0849609375], [-14.817543029785156]], "Y": [[0], [0], [0], [0], [0], [0], [-1], [0], [0], [0], [0], [0]]}