{"X": [[-3431.4814453125], [-3001.62255859375], [-3295.5986328125], [-3076.048828125], [-1904.54296875], [-3182.06591796875], [4516.68701171875], [-3320.34326171875], [-3322.053955078125], [-3485.031005859375], [-3296.75927734375], [8985.2626953125]], "Y": [[0], [0], [0], [0], [0], [0], [1], [0], [0], [0], [0], [1]]}