{"X": [[3995.16259765625], [3437.11279296875], [3816.7724609375], [3521.7568359375], [2008.749755859375], [3665.9931640625], [-4403.1826171875], [3849.9638671875], [3852.85546875], [4062.41796875], [3819.9736328125], [-9752.1630859375]], "Y": [[0], [0], [0], [0], [0], [0], [-1], [0], [0], [0], [0], [-1]]}