{"X": [[4397.25927734375], [3982.270263671875], [4326.984375], [4199.94873046875], [2351.408447265625], [4198.98583984375], [-6883.900390625], [4371.21728515625], [4370.46533203125], [4437.2333984375], [4341.50537109375], [-8851.9375]], "Y": [[0], [0], [0], [0], [0], [0], [1], [0], [0], [0], [0], [1]]}