{"X": [[-182.0334014892578], [-237.3712615966797], [-215.9092559814453], [-235.9567108154297], [-463.81231689453125], [-231.24122619628906], [5542.65380859375], [-203.92864990234375], [-201.56570434570312], [-184.8299560546875], [-207.0345458984375], [3785.05810546875]], "Y": [[0], [0], [0], [0], [0], [0], [1], [0], [0], [0], [0], [1]]}