{"X": [[-5791.20458984375], [-4883.67529296875], [-5567.54052734375], [-5123.6298828125], [-1854.9830322265625], [-5265.51171875], [10478.4521484375], [-5646.10400390625], [-5649.470703125], [-5871.58203125], [-5593.9189453125], [11911.4287109375]], "Y": [[0], [0], [0], [0], [0], [0], [1], [0], [0], [0], [0], [1]]}