{"X": [[-4690.11962890625], [-4032.8076171875], [-4537.0869140625], [-4234.27734375], [-1724.6419677734375], [-4286.23046875], [8059.0419921875], [-4596.0595703125], [-4597.4853515625], [-4738.0234375], [-4558.544921875], [8237.2705078125]], "Y": [[0], [0], [0], [0], [0], [0], [1], [0], [0], [0], [0], [1]]}