{"X": [[2286.15478515625], [2129.4306640625], [2250.972900390625], [2214.810302734375], [1640.6417236328125], [2232.482177734375], [-4735.333984375], [2262.058349609375], [2261.123291015625], [2311.426025390625], [2250.305419921875], [-6770.0966796875]], "Y": [[0], [0], [0], [0], [0], [0], [1], [0], [0], [0], [0], [1]]}