{"X": [[-4846.7490234375], [-4601.0751953125], [-4819.611328125], [-4866.92138671875], [-3289.570068359375], [-4749.1953125], [2042.099853515625], [-4863.0009765625], [-4860.44580078125], [-4864.31640625], [-4838.93701171875], [6071.3544921875]], "Y": [[0], [0], [0], [0], [0], [0], [1], [0], [0], [0], [0], [1]]}