{"X": [[5109.6748046875], [3679.50927734375], [4597.5361328125], [3760.130859375], [-310.1201477050781], [4196.1396484375], [-5096.66552734375], [4705.8798828125], [4720.43603515625], [5234.63818359375], [4636.50634765625], [-10922.0771484375]], "Y": [[0], [0], [0], [0], [0], [0], [0], [0], [0], [0], [0], [0]]}