{"X": [[8468.609375], [7674.6904296875], [8250.671875], [8072.53515625], [4569.1875], [8032.498046875], [1527.8009033203125], [8353.677734375], [8355.8720703125], [8532.4306640625], [8296.6533203125], [-8831.0078125]], "Y": [[0], [0], [0], [0], [0], [0], [0], [0], [0], [0], [0], [-1]]}