{"X": [[2694.05322265625], [2462.5966796875], [2642.275634765625], [2583.572021484375], [1592.87646484375], [2591.53857421875], [-5586.66015625], [2665.86669921875], [2665.115234375], [2718.1376953125], [2649.609619140625], [-6540.02197265625]], "Y": [[0], [0], [0], [0], [0], [0], [1], [0], [0], [0], [0], [1]]}