{"X": [[1961.5504150390625], [2011.7393798828125], [1923.64306640625], [2015.52490234375], [2488.947265625], [2015.4635009765625], [3396.0380859375], [1916.0223388671875], [1915.03515625], [1982.4085693359375], [1915.8011474609375], [-4401.23193359375]], "Y": [[0], [0], [0], [0], [0], [0], [0], [0], [0], [0], [0], [-1]]}