{"X": [[2525.77099609375], [2859.96923828125], [2621.07861328125], [2984.748291015625], [3692.17919921875], [2788.259521484375], [3757.639404296875], [2608.80810546875], [2602.97607421875], [2510.685302734375], [2616.6259765625], [-3083.836181640625]], "Y": [[0], [0], [0], [0], [0], [0], [0], [0], [0], [0], [0], [-1]]}