{"X": [[4729.04150390625], [4440.8271484375], [4641.4931640625], [4624.57275390625], [3420.92138671875], [4593.71044921875], [401.7170715332031], [4675.48876953125], [4675.07373046875], [4765.4169921875], [4652.24072265625], [-7387.27294921875]], "Y": [[0], [0], [0], [0], [0], [0], [0], [0], [0], [0], [0], [-1]]}