{"X": [[-399.34197998046875], [-1064.4847412109375], [-620.598876953125], [-1118.137939453125], [-2932.78662109375], [-829.80029296875], [-5684.7373046875], [-575.6680908203125], [-566.528076171875], [-351.0570068359375], [-603.4791259765625], [-2585.048095703125]], "Y": [[0], [0], [0], [0], [0], [0], [-1], [0], [0], [0], [0], [0]]}