{"X": [[5562.611328125], [4993.56298828125], [5361.27001953125], [5168.58349609375], [3291.2529296875], [5261.94482421875], [-4895.982421875], [5411.591796875], [5413.60693359375], [5628.39599609375], [5376.32275390625], [-12246.23046875]], "Y": [[0], [0], [0], [0], [0], [0], [-1], [0], [0], [0], [0], [-1]]}