{"X": [[1168.199951171875], [1442.0865478515625], [1244.43115234375], [1494.5264892578125], [2255.087158203125], [1384.1435546875], [1421.8133544921875], [1227.7855224609375], [1223.53662109375], [1160.1568603515625], [1236.38037109375], [-2409.5556640625]], "Y": [[0], [0], [0], [0], [0], [0], [0], [0], [0], [0], [0], [-1]]}