{"X": [[-3497.861572265625], [-2590.719970703125], [-3178.353759765625], [-2662.39453125], [43.29291534423828], [-2924.577392578125], [3413.158935546875], [-3252.671630859375], [-3261.45947265625], [-3575.474365234375], [-3207.3408203125], [6878.98681640625]], "Y": [[0], [0], [0], [0], [0], [0], [0], [0], [0], [0], [0], [0]]}