{"X": [[-3927.958740234375], [-3337.69970703125], [-3741.925048828125], [-3440.884521484375], [-1669.1009521484375], [-3593.73486328125], [8371.8955078125], [-3783.287109375], [-3785.941650390625], [-3992.71044921875], [-3751.22705078125], [11183.2001953125]], "Y": [[0], [0], [0], [0], [0], [0], [1], [0], [0], [0], [0], [1]]}