{"X": [[-3943.833984375], [-3502.791748046875], [-3798.090087890625], [-3634.5703125], [-2165.759765625], [-3724.66357421875], [6562.0], [-3836.644287109375], [-3837.73486328125], [-3997.0302734375], [-3809.3095703125], [10156.0068359375]], "Y": [[0], [0], [0], [0], [0], [0], [1], [0], [0], [0], [0], [1]]}