{"X": [[2200.373046875], [1992.6884765625], [2125.47412109375], [2037.6817626953125], [1515.1334228515625], [2123.388671875], [-6049.44384765625], [2137.46923828125], [2137.51220703125], [2239.2236328125], [2124.049072265625], [-8767.3095703125]], "Y": [[0], [0], [0], [0], [0], [0], [1], [0], [0], [0], [0], [1]]}