{"X": [[6090.46044921875], [5161.19189453125], [5820.4609375], [5386.177734375], [2120.095458984375], [5531.275390625], [-8875.0576171875], [5903.49755859375], [5907.8134765625], [6168.0654296875], [5851.140625], [-12015.2978515625]], "Y": [[0], [0], [0], [0], [0], [0], [1], [0], [0], [0], [0], [1]]}