{"X": [[2032.1435546875], [2271.68359375], [2164.71240234375], [2423.99365234375], [2603.961669921875], [2253.622802734375], [-891.0234985351562], [2160.43115234375], [2154.387939453125], [2021.07080078125], [2162.20751953125], [-3107.96533203125]], "Y": [[0], [0], [0], [0], [0], [0], [-1], [0], [0], [0], [0], [-1]]}