{"X": [[-2227.08056640625], [-1573.18505859375], [-2028.1243896484375], [-1658.65673828125], [550.47216796875], [-1797.426025390625], [1401.1358642578125], [-2087.49267578125], [-2093.574951171875], [-2269.83984375], [-2054.146484375], [1957.6571044921875]], "Y": [[0], [0], [0], [0], [1], [0], [1], [0], [0], [0], [0], [1]]}