{"X": [[-3812.26220703125], [-3176.80029296875], [-3565.67626953125], [-3235.55126953125], [-1551.209716796875], [-3442.08251953125], [7320.51708984375], [-3609.461669921875], [-3613.790283203125], [-3884.387451171875], [-3576.915771484375], [11772.2265625]], "Y": [[0], [0], [0], [0], [0], [0], [1], [0], [0], [0], [0], [1]]}