{"X": [[-3072.376220703125], [-2849.602783203125], [-2955.013671875], [-2909.2080078125], [-2369.8349609375], [-2956.42724609375], [223.32411193847656], [-2972.05224609375], [-2973.02099609375], [-3107.2548828125], [-2957.968505859375], [6832.37451171875]], "Y": [[0], [0], [0], [0], [0], [0], [0], [0], [0], [0], [0], [-1]]}