{"X": [[2399.78857421875], [1467.6668701171875], [2097.196044921875], [1495.9339599609375], [-1171.8658447265625], [1786.9254150390625], [-5035.62646484375], [2162.25537109375], [2171.73681640625], [2474.21826171875], [2119.35986328125], [-5584.55859375]], "Y": [[0], [0], [0], [0], [0], [0], [1], [0], [0], [0], [0], [1]]}