{"X": [[7170.353515625], [6310.36669921875], [6914.4326171875], [6575.435546875], [3464.205322265625], [6630.3671875], [1732.38671875], [6999.0302734375], [7003.17138671875], [7243.0029296875], [6946.912109375], [-7395.13623046875]], "Y": [[0], [0], [0], [0], [0], [0], [0], [0], [0], [0], [0], [-1]]}