{"X": [[1313.951416015625], [1556.67578125], [1417.3326416015625], [1651.0811767578125], [2066.023681640625], [1514.358642578125], [-2179.55810546875], [1406.291748046875], [1400.935546875], [1300.7122802734375], [1412.4439697265625], [-3192.738525390625]], "Y": [[0], [0], [0], [0], [0], [0], [1], [0], [0], [0], [0], [1]]}