{"X": [[1646.235107421875], [1778.136474609375], [1703.8773193359375], [1848.075439453125], [2142.516845703125], [1750.92724609375], [819.1774291992188], [1693.591796875], [1690.133544921875], [1644.92626953125], [1696.037841796875], [-2635.261474609375]], "Y": [[0], [0], [0], [0], [0], [0], [0], [0], [0], [0], [0], [-1]]}