{"X": [[4970.5556640625], [4251.6826171875], [4755.00244140625], [4420.2548828125], [2009.9652099609375], [4546.38232421875], [-7327.3056640625], [4814.529296875], [4817.6611328125], [5037.23974609375], [4774.39013671875], [-10475.025390625]], "Y": [[0], [0], [0], [0], [0], [0], [1], [0], [0], [0], [0], [1]]}