{"X": [[1287.9559326171875], [1385.149169921875], [1328.274169921875], [1453.3509521484375], [1590.4970703125], [1413.2857666015625], [-4926.2861328125], [1324.6519775390625], [1321.245361328125], [1293.7882080078125], [1324.7005615234375], [-5509.935546875]], "Y": [[0], [0], [0], [0], [0], [0], [1], [0], [0], [0], [0], [1]]}