{"X": [[6861.3515625], [5601.70068359375], [6447.14990234375], [5816.08056640625], [1746.405029296875], [6117.22802734375], [-8567.869140625], [6556.31640625], [6565.578125], [6977.03857421875], [6487.36474609375], [-14697.322265625]], "Y": [[0], [0], [0], [0], [0], [0], [1], [0], [0], [0], [0], [1]]}