{"X": [[-12.60425090789795], [102.9166259765625], [-34.883304595947266], [50.31173324584961], [740.3310546875], [52.50996017456055], [7830.1689453125], [-45.200382232666016], [-44.21353530883789], [-9.655306816101074], [-39.42757034301758], [1785.980712890625]], "Y": [[0], [0], [0], [0], [0], [0], [-1], [0], [0], [0], [0], [0]]}