{"X": [[3980.2490234375], [3578.943359375], [3836.322021484375], [3726.1181640625], [2240.618408203125], [3788.855224609375], [-3005.49169921875], [3882.239501953125], [3883.79150390625], [4026.947265625], [3854.7421875], [-8462.8515625]], "Y": [[0], [0], [0], [0], [0], [0], [-1], [0], [0], [0], [0], [-1]]}