{"X": [[-3067.169921875], [-1743.16357421875], [-2675.378662109375], [-1866.4024658203125], [2515.548095703125], [-2207.042724609375], [10008.755859375], [-2786.610595703125], [-2798.9599609375], [-3151.01171875], [-2723.174072265625], [5282.28857421875]], "Y": [[0], [0], [0], [0], [0], [0], [0], [0], [0], [0], [0], [0]]}