{"X": [[-7917.9248046875], [-7191.5791015625], [-7761.826171875], [-7574.44970703125], [-4229.67236328125], [-7482.41748046875], [-3309.670166015625], [-7856.509765625], [-7857.400390625], [-7969.19921875], [-7803.7939453125], [5530.9697265625]], "Y": [[0], [0], [0], [0], [0], [0], [0], [0], [0], [0], [0], [-1]]}