{"X": [[-1344.827392578125], [-439.5899353027344], [-1041.041259765625], [-428.87127685546875], [2137.192626953125], [-713.7354125976562], [4141.97705078125], [-1103.806884765625], [-1114.0472412109375], [-1404.0426025390625], [-1065.5843505859375], [2460.764404296875]], "Y": [[0], [0], [0], [0], [1], [0], [1], [0], [0], [0], [0], [1]]}