{"X": [[5451.6826171875], [4688.35693359375], [5279.43212890625], [4921.82958984375], [2041.2852783203125], [4991.4130859375], [-9439.185546875], [5345.97265625], [5347.53564453125], [5511.48095703125], [5302.029296875], [-9611.0859375]], "Y": [[0], [0], [0], [0], [0], [0], [1], [0], [0], [0], [0], [1]]}