{"X": [[744.0916748046875], [1066.126708984375], [873.0160522460938], [1103.761962890625], [2050.985107421875], [991.1488647460938], [-246.82518005371094], [844.2691650390625], [839.0028686523438], [735.49560546875], [855.5620727539062], [-2989.870849609375]], "Y": [[0], [0], [0], [0], [0], [0], [0], [0], [0], [0], [0], [-1]]}