{"X": [[3790.03466796875], [2636.46044921875], [3405.26123046875], [2743.20654296875], [-905.1495361328125], [3049.491943359375], [-5171.27783203125], [3503.63232421875], [3514.90869140625], [3875.211669921875], [3446.633544921875], [-6625.31591796875]], "Y": [[0], [0], [0], [0], [0], [0], [1], [0], [0], [0], [0], [1]]}