{"X": [[-2974.367431640625], [-2108.32763671875], [-2677.103759765625], [-2212.03564453125], [651.5275268554688], [-2433.118896484375], [1382.607177734375], [-2761.59716796875], [-2770.4404296875], [-3039.10986328125], [-2716.1357421875], [3536.132568359375]], "Y": [[0], [0], [0], [0], [1], [0], [1], [0], [0], [0], [0], [1]]}