{"X": [[539.0047607421875], [645.1497192382812], [566.5634765625], [645.624267578125], [1116.3294677734375], [611.4998168945312], [-149.33651733398438], [551.239501953125], [549.1499633789062], [540.3976440429688], [556.4108276367188], [-1716.8863525390625]], "Y": [[0], [0], [0], [0], [0], [0], [0], [0], [0], [0], [0], [-1]]}