{"X": [[3040.3681640625], [2159.733642578125], [2797.224853515625], [2315.275146484375], [-897.1229858398438], [2486.655029296875], [-5472.3330078125], [2882.189453125], [2889.377685546875], [3093.858642578125], [2835.60986328125], [-3448.828857421875]], "Y": [[0], [0], [0], [0], [0], [0], [0], [0], [0], [0], [0], [0]]}