{"X": [[-2281.08544921875], [-2281.736328125], [-2362.7666015625], [-2486.874755859375], [-1619.1845703125], [-2302.205078125], [-1779.2010498046875], [-2385.24755859375], [-2381.783935546875], [-2264.2255859375], [-2376.423583984375], [-1824.95556640625]], "Y": [[0], [0], [0], [0], [1], [0], [1], [0], [0], [0], [0], [1]]}