{"X": [[2291.137939453125], [2323.97900390625], [2292.54052734375], [2403.57177734375], [2456.9072265625], [2354.148193359375], [-919.2946166992188], [2291.1083984375], [2288.58984375], [2304.188232421875], [2288.130859375], [-5414.89013671875]], "Y": [[0], [0], [0], [0], [0], [0], [-1], [0], [0], [0], [0], [-1]]}