{"X": [[-993.6217651367188], [-460.518310546875], [-850.0149536132812], [-519.6632080078125], [1398.108642578125], [-607.9503784179688], [557.0049438476562], [-899.501220703125], [-904.7546997070312], [-1012.7949829101562], [-874.5841064453125], [-1998.3203125]], "Y": [[0], [0], [0], [0], [0], [0], [0], [0], [0], [0], [0], [0]]}