{"X": [[3374.683837890625], [3122.688232421875], [3258.167724609375], [3215.084228515625], [2455.287841796875], [3273.21728515625], [-813.853271484375], [3284.913330078125], [3285.871826171875], [3417.930419921875], [3265.995849609375], [-8016.16455078125]], "Y": [[0], [0], [0], [0], [0], [0], [0], [0], [0], [0], [0], [-1]]}