{"X": [[5360.5966796875], [4311.9345703125], [4910.76708984375], [4352.10595703125], [1784.9886474609375], [4760.9775390625], [-4059.978759765625], [4985.91015625], [4997.18212890625], [5486.36328125], [4931.86279296875], [-15957.6064453125]], "Y": [[0], [0], [0], [0], [0], [0], [0], [0], [0], [0], [0], [-1]]}