{"X": [[-380.7569274902344], [-640.091064453125], [-444.0473937988281], [-598.7280883789062], [-1783.3902587890625], [-561.2002563476562], [-708.5346069335938], [-407.529541015625], [-404.36199951171875], [-381.3883056640625], [-420.6117858886719], [3184.27783203125]], "Y": [[0], [0], [0], [0], [0], [0], [0], [0], [0], [0], [0], [-1]]}