{"X": [[4328.8291015625], [3190.843994140625], [3976.749755859375], [3360.803955078125], [-515.6266479492188], [3609.342529296875], [-4647.3095703125], [4082.08154296875], [4092.11376953125], [4408.9697265625], [4022.390380859375], [-5927.390625]], "Y": [[0], [0], [0], [0], [0], [0], [1], [0], [0], [0], [0], [1]]}