{"X": [[6046.0078125], [5738.60791015625], [6023.64208984375], [6076.7255859375], [4087.9013671875], [5928.9296875], [-692.9960327148438], [6079.375], [6076.3271484375], [6071.703125], [6047.8369140625], [-6542.98681640625]], "Y": [[0], [0], [0], [0], [0], [0], [-1], [0], [0], [0], [0], [-1]]}