{"X": [[1948.5797119140625], [1470.2518310546875], [1783.9327392578125], [1595.3326416015625], [-403.9340515136719], [1657.13330078125], [144.36582946777344], [1849.0833740234375], [1853.83447265625], [1969.5675048828125], [1821.1131591796875], [-265.65142822265625]], "Y": [[0], [0], [0], [0], [1], [0], [1], [0], [0], [0], [0], [1]]}