{"X": [[-6164.28466796875], [-5589.24560546875], [-6062.01123046875], [-5889.76806640625], [-3327.568359375], [-5866.90478515625], [6272.03564453125], [-6124.04541015625], [-6123.49560546875], [-6213.77197265625], [-6083.38916015625], [9946.14453125]], "Y": [[0], [0], [0], [0], [0], [0], [1], [0], [0], [0], [0], [1]]}