{"X": [[1727.173828125], [885.4528198242188], [1478.5465087890625], [956.9945678710938], [-1856.0167236328125], [1171.3577880859375], [-2798.47314453125], [1554.0089111328125], [1562.7467041015625], [1779.7633056640625], [1512.4420166015625], [-1332.84228515625]], "Y": [[0], [0], [0], [0], [1], [0], [1], [0], [0], [0], [0], [1]]}