{"X": [[-5651.22314453125], [-4782.06787109375], [-5463.78564453125], [-5039.0263671875], [-1756.029296875], [-5150.76416015625], [12283.1103515625], [-5538.6865234375], [-5541.12451171875], [-5722.0146484375], [-5488.23486328125], [11878.3388671875]], "Y": [[0], [0], [0], [0], [0], [0], [1], [0], [0], [0], [0], [1]]}