{"X": [[1367.4219970703125], [816.0597534179688], [1184.9150390625], [873.913818359375], [-1003.117431640625], [995.8663330078125], [478.9742736816406], [1239.108154296875], [1245.2861328125], [1398.160888671875], [1211.6817626953125], [172.08480834960938]], "Y": [[0], [0], [0], [0], [-1], [0], [0], [0], [0], [0], [0], [0]]}