{"X": [[7107.37353515625], [6105.59375], [6826.64794921875], [6381.716796875], [2738.933837890625], [6505.31787109375], [-5642.64990234375], [6921.578125], [6926.28369140625], [7191.06201171875], [6862.6767578125], [-11043.150390625]], "Y": [[0], [0], [0], [0], [0], [0], [1], [0], [0], [0], [0], [1]]}