{"X": [[-1939.8089599609375], [-1224.8404541015625], [-1722.1578369140625], [-1295.01025390625], [1057.8599853515625], [-1466.09716796875], [1818.79833984375], [-1784.592041015625], [-1791.77685546875], [-1986.420654296875], [-1749.09765625], [1861.236572265625]], "Y": [[0], [0], [0], [0], [1], [0], [1], [0], [0], [0], [0], [1]]}