{"X": [[-3708.375732421875], [-3448.328369140625], [-3616.241455078125], [-3559.103515625], [-2716.748779296875], [-3587.578125], [3642.561279296875], [-3637.4951171875], [-3637.10791015625], [-3747.43115234375], [-3619.447265625], [9173.078125]], "Y": [[0], [0], [0], [0], [0], [0], [-1], [0], [0], [0], [0], [-1]]}