{"X": [[1473.7122802734375], [1392.9970703125], [1494.64453125], [1479.1689453125], [991.2531127929688], [1457.55419921875], [-6169.73583984375], [1500.2738037109375], [1498.05029296875], [1484.6373291015625], [1493.152587890625], [-4802.859375]], "Y": [[0], [0], [0], [0], [0], [0], [1], [0], [0], [0], [0], [1]]}