{"X": [[2263.385986328125], [2452.13916015625], [2315.816162109375], [2557.1435546875], [2874.751220703125], [2424.9765625], [3324.142578125], [2314.890380859375], [2310.974853515625], [2260.21240234375], [2316.262451171875], [-2817.813232421875]], "Y": [[0], [0], [0], [0], [0], [0], [0], [0], [0], [0], [0], [-1]]}