{"X": [[-203.5298309326172], [-685.2589721679688], [-371.6163330078125], [-724.8598022460938], [-2072.492431640625], [-548.974853515625], [66.46905517578125], [-333.8951416015625], [-327.00439453125], [-174.26165771484375], [-353.94866943359375], [1078.6932373046875]], "Y": [[0], [0], [0], [0], [-1], [0], [0], [0], [0], [0], [0], [0]]}