{"X": [[-3214.483642578125], [-3019.623779296875], [-3207.385009765625], [-3214.309814453125], [-1984.5401611328125], [-3150.881591796875], [4860.20361328125], [-3239.15576171875], [-3236.875732421875], [-3231.3203125], [-3220.70703125], [5535.9580078125]], "Y": [[0], [0], [0], [0], [0], [0], [1], [0], [0], [0], [0], [1]]}