{"X": [[4276.38720703125], [4376.98681640625], [4380.57958984375], [4647.416015625], [4027.072265625], [4426.25], [-599.7140502929688], [4401.10693359375], [4394.37646484375], [4275.07470703125], [4390.4189453125], [-5332.3984375]], "Y": [[0], [0], [0], [0], [0], [0], [-1], [0], [0], [0], [0], [-1]]}