{"X": [[290.3456115722656], [697.8919677734375], [422.63519287109375], [688.7130737304688], [2062.10009765625], [530.7794189453125], [2461.467041015625], [383.35406494140625], [377.1914978027344], [267.1692810058594], [403.27752685546875], [418.8641662597656]], "Y": [[0], [0], [0], [0], [1], [0], [1], [0], [0], [0], [0], [0]]}