{"X": [[-5253.6611328125], [-4597.57763671875], [-5058.58544921875], [-4801.60791015625], [-2414.872802734375], [-4892.2060546875], [7590.326171875], [-5120.3671875], [-5122.462890625], [-5314.748046875], [-5080.9326171875], [10862.3515625]], "Y": [[0], [0], [0], [0], [0], [0], [1], [0], [0], [0], [0], [1]]}