{"X": [[3419.558837890625], [2728.682373046875], [3175.02685546875], [2771.478759765625], [961.2606811523438], [2982.5], [1813.0968017578125], [3224.1953125], [3230.986083984375], [3496.763916015625], [3188.021240234375], [-5837.48486328125]], "Y": [[0], [0], [0], [0], [0], [0], [0], [0], [0], [0], [0], [-1]]}