{"X": [[6586.42333984375], [5659.09033203125], [6331.22705078125], [5908.4833984375], [2688.286865234375], [6062.76611328125], [-7612.2607421875], [6410.994140625], [6415.1767578125], [6676.896484375], [6356.30810546875], [-12917.2265625]], "Y": [[0], [0], [0], [0], [0], [0], [1], [0], [0], [0], [0], [1]]}