{"X": [[1030.9345703125], [360.21649169921875], [839.9248657226562], [419.1462707519531], [-1858.271728515625], [632.1697998046875], [-6668.4970703125], [897.65673828125], [905.0576171875], [1075.28564453125], [863.94580078125], [-4132.53662109375]], "Y": [[0], [0], [0], [0], [0], [0], [0], [0], [0], [0], [0], [0]]}