{"X": [[-1388.66064453125], [-1603.5927734375], [-1468.6973876953125], [-1682.27734375], [-2152.863037109375], [-1572.0316162109375], [-195.0804901123047], [-1456.8787841796875], [-1452.659423828125], [-1382.6395263671875], [-1461.866455078125], [2664.085693359375]], "Y": [[0], [0], [0], [0], [0], [0], [0], [0], [0], [0], [0], [-1]]}