{"X": [[7333.14501953125], [6322.1552734375], [7033.830078125], [6636.2939453125], [2757.38671875], [6745.5224609375], [-4985.705078125], [7143.59326171875], [7148.62890625], [7414.70947265625], [7081.216796875], [-11116.4453125]], "Y": [[0], [0], [0], [0], [0], [0], [1], [0], [0], [0], [0], [1]]}