{"X": [[3410.541748046875], [3222.619384765625], [3365.743408203125], [3317.21044921875], [2802.084716796875], [3332.970947265625], [-2567.27734375], [3372.439208984375], [3371.22021484375], [3448.68310546875], [3358.39599609375], [-8165.06005859375]], "Y": [[0], [0], [0], [0], [0], [0], [-1], [0], [0], [0], [0], [-1]]}