{"X": [[1650.919677734375], [1365.0806884765625], [1479.2574462890625], [1303.45751953125], [1081.783203125], [1501.67431640625], [-4737.65966796875], [1486.5244140625], [1489.588134765625], [1704.9124755859375], [1474.4581298828125], [-9625.271484375]], "Y": [[0], [0], [0], [0], [0], [0], [-1], [0], [0], [0], [0], [-1]]}