{"X": [[-5169.25830078125], [-5003.77587890625], [-5128.1318359375], [-5233.6767578125], [-4160.05078125], [-5092.35791015625], [-6570.73486328125], [-5164.97119140625], [-5162.880859375], [-5188.572265625], [-5144.68359375], [3132.956298828125]], "Y": [[0], [0], [0], [0], [0], [0], [0], [0], [0], [0], [0], [-1]]}