{"X": [[70.6160888671875], [365.57745361328125], [162.63186645507812], [334.4717712402344], [1481.6611328125], [299.1768493652344], [-3270.636474609375], [129.87045288085938], [125.2982177734375], [71.48403930664062], [142.7830810546875], [-4833.880859375]], "Y": [[0], [0], [0], [0], [0], [0], [1], [0], [0], [0], [0], [1]]}