{"X": [[2889.686279296875], [2650.762451171875], [2814.08984375], [2768.459228515625], [1804.233154296875], [2784.547607421875], [-1135.5279541015625], [2844.154541015625], [2844.431396484375], [2920.1806640625], [2825.790283203125], [-5159.06298828125]], "Y": [[0], [0], [0], [0], [0], [0], [0], [0], [0], [0], [0], [-1]]}