{"X": [[622.5413818359375], [331.7536315917969], [545.6802368164062], [347.4781494140625], [-596.9447631835938], [385.35589599609375], [3219.743896484375], [568.65966796875], [572.0750122070312], [632.9380493164062], [555.7601928710938], [2444.876220703125]], "Y": [[0], [0], [0], [0], [0], [0], [1], [0], [0], [0], [0], [1]]}