{"X": [[-5472.5654296875], [-4900.3935546875], [-5284.29052734375], [-5113.73486328125], [-2926.8095703125], [-5142.6044921875], [1212.531494140625], [-5346.91064453125], [-5349.095703125], [-5521.57080078125], [-5310.28466796875], [7627.88623046875]], "Y": [[0], [0], [0], [0], [0], [0], [0], [0], [0], [0], [0], [-1]]}