{"X": [[-6564.4267578125], [-5690.0849609375], [-6371.34033203125], [-6021.1923828125], [-2434.8310546875], [-6088.0859375], [10262.91796875], [-6461.15625], [-6463.255859375], [-6634.31298828125], [-6405.93408203125], [11557.8740234375]], "Y": [[0], [0], [0], [0], [0], [0], [1], [0], [0], [0], [0], [1]]}