{"X": [[3402.441162109375], [3233.92431640625], [3366.819580078125], [3374.45703125], [2572.4130859375], [3304.56396484375], [722.2299194335938], [3388.664794921875], [3386.86572265625], [3421.533935546875], [3374.473876953125], [-3659.11669921875]], "Y": [[0], [0], [0], [0], [0], [0], [0], [0], [0], [0], [0], [-1]]}