{"X": [[4352.81591796875], [3942.485107421875], [4215.57666015625], [4095.9052734375], [2621.44482421875], [4135.57861328125], [-1846.7666015625], [4257.64501953125], [4258.84130859375], [4399.26953125], [4230.29833984375], [-8014.9609375]], "Y": [[0], [0], [0], [0], [0], [0], [0], [0], [0], [0], [0], [-1]]}