{"X": [[4896.65380859375], [4353.701171875], [4757.3984375], [4545.693359375], [2529.8251953125], [4617.5478515625], [-8553.001953125], [4805.7978515625], [4806.55859375], [4953.17626953125], [4771.36328125], [-11761.150390625]], "Y": [[0], [0], [0], [0], [0], [0], [1], [0], [0], [0], [0], [1]]}