{"X": [[3998.294677734375], [2907.266845703125], [3637.452392578125], [2996.969970703125], [-279.99859619140625], [3282.315673828125], [-2947.23583984375], [3721.70361328125], [3732.1875], [4084.601318359375], [3668.36328125], [-6432.20947265625]], "Y": [[0], [0], [0], [0], [0], [0], [0], [0], [0], [0], [0], [0]]}