{"X": [[-4060.34130859375], [-4271.85693359375], [-4165.13427734375], [-4510.1328125], [-4356.36865234375], [-4236.66259765625], [-6810.0849609375], [-4177.3212890625], [-4170.9443359375], [-4043.5517578125], [-4173.900390625], [601.516357421875]], "Y": [[0], [0], [0], [0], [0], [0], [0], [0], [0], [0], [0], [-1]]}