{"X": [[3462.8955078125], [2993.836181640625], [3365.66015625], [3152.554443359375], [1311.9022216796875], [3188.028076171875], [-5820.8818359375], [3408.433837890625], [3409.24072265625], [3500.097412109375], [3380.337158203125], [-6036.6806640625]], "Y": [[0], [0], [0], [0], [0], [0], [1], [0], [0], [0], [0], [1]]}