{"X": [[-5585.89111328125], [-4844.32958984375], [-5330.220703125], [-5033.2197265625], [-2490.78662109375], [-5165.494140625], [3639.49560546875], [-5403.04443359375], [-5407.560546875], [-5658.02392578125], [-5358.48876953125], [10727.74609375]], "Y": [[0], [0], [0], [0], [0], [0], [-1], [0], [0], [0], [0], [-1]]}