{"X": [[3904.99755859375], [3499.30029296875], [3797.00927734375], [3662.598876953125], [2082.249755859375], [3714.879150390625], [-6850.30908203125], [3838.030517578125], [3838.36962890625], [3950.241943359375], [3810.5537109375], [-9627.2685546875]], "Y": [[0], [0], [0], [0], [0], [0], [1], [0], [0], [0], [0], [1]]}