{"X": [[0.0037285538855940104], [0.0034004440531134605], [0.003655238775536418], [0.0032663471065461636], [0.0013287632027640939], [0.0035116616636514664], [-0.009737315587699413], [0.0037402331363409758], [0.0037441952154040337], [0.0037355029489845037], [0.003705669892951846], [-0.010967251844704151]], "Y": [[0], [0], [0], [0], [0], [0], [1], [0], [0], [0], [0], [1]]}