{"X": [[0.0009876074036583304], [0.0007816136348992586], [0.0009546267683617771], [0.0008729166002012789], [-0.00024208672402892262], [0.0008634775294922292], [-0.00012153599527664483], [0.0009871379006654024], [0.000985478051006794], [0.0009980124887079], [0.0009658345952630043], [0.00587836280465126]], "Y": [[0], [0], [0], [0], [0], [0], [0], [0], [0], [0], [0], [-1]]}