{"X": [[-0.02840493805706501], [-0.028064090758562088], [-0.028433900326490402], [-0.027697622776031494], [-0.024706708267331123], [-0.028201999142766], [0.019979381933808327], [-0.02855965495109558], [-0.028557946905493736], [-0.028376396745443344], [-0.028512855991721153], [0.018615135923027992]], "Y": [[0], [0], [0], [0], [0], [0], [1], [0], [0], [0], [0], [1]]}