{"X": [[-0.0008808457059785724], [-0.0011696267174556851], [-0.0009045771439559758], [-0.0010885399533435702], [-0.0027996639255434275], [-0.0010633306810632348], [-0.013095540925860405], [-0.0008541026618331671], [-0.0008569468627683818], [-0.0008710924885235727], [-0.0008849254227243364], [-0.013426950201392174]], "Y": [[0], [0], [0], [0], [0], [0], [1], [0], [0], [0], [0], [1]]}