{"X": [[-0.00831900630146265], [-0.008438469842076302], [-0.00836310163140297], [-0.008556638844311237], [-0.009364314377307892], [-0.00841398723423481], [-0.012260781601071358], [-0.008323263376951218], [-0.008320833556354046], [-0.008322970010340214], [-0.008334287442266941], [-0.013453000225126743]], "Y": [[0], [0], [0], [0], [0], [0], [1], [0], [0], [0], [0], [1]]}