{"X": [[-0.02169446460902691], [-0.021494630724191666], [-0.02163124270737171], [-0.021473592147231102], [-0.020283281803131104], [-0.0215467419475317], [-0.009889363311231136], [-0.0216748658567667], [-0.021675046533346176], [-0.021703733131289482], [-0.021654397249221802], [-0.0029227936174720526]], "Y": [[0], [0], [0], [0], [0], [0], [-1], [0], [0], [0], [0], [-1]]}