{"X": [[-0.00946330651640892], [-0.00972562376409769], [-0.009480234235525131], [-0.009558741003274918], [-0.010962918400764465], [-0.009623163379728794], [-0.020535940304398537], [-0.009447840042412281], [-0.00945205893367529], [-0.009443315677344799], [-0.0094750439748168], [-0.014761676080524921]], "Y": [[0], [0], [0], [0], [0], [0], [-1], [0], [0], [0], [0], [0]]}