{"X": [[0.007666780613362789], [0.007493239361792803], [0.007569805718958378], [0.007625616155564785], [0.007132669910788536], [0.0074855973944067955], [0.014860216528177261], [0.007580796256661415], [0.0075795575976371765], [0.007683335803449154], [0.007571670226752758], [0.011022764258086681]], "Y": [[0], [0], [0], [0], [0], [0], [-1], [0], [0], [0], [0], [-1]]}