{"X": [[-0.044475775212049484], [-0.03858565539121628], [-0.0412910170853138], [-0.033128295093774796], [0.0023034100886434317], [-0.03835645318031311], [0.0641903430223465], [-0.04340723901987076], [-0.04359903931617737], [-0.04461568593978882], [-0.04273126646876335], [0.6066558957099915]], "Y": [[0], [0], [0], [0], [0], [0], [0], [0], [0], [0], [0], [-1]]}