{"X": [[0.035369351506233215], [0.06576518714427948], [0.03347909450531006], [0.060731273144483566], [0.28937631845474243], [0.04824087396264076], [1.6769124269485474], [0.024266980588436127], [0.0244013499468565], [0.03414277359843254], [0.028561007231473923], [0.856502115726471]], "Y": [[0], [0], [0], [0], [0], [0], [-1], [0], [0], [0], [0], [0]]}