{"X": [[0.038467373698949814], [0.03303869441151619], [0.030292019248008728], [0.02453015372157097], [0.12557782232761383], [0.029776329174637794], [1.1357383728027344], [0.02493731491267681], [0.025517381727695465], [0.040437210351228714], [0.026439616456627846], [0.6101337671279907]], "Y": [[0], [0], [0], [0], [0], [0], [-1], [0], [0], [0], [0], [-1]]}