{"X": [[0.43166300654411316], [0.3941686153411865], [0.4199889898300171], [0.3938180208206177], [0.31388822197914124], [0.40707719326019287], [0.4543876349925995], [0.42147576808929443], [0.42202186584472656], [0.4356255531311035], [0.4194263815879822], [0.5348647832870483]], "Y": [[0], [0], [0], [0], [0], [0], [0], [0], [0], [0], [0], [0]]}