{"X": [[0.09372119605541229], [0.08200111985206604], [0.08517139405012131], [0.0765480324625969], [0.10112228244543076], [0.08149009197950363], [0.256754070520401], [0.08315163105726242], [0.08351670950651169], [0.09556926041841507], [0.0833696722984314], [-0.3819325864315033]], "Y": [[0], [0], [0], [0], [0], [0], [0], [0], [0], [0], [0], [-1]]}