{"X": [[0.1470111608505249], [0.14045581221580505], [0.15046031773090363], [0.14720620214939117], [0.020794468000531197], [0.14814819395542145], [-0.502460777759552], [0.15625014901161194], [0.15602678060531616], [0.14550623297691345], [0.15455380082130432], [0.6064250469207764]], "Y": [[0], [0], [0], [0], [0], [0], [-1], [0], [0], [0], [0], [-1]]}