{"X": [[-0.08696690946817398], [-0.08110776543617249], [-0.08117953687906265], [-0.06782121956348419], [-0.12647472321987152], [-0.07706724107265472], [-0.26461881399154663], [-0.07810672372579575], [-0.0785004273056984], [-0.08871886134147644], [-0.07857896387577057], [1.051137924194336]], "Y": [[0], [0], [0], [0], [0], [0], [0], [0], [0], [0], [0], [-1]]}