{"X": [[-0.014780236408114433], [-0.027354996651411057], [-0.027454055845737457], [-0.038840703666210175], [0.02447778359055519], [-0.030362844467163086], [0.6566166877746582], [-0.030921543017029762], [-0.030265653505921364], [-0.012574947439134121], [-0.030044427141547203], [-0.29007622599601746]], "Y": [[0], [0], [0], [0], [0], [0], [-1], [0], [0], [0], [0], [0]]}