{"X": [[-0.023006508126854897], [-0.027061816304922104], [-0.027944820001721382], [-0.028927816078066826], [0.0037176143378019333], [-0.02884310483932495], [-0.12463768571615219], [-0.030118640512228012], [-0.029963629320263863], [-0.021877538412809372], [-0.029724562540650368], [-0.7029553055763245]], "Y": [[0], [0], [0], [0], [0], [0], [0], [0], [0], [0], [0], [-1]]}