{"X": [[0.217718705534935], [0.22459852695465088], [0.22104068100452423], [0.22158581018447876], [0.20876522362232208], [0.22385531663894653], [0.5279998779296875], [0.22268138825893402], [0.2226254791021347], [0.21555782854557037], [0.22300241887569427], [1.3849096298217773]], "Y": [[0], [0], [0], [0], [0], [0], [0], [0], [0], [0], [0], [-1]]}