{"X": [[0.03507953882217407], [0.030690116807818413], [0.037161700427532196], [0.04087520390748978], [0.0250120609998703], [0.03750897943973541], [0.02972366288304329], [0.03707394376397133], [0.03688395395874977], [0.03537214174866676], [0.03669331595301628], [1.100350022315979]], "Y": [[0], [0], [0], [0], [0], [0], [0], [0], [0], [0], [0], [-1]]}