{"X": [[-0.44103455543518066], [-0.3854160010814667], [-0.43766549229621887], [-0.3923715651035309], [-0.12279218435287476], [-0.4119266867637634], [1.3211239576339722], [-0.44597312808036804], [-0.4461660087108612], [-0.4455948770046234], [-0.44025588035583496], [0.45001086592674255]], "Y": [[0], [0], [0], [0], [0], [0], [-1], [0], [0], [0], [0], [0]]}