{"X": [[-0.24083709716796875], [-0.2594243586063385], [-0.24290364980697632], [-0.2519439458847046], [-0.3277947008609772], [-0.2482825368642807], [0.02714652381837368], [-0.2402777522802353], [-0.24016831815242767], [-0.2398986518383026], [-0.24168281257152557], [1.0976539850234985]], "Y": [[0], [0], [0], [0], [0], [0], [0], [0], [0], [0], [0], [-1]]}