{"X": [[-0.11446671187877655], [-0.1263917237520218], [-0.12473036348819733], [-0.13504156470298767], [-0.07965829223394394], [-0.1278039515018463], [0.5341312289237976], [-0.12808549404144287], [-0.12750345468521118], [-0.11223580688238144], [-0.12738730013370514], [-0.17056389153003693]], "Y": [[0], [0], [0], [0], [0], [0], [-1], [0], [0], [0], [0], [0]]}