{"X": [[0.12976773083209991], [0.12037908285856247], [0.12835928797721863], [0.12430904805660248], [0.10127834230661392], [0.12499470263719559], [-0.18356414139270782], [0.12832215428352356], [0.12829455733299255], [0.13083112239837646], [0.12769415974617004], [-0.018467960879206657]], "Y": [[0], [0], [0], [0], [0], [0], [-1], [0], [0], [0], [0], [-1]]}