{"X": [[0.2551411986351013], [0.2577568292617798], [0.257418692111969], [0.2604568898677826], [0.24938668310642242], [0.2593720555305481], [0.7488786578178406], [0.25839221477508545], [0.25836294889450073], [0.2539841830730438], [0.25848427414894104], [1.6127185821533203]], "Y": [[0], [0], [0], [0], [0], [0], [0], [0], [0], [0], [0], [-1]]}