{"X": [[-0.05125509202480316], [-0.0575493685901165], [-0.061074741184711456], [-0.06705576926469803], [0.022716820240020752], [-0.061389777809381485], [0.7592815160751343], [-0.06565737724304199], [-0.06507577747106552], [-0.04931763559579849], [-0.06435840576887131], [-0.015658363699913025]], "Y": [[0], [0], [0], [0], [0], [0], [-1], [0], [0], [0], [0], [0]]}