{"X": [[-1.0511270761489868], [-0.9531400203704834], [-1.041747808456421], [-0.9601741433143616], [-0.34468623995780945], [-0.9949293732643127], [3.741380214691162], [-1.0650508403778076], [-1.0649393796920776], [-1.0556455850601196], [-1.0533250570297241], [3.0538864135742188]], "Y": [[0], [0], [0], [0], [0], [0], [1], [0], [0], [0], [0], [1]]}