{"X": [[0.4229344129562378], [0.4239628314971924], [0.40694594383239746], [0.40750235319137573], [0.3979145288467407], [0.40741655230522156], [1.016722321510315], [0.40972813963890076], [0.4100530743598938], [0.4205474853515625], [0.4105812609195709], [-0.85610032081604]], "Y": [[0], [0], [0], [0], [0], [0], [0], [0], [0], [0], [0], [-1]]}