{"X": [[-0.0952339693903923], [-0.06836602091789246], [-0.09159612655639648], [-0.069711834192276], [0.07931450009346008], [-0.08030961453914642], [0.7628997564315796], [-0.09752301871776581], [-0.09765131026506424], [-0.09682851284742355], [-0.09458523243665695], [0.49830418825149536]], "Y": [[0], [0], [0], [0], [0], [0], [1], [0], [0], [0], [0], [1]]}