{"X": [[-0.4602421522140503], [-0.48279687762260437], [-0.46722444891929626], [-0.48398151993751526], [-0.5545246005058289], [-0.4764162302017212], [-1.0961041450500488], [-0.4653667211532593], [-0.4652091860771179], [-0.457972913980484], [-0.46670371294021606], [-1.3690413236618042]], "Y": [[0], [0], [0], [0], [0], [0], [1], [0], [0], [0], [0], [1]]}