{"X": [[-0.15583840012550354], [-0.15171122550964355], [-0.1617571860551834], [-0.15787610411643982], [-0.08671590685844421], [-0.15826556086540222], [0.9165675044059753], [-0.16396836936473846], [-0.1636291891336441], [-0.1558716595172882], [-0.1625511348247528], [0.4094095230102539]], "Y": [[0], [0], [0], [0], [0], [0], [-1], [0], [0], [0], [0], [-1]]}