{"X": [[0.03708294779062271], [0.03145824745297432], [0.026911582797765732], [0.021719252690672874], [0.12514756619930267], [0.027276692911982536], [1.111870527267456], [0.021766403689980507], [0.02244023233652115], [0.039084888994693756], [0.02330428548157215], [0.3299752473831177]], "Y": [[0], [0], [0], [0], [0], [0], [-1], [0], [0], [0], [0], [0]]}