{"X": [[0.3239322006702423], [0.3204559087753296], [0.32128968834877014], [0.31827807426452637], [0.36033281683921814], [0.3205150067806244], [0.6764416098594666], [0.31866583228111267], [0.3188823461532593], [0.3251717984676361], [0.31915244460105896], [0.5678873062133789]], "Y": [[0], [0], [0], [0], [0], [0], [1], [0], [0], [0], [0], [1]]}