{"X": [[0.094717837870121], [0.09606094658374786], [0.09758394211530685], [0.10543211549520493], [0.051318444311618805], [0.098656065762043], [0.10351990163326263], [0.10006541758775711], [0.09979674220085144], [0.09330282360315323], [0.09959018975496292], [1.0539590120315552]], "Y": [[0], [0], [0], [0], [0], [0], [0], [0], [0], [0], [0], [-1]]}