{"X": [[-0.23939475417137146], [-0.24072912335395813], [-0.24122293293476105], [-0.24047240614891052], [-0.2057746946811676], [-0.24041609466075897], [0.5853919982910156], [-0.24277062714099884], [-0.24252308905124664], [-0.23863565921783447], [-0.24227306246757507], [0.7109165191650391]], "Y": [[0], [0], [0], [0], [0], [0], [1], [0], [0], [0], [0], [1]]}