{"X": [[0.031409043818712234], [0.027798833325505257], [0.0317147932946682], [0.031019339337944984], [0.021043825894594193], [0.030212247744202614], [-0.34229138493537903], [0.031381942331790924], [0.03127562999725342], [0.031830184161663055], [0.031082574278116226], [-0.1972479671239853]], "Y": [[0], [0], [0], [0], [0], [0], [-1], [0], [0], [0], [0], [-1]]}