{"X": [[0.006154110189527273], [-0.00017236510757356882], [0.00010805236524902284], [-0.0073332879692316055], [0.040783580392599106], [-0.001490350579842925], [0.2855266034603119], [-0.002697558142244816], [-0.0023023560643196106], [0.007590271532535553], [-0.0020982089918106794], [-0.19183595478534698]], "Y": [[0], [0], [0], [0], [0], [0], [-1], [0], [0], [0], [0], [-1]]}