{"X": [[0.3792298138141632], [0.38886508345603943], [0.3815835416316986], [0.39093923568725586], [0.39935123920440674], [0.3858221173286438], [0.8459948301315308], [0.3820676803588867], [0.3819303810596466], [0.37741491198539734], [0.38272759318351746], [1.384307861328125]], "Y": [[0], [0], [0], [0], [0], [0], [-1], [0], [0], [0], [0], [-1]]}