{"X": [[-0.14602625370025635], [-0.16838392615318298], [-0.15307091176509857], [-0.16205237805843353], [-0.12562653422355652], [-0.15782810747623444], [1.0014692544937134], [-0.15693393349647522], [-0.15631650388240814], [-0.14176282286643982], [-0.15723544359207153], [1.5311449766159058]], "Y": [[0], [0], [0], [0], [0], [0], [1], [0], [0], [0], [0], [1]]}