{"X": [[0.2578369677066803], [0.2556540369987488], [0.2600988447666168], [0.25879618525505066], [0.19882315397262573], [0.2599477171897888], [0.5511353015899658], [0.26325294375419617], [0.2631781995296478], [0.25628700852394104], [0.2627275884151459], [1.7838267087936401]], "Y": [[0], [0], [0], [0], [0], [0], [0], [0], [0], [0], [0], [-1]]}