{"X": [[-0.026660261675715446], [-0.03555254265666008], [-0.035754431039094925], [-0.045024700462818146], [0.0011722422204911709], [-0.03776566684246063], [0.24381527304649353], [-0.03830494359135628], [-0.03783409669995308], [-0.025111792609095573], [-0.037712182849645615], [-0.493977427482605]], "Y": [[0], [0], [0], [0], [0], [0], [0], [0], [0], [0], [0], [-1]]}