{"X": [[-0.5285791158676147], [-0.5456985235214233], [-0.5346277952194214], [-0.5457752346992493], [-0.5758757591247559], [-0.5413343906402588], [-0.8005433678627014], [-0.534588098526001], [-0.5343978404998779], [-0.5262923836708069], [-0.5354215502738953], [-1.0602809190750122]], "Y": [[0], [0], [0], [0], [0], [0], [-1], [0], [0], [0], [0], [-1]]}