{"X": [[-0.2860226035118103], [-0.3242758810520172], [-0.3117232322692871], [-0.3332709074020386], [-0.2672065198421478], [-0.3206285536289215], [0.03168471157550812], [-0.31732359528541565], [-0.31599655747413635], [-0.2792271077632904], [-0.31713539361953735], [-1.918583631515503]], "Y": [[0], [0], [0], [0], [0], [0], [0], [0], [0], [0], [0], [-1]]}