{"X": [[0.19784492254257202], [0.1913287490606308], [0.19836705923080444], [0.19627222418785095], [0.17663176357746124], [0.19613608717918396], [-0.04279186576604843], [0.19819097220897675], [0.19807372987270355], [0.19831906259059906], [0.19769065082073212], [0.53583824634552]], "Y": [[0], [0], [0], [0], [0], [0], [-1], [0], [0], [0], [0], [-1]]}