{"X": [[0.15823538601398468], [0.14858084917068481], [0.14785505831241608], [0.13778924942016602], [0.2147047370672226], [0.14599864184856415], [1.1945812702178955], [0.14372825622558594], [0.14439769089221954], [0.16032613813877106], [0.14486151933670044], [0.5144031643867493]], "Y": [[0], [0], [0], [0], [0], [0], [-1], [0], [0], [0], [0], [0]]}