{"X": [[-0.6087350249290466], [-0.6279085278511047], [-0.620193600654602], [-0.6242393851280212], [-0.4785434305667877], [-0.622714638710022], [0.9855650663375854], [-0.629814088344574], [-0.6288189888000488], [-0.6023057103157043], [-0.6285816431045532], [0.5751279592514038]], "Y": [[0], [0], [0], [0], [0], [0], [1], [0], [0], [0], [0], [1]]}