{"X": [[0.019735870882868767], [0.019726581871509552], [0.013176706619560719], [0.010869956575334072], [0.14294669032096863], [0.015095265582203865], [1.3530701398849487], [0.006555527448654175], [0.007141571491956711], [0.021330101415514946], [0.008555473759770393], [0.9311184883117676]], "Y": [[0], [0], [0], [0], [0], [0], [1], [0], [0], [0], [0], [1]]}