{"X": [[0.2534734606742859], [0.23062562942504883], [0.24134588241577148], [0.21871303021907806], [0.1995469033718109], [0.2324109524488449], [0.7658215761184692], [0.2412683367729187], [0.24189946055412292], [0.2557975947856903], [0.24082216620445251], [0.15200187265872955]], "Y": [[0], [0], [0], [0], [0], [0], [-1], [0], [0], [0], [0], [0]]}