{"X": [[0.07283461838960648], [0.05026990920305252], [0.06025107949972153], [0.043381597846746445], [-0.04309537634253502], [0.0516558438539505], [-0.700564444065094], [0.06372366845607758], [0.06398093700408936], [0.07404442876577377], [0.06243528798222542], [-1.645371675491333]], "Y": [[0], [0], [0], [0], [0], [0], [-1], [0], [0], [0], [0], [-1]]}