{"X": [[-0.479187935590744], [-0.49106383323669434], [-0.4814744293689728], [-0.4879661798477173], [-0.4764116704463959], [-0.4836735129356384], [0.1821420043706894], [-0.48276934027671814], [-0.48247215151786804], [-0.47735655307769775], [-0.48305797576904297], [0.8148863911628723]], "Y": [[0], [0], [0], [0], [0], [0], [-1], [0], [0], [0], [0], [-1]]}