{"X": [[-0.28380170464515686], [-0.24805548787117004], [-0.2907654643058777], [-0.26172003149986267], [-0.002157941460609436], [-0.272722989320755], [2.2675530910491943], [-0.29958516359329224], [-0.2991504967212677], [-0.286331444978714], [-0.2943021059036255], [0.9552245140075684]], "Y": [[0], [0], [0], [0], [0], [0], [-1], [0], [0], [0], [0], [-1]]}