{"X": [[-0.38290393352508545], [-0.3105974495410919], [-0.379578560590744], [-0.3176603317260742], [0.15016478300094604], [-0.3447444438934326], [3.3131017684936523], [-0.3971918821334839], [-0.39709627628326416], [-0.38638532161712646], [-0.3882879316806793], [2.4614343643188477]], "Y": [[0], [0], [0], [0], [0], [0], [1], [0], [0], [0], [0], [1]]}