{"X": [[-0.0038914205506443977], [-0.00189643120393157], [-0.004561516456305981], [-0.0033130464144051075], [0.013838124461472034], [-0.0036366761196404696], [-0.33550170063972473], [-0.005423924885690212], [-0.005478682462126017], [-0.0040520792827010155], [-0.005113882012665272], [-0.6005208492279053]], "Y": [[0], [0], [0], [0], [0], [0], [-1], [0], [0], [0], [0], [-1]]}