{"X": [[0.3068292438983917], [0.29802995920181274], [0.3072200119495392], [0.29862654209136963], [0.20948533713817596], [0.30413195490837097], [0.26088231801986694], [0.3115469515323639], [0.31155458092689514], [0.30564743280410767], [0.31038644909858704], [1.2322367429733276]], "Y": [[0], [0], [0], [0], [0], [0], [0], [0], [0], [0], [0], [-1]]}