{"X": [[0.12302989512681961], [0.11487925797700882], [0.11950470507144928], [0.11555971950292587], [0.11406753957271576], [0.1167992427945137], [-0.14308089017868042], [0.11861499398946762], [0.11871881783008575], [0.12450722604990005], [0.11838962137699127], [-0.42389795184135437]], "Y": [[0], [0], [0], [0], [0], [0], [-1], [0], [0], [0], [0], [-1]]}