{"X": [[1.06515634059906], [0.9837497472763062], [1.03407621383667], [0.9696000218391418], [0.6660131216049194], [1.0016378164291382], [-1.3643711805343628], [1.0444198846817017], [1.0453355312347412], [1.0716772079467773], [1.0392377376556396], [-3.217474937438965]], "Y": [[0], [0], [0], [0], [0], [0], [-1], [0], [0], [0], [0], [-1]]}