{"X": [[-0.48097094893455505], [-0.43020325899124146], [-0.48258742690086365], [-0.4386615753173828], [-0.08019961416721344], [-0.45800894498825073], [2.708253860473633], [-0.4961484968662262], [-0.4958171844482422], [-0.48328980803489685], [-0.48929405212402344], [1.671643853187561]], "Y": [[0], [0], [0], [0], [0], [0], [1], [0], [0], [0], [0], [1]]}