{"X": [[0.1603209227323532], [0.13601014018058777], [0.14296068251132965], [0.12135472148656845], [0.12195463478565216], [0.13484276831150055], [0.558286190032959], [0.14232614636421204], [0.14307275414466858], [0.16278430819511414], [0.1422916054725647], [-0.6362876296043396]], "Y": [[0], [0], [0], [0], [0], [0], [0], [0], [0], [0], [0], [-1]]}