{"X": [[-0.06467044353485107], [-0.09052623808383942], [-0.0681072324514389], [-0.08496235311031342], [-0.1970595270395279], [-0.07689068466424942], [-0.6371082067489624], [-0.06453567743301392], [-0.06451079994440079], [-0.06316284835338593], [-0.0667409673333168], [0.15633530914783478]], "Y": [[0], [0], [0], [0], [0], [0], [-1], [0], [0], [0], [0], [0]]}