{"X": [[0.1862208992242813], [0.166257843375206], [0.1743330955505371], [0.15473094582557678], [0.15686705708503723], [0.16718252003192902], [0.7460328936576843], [0.17341747879981995], [0.17407095432281494], [0.18851631879806519], [0.17335373163223267], [0.10231326520442963]], "Y": [[0], [0], [0], [0], [0], [0], [-1], [0], [0], [0], [0], [0]]}