{"X": [[-0.21445150673389435], [-0.20691229403018951], [-0.20772050321102142], [-0.1918371617794037], [-0.2446959912776947], [-0.20254044234752655], [-0.3475953936576843], [-0.20486681163311005], [-0.20528647303581238], [-0.2161819040775299], [-0.20522698760032654], [1.0442320108413696]], "Y": [[0], [0], [0], [0], [0], [0], [0], [0], [0], [0], [0], [-1]]}