{"X": [[0.10484720021486282], [0.07683109492063522], [0.09740428626537323], [0.0818188264966011], [0.05018012970685959], [0.08923979103565216], [0.7469728589057922], [0.09683253616094589], [0.09727845340967178], [0.10816676914691925], [0.09552862495183945], [1.399806022644043]], "Y": [[0], [0], [0], [0], [0], [0], [-1], [0], [0], [0], [0], [-1]]}