{"X": [[-0.0016644904389977455], [-0.0038241036236286163], [-0.0011042430996894836], [-0.001058389083482325], [-0.002360703656449914], [-0.002047637477517128], [-0.3443903923034668], [-0.001787746325135231], [-0.0018935917178168893], [-0.001239669625647366], [-0.0019394352566450834], [-0.2572951316833496]], "Y": [[0], [0], [0], [0], [0], [0], [1], [0], [0], [0], [0], [1]]}