{"X": [[0.1869388371706009], [0.1711597591638565], [0.18351687490940094], [0.17315270006656647], [0.10919927805662155], [0.1774989664554596], [-0.5519220232963562], [0.18537229299545288], [0.18538779020309448], [0.18840673565864563], [0.18414410948753357], [-0.60932457447052]], "Y": [[0], [0], [0], [0], [0], [0], [1], [0], [0], [0], [0], [1]]}