{"X": [[-0.6969555020332336], [-0.6698261499404907], [-0.687599241733551], [-0.6640243530273438], [-0.5307363867759705], [-0.6745887398719788], [0.036533936858177185], [-0.6929669976234436], [-0.69325852394104], [-0.6982575058937073], [-0.690331757068634], [1.1060577630996704]], "Y": [[0], [0], [0], [0], [0], [0], [0], [0], [0], [0], [0], [-1]]}