{"X": [[0.3743346631526947], [0.33952122926712036], [0.3427717089653015], [0.3163675367832184], [0.2899017632007599], [0.33302202820777893], [0.8582669496536255], [0.344340980052948], [0.3456714153289795], [0.3775350749492645], [0.3441345989704132], [-1.846409797668457]], "Y": [[0], [0], [0], [0], [0], [0], [0], [0], [0], [0], [0], [-1]]}