{"X": [[0.1847870945930481], [0.17013587057590485], [0.18393577635288239], [0.1737069934606552], [0.07321716099977493], [0.1790817230939865], [0.1323188841342926], [0.18828438222408295], [0.1883085072040558], [0.18439047038555145], [0.18672427535057068], [1.1448519229888916]], "Y": [[0], [0], [0], [0], [0], [0], [0], [0], [0], [0], [0], [-1]]}