{"X": [[-0.1512715071439743], [-0.16719520092010498], [-0.1566339135169983], [-0.17185233533382416], [-0.2245083600282669], [-0.16263903677463531], [-0.846217691898346], [-0.15492784976959229], [-0.15475615859031677], [-0.14981406927108765], [-0.1559440940618515], [-1.1146471500396729]], "Y": [[0], [0], [0], [0], [0], [0], [1], [0], [0], [0], [0], [1]]}