{"X": [[0.49385562539100647], [0.5075065493583679], [0.49923837184906006], [0.5115859508514404], [0.5155252814292908], [0.5062697529792786], [1.0532828569412231], [0.5003272294998169], [0.5001621842384338], [0.4916491210460663], [0.5009856820106506], [2.1272284984588623]], "Y": [[0], [0], [0], [0], [0], [0], [0], [0], [0], [0], [0], [-1]]}