{"X": [[-0.5308724045753479], [-0.5502352714538574], [-0.5371244549751282], [-0.5507031083106995], [-0.6017912030220032], [-0.5447764992713928], [-1.0396993160247803], [-0.5360828042030334], [-0.5359389185905457], [-0.5287042856216431], [-0.5371406674385071], [-1.3037759065628052]], "Y": [[0], [0], [0], [0], [0], [0], [1], [0], [0], [0], [0], [1]]}