{"X": [[-0.8574524521827698], [-0.8509098291397095], [-0.8543914556503296], [-0.8459241986274719], [-0.7626813650131226], [-0.849753201007843], [-0.07004459202289581], [-0.8584561944007874], [-0.8583570718765259], [-0.8566527962684631], [-0.8572385907173157], [0.40525418519973755]], "Y": [[0], [0], [0], [0], [0], [0], [-1], [0], [0], [0], [0], [-1]]}