{"X": [[-0.004263246897608042], [-0.008593857288360596], [-0.01004515215754509], [-0.015823369845747948], [0.046597156673669815], [-0.010719144716858864], [0.46391257643699646], [-0.01343546248972416], [-0.013038785196840763], [-0.0028653915505856276], [-0.012562570162117481], [0.006734882481396198]], "Y": [[0], [0], [0], [0], [0], [0], [-1], [0], [0], [0], [0], [0]]}