{"X": [[0.0002718496834859252], [0.013099187053740025], [0.0058251251466572285], [0.01973915658891201], [0.06605809926986694], [0.013068556785583496], [0.47359320521354675], [0.00409817136824131], [0.0038893220480531454], [-0.0008606141782365739], [0.0052214148454368114], [1.5038745403289795]], "Y": [[0], [0], [0], [0], [0], [0], [0], [0], [0], [0], [0], [-1]]}