{"X": [[0.15627481043338776], [0.14506055414676666], [0.15497460961341858], [0.15041635930538177], [0.11299176514148712], [0.15106849372386932], [-0.24307014048099518], [0.1554691046476364], [0.1553967446088791], [0.15739043056964874], [0.154605895280838], [0.0675366073846817]], "Y": [[0], [0], [0], [0], [0], [0], [-1], [0], [0], [0], [0], [0]]}