{"X": [[-0.062482140958309174], [-0.06359611451625824], [-0.0614173524081707], [-0.06035768240690231], [-0.06493611633777618], [-0.06187283620238304], [-0.4503294825553894], [-0.06179235130548477], [-0.06191985681653023], [-0.06222301349043846], [-0.06193007901310921], [-0.29839906096458435]], "Y": [[0], [0], [0], [0], [0], [0], [-1], [0], [0], [0], [0], [-1]]}