{"X": [[0.1426209658384323], [0.19036266207695007], [0.14373229444026947], [0.18102431297302246], [0.41311001777648926], [0.16560930013656616], [1.7636682987213135], [0.13680359721183777], [0.13670381903648376], [0.13833081722259521], [0.14181427657604218], [0.7943806648254395]], "Y": [[0], [0], [0], [0], [0], [0], [-1], [0], [0], [0], [0], [0]]}