{"X": [[0.4324800670146942], [0.45175686478614807], [0.4376777410507202], [0.4540816843509674], [0.5145578384399414], [0.4468161165714264], [1.324062466621399], [0.43630942702293396], [0.43619781732559204], [0.43058380484580994], [0.43788063526153564], [2.0208349227905273]], "Y": [[0], [0], [0], [0], [0], [0], [-1], [0], [0], [0], [0], [-1]]}