{"X": [[0.25422143936157227], [0.24513091146945953], [0.2530371844768524], [0.250766783952713], [0.2414533793926239], [0.25069063901901245], [0.2987035810947418], [0.2522623836994171], [0.2522478699684143], [0.2554633617401123], [0.25178879499435425], [0.7933891415596008]], "Y": [[0], [0], [0], [0], [0], [0], [0], [0], [0], [0], [0], [-1]]}