{"X": [[0.17962384223937988], [0.18976247310638428], [0.18380896747112274], [0.19423536956310272], [0.27292630076408386], [0.19035327434539795], [1.1284890174865723], [0.18019534647464752], [0.18024909496307373], [0.1791738122701645], [0.18162131309509277], [2.0958712100982666]], "Y": [[0], [0], [0], [0], [0], [0], [-1], [0], [0], [0], [0], [-1]]}