{"X": [[-0.21943415701389313], [-0.2137945592403412], [-0.21460172533988953], [-0.20761939883232117], [-0.25749072432518005], [-0.2114189714193344], [-0.6799938082695007], [-0.2118237167596817], [-0.21210509538650513], [-0.22094491124153137], [-0.21223337948322296], [0.05075545981526375]], "Y": [[0], [0], [0], [0], [0], [0], [-1], [0], [0], [0], [0], [0]]}