{"X": [[-0.4530772566795349], [-0.43363291025161743], [-0.4444313943386078], [-0.41690343618392944], [-0.3850380480289459], [-0.43398144841194153], [-0.28347453474998474], [-0.4452503025531769], [-0.44570833444595337], [-0.4543788731098175], [-0.44431063532829285], [0.7558131814002991]], "Y": [[0], [0], [0], [0], [0], [0], [0], [0], [0], [0], [0], [-1]]}