{"X": [[-0.033508576452732086], [-0.03796395659446716], [-0.03768659383058548], [-0.038572758436203], [-0.01945524290204048], [-0.038476645946502686], [-0.24181458353996277], [-0.039125025272369385], [-0.039030879735946655], [-0.03249095007777214], [-0.03894533962011337], [-0.6937049031257629]], "Y": [[0], [0], [0], [0], [0], [0], [0], [0], [0], [0], [0], [-1]]}