{"X": [[0.10257740318775177], [0.1058531254529953], [0.10270434617996216], [0.10817323625087738], [0.1919155716896057], [0.10521257668733597], [0.9542403221130371], [0.09808298200368881], [0.09822665899991989], [0.10362787544727325], [0.09925103187561035], [1.2087652683258057]], "Y": [[0], [0], [0], [0], [0], [0], [1], [0], [0], [0], [0], [1]]}