{"X": [[-0.12696336209774017], [-0.13772302865982056], [-0.13619005680084229], [-0.14549969136714935], [-0.08386119455099106], [-0.1389177441596985], [0.6340262293815613], [-0.13987983763217926], [-0.1393299102783203], [-0.12478061765432358], [-0.13910381495952606], [0.07009883224964142]], "Y": [[0], [0], [0], [0], [0], [0], [-1], [0], [0], [0], [0], [0]]}