{"X": [[-1.0300464630126953], [-0.9532535076141357], [-1.0079262256622314], [-0.941440999507904], [-0.5793293714523315], [-0.9722259044647217], [1.5471782684326172], [-1.0217550992965698], [-1.0223827362060547], [-1.034207820892334], [-1.0142606496810913], [3.8207147121429443]], "Y": [[0], [0], [0], [0], [0], [0], [-1], [0], [0], [0], [0], [-1]]}