{"X": [[-0.08181051909923553], [-0.0675206258893013], [-0.08045569062232971], [-0.06859216839075089], [0.021892918273806572], [-0.07436014711856842], [0.24902693927288055], [-0.08433357626199722], [-0.08442503213882446], [-0.08252954483032227], [-0.08265697211027145], [-0.012067468836903572]], "Y": [[0], [0], [0], [0], [0], [0], [-1], [0], [0], [0], [0], [0]]}