{"X": [[0.2939905524253845], [0.30322614312171936], [0.29709234833717346], [0.3085078001022339], [0.31088733673095703], [0.3010932207107544], [0.7902068495750427], [0.29748860001564026], [0.29730212688446045], [0.29220446944236755], [0.2980029582977295], [1.522167444229126]], "Y": [[0], [0], [0], [0], [0], [0], [-1], [0], [0], [0], [0], [-1]]}