{"X": [[0.013908453285694122], [0.010456445626914501], [0.015559409745037556], [0.01035616546869278], [-0.07750916481018066], [0.013616818003356457], [-0.32863563299179077], [0.02018909342586994], [0.020109808072447777], [0.012263447046279907], [0.01916048862040043], [0.3088986873626709]], "Y": [[0], [0], [0], [0], [0], [0], [-1], [0], [0], [0], [0], [-1]]}