{"X": [[-0.19653117656707764], [-0.19189217686653137], [-0.1898501217365265], [-0.17371799051761627], [-0.24027293920516968], [-0.18558594584465027], [-0.41206443309783936], [-0.18665240705013275], [-0.18712548911571503], [-0.19796554744243622], [-0.18723267316818237], [1.148151159286499]], "Y": [[0], [0], [0], [0], [0], [0], [0], [0], [0], [0], [0], [-1]]}