{"X": [[-0.13292905688285828], [-0.14464695751667023], [-0.14088459312915802], [-0.14628593623638153], [-0.13841497898101807], [-0.14496302604675293], [-0.3500910997390747], [-0.14236363768577576], [-0.1421542912721634], [-0.13111986219882965], [-0.14238499104976654], [-1.0872865915298462]], "Y": [[0], [0], [0], [0], [0], [0], [0], [0], [0], [0], [0], [-1]]}