{"X": [[-0.16861273348331451], [-0.14969640970230103], [-0.17173200845718384], [-0.15224705636501312], [0.019016867503523827], [-0.16170968115329742], [0.8934576511383057], [-0.17902423441410065], [-0.17888538539409637], [-0.16882580518722534], [-0.17596134543418884], [0.1207844540476799]], "Y": [[0], [0], [0], [0], [0], [0], [-1], [0], [0], [0], [0], [0]]}