{"X": [[-0.48159146308898926], [-0.46307840943336487], [-0.4740169644355774], [-0.45601627230644226], [-0.373385488986969], [-0.46485620737075806], [0.20211194455623627], [-0.4774259030818939], [-0.47769489884376526], [-0.48290887475013733], [-0.47565215826034546], [1.4767327308654785]], "Y": [[0], [0], [0], [0], [0], [0], [0], [0], [0], [0], [0], [-1]]}