{"X": [[-0.06667023152112961], [-0.08356623351573944], [-0.0804993286728859], [-0.09491981565952301], [-0.05842519551515579], [-0.08516620099544525], [0.38624584674835205], [-0.08277752250432968], [-0.08213870972394943], [-0.0644020289182663], [-0.08230341970920563], [-0.5942597985267639]], "Y": [[0], [0], [0], [0], [0], [0], [-1], [0], [0], [0], [0], [-1]]}