{"X": [[-0.2133886218070984], [-0.19585974514484406], [-0.208838552236557], [-0.1942186802625656], [-0.1269221305847168], [-0.20129503309726715], [-0.030766969546675682], [-0.21116246283054352], [-0.21136464178562164], [-0.2146563082933426], [-0.20968186855316162], [0.11368615925312042]], "Y": [[0], [0], [0], [0], [0], [0], [0], [0], [0], [0], [0], [-1]]}