{"X": [[0.05575912818312645], [0.04399792104959488], [0.0501374714076519], [0.045220620930194855], [0.04910975694656372], [0.046065837144851685], [-0.012532350607216358], [0.04863271862268448], [0.048830267041921616], [0.057903535664081573], [0.04840311408042908], [-0.3876713812351227]], "Y": [[0], [0], [0], [0], [0], [0], [0], [0], [0], [0], [0], [-1]]}