{"X": [[0.11265064030885696], [0.08750057965517044], [0.10391828417778015], [0.08454061299562454], [0.03841440752148628], [0.09436928480863571], [0.4130510687828064], [0.1045563742518425], [0.10501225292682648], [0.11525645107030869], [0.10340603440999985], [0.31843042373657227]], "Y": [[0], [0], [0], [0], [0], [0], [1], [0], [0], [0], [0], [1]]}