{"X": [[0.051678918302059174], [0.055036768317222595], [0.05739889293909073], [0.06962864100933075], [0.0029696982819586992], [0.06076360493898392], [-0.04063219577074051], [0.060557469725608826], [0.06016138195991516], [0.04999212920665741], [0.05992264300584793], [1.5191036462783813]], "Y": [[0], [0], [0], [0], [0], [0], [0], [0], [0], [0], [0], [-1]]}