{"X": [[-0.029481777921319008], [-0.010084135457873344], [-0.028618497774004936], [-0.01281246542930603], [0.10921047627925873], [-0.019982844591140747], [0.5191218256950378], [-0.03349897637963295], [-0.0335819236934185], [-0.030650293454527855], [-0.031153332442045212], [0.1040896475315094]], "Y": [[0], [0], [0], [0], [0], [0], [-1], [0], [0], [0], [0], [0]]}