{"X": [[0.24222904443740845], [0.2524297833442688], [0.24648772180080414], [0.2600366473197937], [0.2567732632160187], [0.2514285743236542], [0.7559083700180054], [0.2472623586654663], [0.24702169001102448], [0.2402580976486206], [0.24774710834026337], [1.7431042194366455]], "Y": [[0], [0], [0], [0], [0], [0], [0], [0], [0], [0], [0], [-1]]}