{"X": [[0.06546850502490997], [0.0639689490199089], [0.06636325269937515], [0.06647156178951263], [0.07177995145320892], [0.06535676121711731], [-0.19618487358093262], [0.06522737443447113], [0.06511470675468445], [0.0657787024974823], [0.06520920991897583], [-0.00771512184292078]], "Y": [[0], [0], [0], [0], [0], [0], [-1], [0], [0], [0], [0], [0]]}