{"X": [[0.14935316145420074], [0.13809940218925476], [0.1468055695295334], [0.14019373059272766], [0.10970684140920639], [0.14237183332443237], [-0.28991684317588806], [0.14708645641803741], [0.14710089564323425], [0.15060639381408691], [0.1463460624217987], [-0.3163185715675354]], "Y": [[0], [0], [0], [0], [0], [0], [1], [0], [0], [0], [0], [1]]}