{"X": [[0.0694250538945198], [0.07319962233304977], [0.07113414257764816], [0.07871261984109879], [0.1486167311668396], [0.07447783648967743], [1.0452611446380615], [0.06733927130699158], [0.0673796683549881], [0.06995818018913269], [0.06836382299661636], [1.858100175857544]], "Y": [[0], [0], [0], [0], [0], [0], [-1], [0], [0], [0], [0], [-1]]}