{"X": [[0.10819273442029953], [0.10445255041122437], [0.10889271646738052], [0.1076640635728836], [0.09584464132785797], [0.10736973583698273], [-0.23757688701152802], [0.10859589278697968], [0.1084897518157959], [0.10861904919147491], [0.1082664504647255], [0.03415496274828911]], "Y": [[0], [0], [0], [0], [0], [0], [-1], [0], [0], [0], [0], [0]]}