{"X": [[-0.06000998616218567], [-0.06933838874101639], [-0.07086052000522614], [-0.08066727966070175], [-0.0187446977943182], [-0.0727219507098198], [0.40127477049827576], [-0.07409492880105972], [-0.07352229952812195], [-0.05830058455467224], [-0.07317425310611725], [-0.49695298075675964]], "Y": [[0], [0], [0], [0], [0], [0], [-1], [0], [0], [0], [0], [-1]]}