{"X": [[-0.18735116720199585], [-0.18464839458465576], [-0.18969975411891937], [-0.1873970776796341], [-0.15444284677505493], [-0.18808713555335999], [0.6446535587310791], [-0.1906542032957077], [-0.19042810797691345], [-0.18736816942691803], [-0.18985076248645782], [0.5679745078086853]], "Y": [[0], [0], [0], [0], [0], [0], [1], [0], [0], [0], [0], [1]]}