{"X": [[-58.67768096923828], [-23.8883113861084], [-83.10416412353516], [-70.09955596923828], [304.8008117675781], [-45.309471130371094], [3117.5927734375], [-88.85921478271484], [-88.2552261352539], [-51.613685607910156], [-86.2933578491211], [150.79095458984375]], "Y": [[0], [0], [0], [0], [0], [0], [-1], [0], [0], [0], [0], [0]]}