{"X": [[109.05001068115234], [138.50753784179688], [139.84457397460938], [177.83486938476562], [1.9595584869384766], [133.60610961914062], [-972.7459106445312], [146.38772583007812], [145.21237182617188], [99.86812591552734], [145.55758666992188], [553.0862426757812]], "Y": [[0], [0], [0], [0], [0], [0], [-1], [0], [0], [0], [0], [0]]}